ts,symbol,price,qty,side,aggId
1766116569244,BTCUSDT,87296.82,0.0015,buy,29346295
1766116610618,BTCUSDT,86747.24,0.00149,sell,29346296
1766116864010,BTCUSDT,87025.7,0.00171,buy,29346297
1766116865055,BTCUSDT,87025.7,0.00027,buy,29346298
1766116865140,BTCUSDT,87025.7,0.01137,buy,29346299
1766116867093,BTCUSDT,87156.51,0.00027,buy,29346300
1766116890267,BTCUSDT,87156.38,0.01089,buy,29346301
1766116955371,BTCUSDT,86903.09,0.0004,sell,29346302
1766117060515,BTCUSDT,87182.6,0.00046,buy,29346303
1766117090351,BTCUSDT,87181.23,2e-05,buy,29346304
1766117180314,BTCUSDT,87178.59,6e-05,buy,29346305
1766117255315,BTCUSDT,87176.37,0.00057,buy,29346306
1766117365403,BTCUSDT,87173.67,0.00042,buy,29346307
1766117467908,BTCUSDT,87172.88,0.01141,buy,29346308
1766117467908,BTCUSDT,87172.9,0.01282,buy,29346309
1766117552081,BTCUSDT,87343.4,6e-05,buy,29346310
1766117615299,BTCUSDT,87342.58,0.00011,buy,29346311
1766117638387,BTCUSDT,87341.97,0.00011,buy,29346312
1766117687065,BTCUSDT,87399.26,0.00086,buy,29346313
1766117687065,BTCUSDT,87399.27,0.00014,buy,29346314
1766117718794,BTCUSDT,87398.95,0.00042,buy,29346315
1766117874562,BTCUSDT,87397.0,0.00236,buy,29346316
1766117886379,BTCUSDT,87053.23,0.00058,sell,29346317
1766117896711,BTCUSDT,87396.81,0.00166,buy,29346318
1766117974812,BTCUSDT,87057.01,9e-05,sell,29346319
1766118006863,BTCUSDT,87058.39,0.00011,sell,29346320
1766118085992,BTCUSDT,87100.0,0.05565,buy,29346321
1766118419202,BTCUSDT,87254.88,0.00011,buy,29346322
1766119521993,BTCUSDT,87218.08,0.00249,buy,29346323
1766119741064,BTCUSDT,86897.94,0.00031,sell,29346324
1766119848418,BTCUSDT,86902.48,0.00062,sell,29346325
1766119918176,BTCUSDT,87203.75,0.0011,buy,29346326
1766120103049,BTCUSDT,87189.7,0.00011,buy,29346327
1766120435305,BTCUSDT,87099.99,6e-05,buy,29346328
1766120447182,BTCUSDT,86930.03,0.01663,sell,29346329
1766120493784,BTCUSDT,87040.0,0.055,buy,29346330
1766120510483,BTCUSDT,87171.41,0.00017,buy,29346331
1766120660471,BTCUSDT,87169.26,0.0004,buy,29346332
1766120660480,BTCUSDT,87169.26,0.00114,buy,29346333
1766120690415,BTCUSDT,87168.78,0.00114,buy,29346334
1766120765344,BTCUSDT,87167.59,0.00023,buy,29346335
1766120802546,BTCUSDT,86936.95,0.01037,sell,29346336
1766120802774,BTCUSDT,86936.67,0.00459,sell,29346337
1766120802994,BTCUSDT,86936.67,0.01007,sell,29346338
1766120803219,BTCUSDT,86928.78,0.02527,sell,29346339
1766120803446,BTCUSDT,86928.78,0.01907,sell,29346340
1766121050412,BTCUSDT,87108.94,6e-05,buy,29346341
1766121702623,BTCUSDT,86808.85,0.00845,sell,29346342
1766121702732,BTCUSDT,86808.85,0.00021,sell,29346343
1766121728779,BTCUSDT,86780.86,0.00021,sell,29346344
1766121813884,BTCUSDT,87001.69,0.00439,buy,29346345
1766122076715,BTCUSDT,86751.88,0.01028,sell,29346346
1766122138950,BTCUSDT,86751.9,0.00645,sell,29346347
1766122143034,BTCUSDT,86751.9,0.00716,sell,29346348
1766122143257,BTCUSDT,86747.16,2e-05,sell,29346349
1766122381010,BTCUSDT,86732.25,0.00972,sell,29346350
1766122439792,BTCUSDT,86941.43,5e-05,buy,29346351
1766122707771,BTCUSDT,86800.0,0.02,buy,29346352
1766123122408,BTCUSDT,86636.93,0.0025,sell,29346353
1766123284239,BTCUSDT,87051.95,0.00433,buy,29346354
1766123519380,BTCUSDT,87050.26,0.0094,buy,29346355
1766123519380,BTCUSDT,87050.27,0.0166,buy,29346356
1766123519380,BTCUSDT,87050.3,0.01644,buy,29346357
1766123519380,BTCUSDT,87050.31,0.00667,buy,29346358
1766123519380,BTCUSDT,87050.32,0.00834,buy,29346359
1766123520563,BTCUSDT,87050.25,0.01439,buy,29346360
1766123520563,BTCUSDT,87050.32,0.00542,buy,29346361
1766123520563,BTCUSDT,87050.33,0.00824,buy,29346362
1766123531569,BTCUSDT,87122.69,0.0353,buy,29346363
1766123531569,BTCUSDT,87122.7,0.00704,buy,29346364
1766123533000,BTCUSDT,87171.7,0.02794,buy,29346365
1766123544652,BTCUSDT,87171.71,7e-05,buy,29346366
1766123544652,BTCUSDT,87223.54,0.0002,buy,29346367
1766124667502,BTCUSDT,87206.73,2e-05,buy,29346368
1766124723763,BTCUSDT,87205.64,0.00017,buy,29346369
1766124729674,BTCUSDT,87205.57,6e-05,buy,29346370
1766124800447,BTCUSDT,87203.98,3e-05,buy,29346371
1766124815350,BTCUSDT,87203.55,0.00011,buy,29346372
1766124877569,BTCUSDT,87202.31,0.00023,buy,29346373
1766125002892,BTCUSDT,87199.01,0.00114,buy,29346374
1766125008581,BTCUSDT,86933.18,2e-05,sell,29346375
1766125008581,BTCUSDT,86933.17,0.00181,sell,29346376
1766125134136,BTCUSDT,86934.08,0.01312,sell,29346377
1766125137302,BTCUSDT,86934.08,0.01503,sell,29346378
1766126045394,BTCUSDT,87155.19,0.00057,buy,29346379
1766126045615,BTCUSDT,86831.62,0.00021,sell,29346380
1766126054449,BTCUSDT,86831.85,0.00021,sell,29346381
1766126119734,BTCUSDT,86834.54,0.00021,sell,29346382
1766126119855,BTCUSDT,86834.56,0.00021,sell,29346383
1766126225305,BTCUSDT,87152.24,6e-05,buy,29346384
1766126436174,BTCUSDT,86848.15,0.00016,sell,29346385
1766126494867,BTCUSDT,86851.24,0.00021,sell,29346386
1766126495010,BTCUSDT,86851.21,0.00021,sell,29346387
1766126705378,BTCUSDT,87144.71,2e-05,buy,29346388
1766127264578,BTCUSDT,87144.7,0.01964,buy,29346389
1766127272299,BTCUSDT,87144.67,0.01541,buy,29346390
1766127296466,BTCUSDT,87144.67,0.00648,buy,29346391
1766127298472,BTCUSDT,87144.67,0.00078,buy,29346392
1766127301141,BTCUSDT,87144.67,0.00967,buy,29346393
1766127301141,BTCUSDT,87144.68,0.01399,buy,29346394
1766127301141,BTCUSDT,87144.71,0.00033,buy,29346395
1766127301478,BTCUSDT,87152.22,0.00034,buy,29346396
1766127301760,BTCUSDT,87152.22,0.02825,buy,29346397
1766127301760,BTCUSDT,87152.23,0.01133,buy,29346398
1766127301760,BTCUSDT,87152.24,0.04033,buy,29346399
1766127302292,BTCUSDT,87152.21,0.02859,buy,29346400
1766127306512,BTCUSDT,87234.28,0.01147,buy,29346401
1766127306931,BTCUSDT,87234.29,0.00183,buy,29346402
1766127307175,BTCUSDT,87234.29,0.00145,buy,29346403
1766127307936,BTCUSDT,87258.96,6e-05,buy,29346404
1766127308467,BTCUSDT,87258.96,1e-05,buy,29346405
1766127308942,BTCUSDT,87263.0,2e-05,buy,29346406
1766127308980,BTCUSDT,87262.99,0.03085,buy,29346407
1766127325337,BTCUSDT,87416.88,0.0002,buy,29346408
1766127325553,BTCUSDT,87413.32,0.00071,buy,29346409
1766127597184,BTCUSDT,87416.88,0.00018,buy,29346410
1766127612230,BTCUSDT,87545.18,0.00012,buy,29346411
1766127612713,BTCUSDT,87545.18,1e-05,buy,29346412
1766127613250,BTCUSDT,87574.47,0.00031,buy,29346413
1766127613312,BTCUSDT,87601.63,0.00038,buy,29346414
1766127621079,BTCUSDT,87645.64,4e-05,buy,29346415
1766127622755,BTCUSDT,87645.64,3e-05,buy,29346416
1766127665351,BTCUSDT,87705.26,0.00011,buy,29346417
1766127684134,BTCUSDT,87705.18,0.06841,buy,29346418
1766127695492,BTCUSDT,87422.67,0.00109,sell,29346419
1766127714438,BTCUSDT,87423.39,0.00171,sell,29346420
1766127714438,BTCUSDT,87423.38,0.00036,sell,29346421
1766127721357,BTCUSDT,87423.61,0.00225,sell,29346422
1766127770419,BTCUSDT,87703.68,6e-05,buy,29346423
1766127787501,BTCUSDT,87426.05,0.0019,sell,29346424
1766127812035,BTCUSDT,87703.58,0.001,buy,29346425
1766127814478,BTCUSDT,87705.66,0.00031,buy,29346426
1766127816991,BTCUSDT,87778.41,0.00012,buy,29346427
1766127826660,BTCUSDT,87466.02,0.00176,sell,29346428
1766127843215,BTCUSDT,87467.06,0.00245,sell,29346429
1766127844380,BTCUSDT,87778.84,2e-05,buy,29346430
1766127846511,BTCUSDT,87783.55,0.00025,buy,29346431
1766127846720,BTCUSDT,87783.55,1e-05,buy,29346432
1766127847517,BTCUSDT,87785.68,6e-05,buy,29346433
1766127945068,BTCUSDT,87785.68,1e-05,buy,29346434
1766127953141,BTCUSDT,87838.81,0.00053,buy,29346435
1766127970856,BTCUSDT,87845.13,0.00029,buy,29346436
1766127972862,BTCUSDT,87845.13,1e-05,buy,29346437
1766127987125,BTCUSDT,87891.23,5e-05,buy,29346438
1766127987853,BTCUSDT,87899.92,0.00156,buy,29346439
1766127988379,BTCUSDT,87910.85,0.00088,buy,29346440
1766127998293,BTCUSDT,87919.92,0.0038,buy,29346441
1766128122212,BTCUSDT,87952.88,0.00036,buy,29346442
1766128127371,BTCUSDT,87657.06,0.00105,sell,29346443
1766128144763,BTCUSDT,87658.04,0.00082,sell,29346444
1766128158462,BTCUSDT,87671.33,0.00194,sell,29346445
1766128170299,BTCUSDT,87952.88,2e-05,buy,29346446
1766128170299,BTCUSDT,87989.28,0.00192,buy,29346447
1766128243022,BTCUSDT,88000.0,0.00461,buy,29346448
1766128243022,BTCUSDT,88018.99,0.01144,buy,29346449
1766128243022,BTCUSDT,88019.0,0.08641,buy,29346450
1766128250439,BTCUSDT,88072.75,6e-05,buy,29346451
1766128250828,BTCUSDT,88072.75,0.00164,buy,29346452
1766128250829,BTCUSDT,88072.79,0.00013,buy,29346453
1766128251427,BTCUSDT,88072.74,0.00019,buy,29346454
1766128251834,BTCUSDT,88093.18,0.00051,buy,29346455
1766128252028,BTCUSDT,88093.62,0.00074,buy,29346456
1766128254048,BTCUSDT,88160.98,0.00027,buy,29346457
1766128259545,BTCUSDT,88168.56,0.00084,buy,29346458
1766128260294,BTCUSDT,88222.85,0.00124,buy,29346459
1766128262739,BTCUSDT,88222.86,0.00026,buy,29346460
1766128264221,BTCUSDT,88251.73,0.00037,buy,29346461
1766128265350,BTCUSDT,88286.25,0.00113,buy,29346462
1766128277007,BTCUSDT,88286.15,0.00169,buy,29346463
1766128277007,BTCUSDT,88286.22,0.00583,buy,29346464
1766128295273,BTCUSDT,88286.26,0.00011,buy,29346465
1766128298974,BTCUSDT,88168.88,0.00023,sell,29346466
1766128310583,BTCUSDT,88286.26,0.0002,buy,29346467
1766128310583,BTCUSDT,88312.39,7e-05,buy,29346468
1766128310583,BTCUSDT,88323.46,0.00131,buy,29346469
1766128310583,BTCUSDT,88327.67,0.0655,buy,29346470
1766128315472,BTCUSDT,88448.85,8e-05,buy,29346471
1766128428370,BTCUSDT,88171.52,0.00063,sell,29346472
1766128454190,BTCUSDT,88171.75,0.00509,sell,29346473
1766128458215,BTCUSDT,88171.75,0.00215,sell,29346474
1766128462867,BTCUSDT,88171.75,0.00086,sell,29346475
1766128465357,BTCUSDT,88171.75,0.00086,sell,29346476
1766128465963,BTCUSDT,88171.75,0.00086,sell,29346477
1766128466365,BTCUSDT,88171.75,0.00086,sell,29346478
1766128468554,BTCUSDT,88171.75,0.00134,sell,29346479
1766128481133,BTCUSDT,88158.89,0.00053,sell,29346480
1766128485139,BTCUSDT,88158.89,0.00022,sell,29346481
1766128542545,BTCUSDT,88158.96,0.00281,sell,29346482
1766128542591,BTCUSDT,88158.96,0.00318,sell,29346483
1766128542599,BTCUSDT,88158.96,0.00281,sell,29346484
1766128542599,BTCUSDT,88158.94,0.0009,sell,29346485
1766128545627,BTCUSDT,88158.96,0.00335,sell,29346486
1766128546052,BTCUSDT,88158.96,0.00242,sell,29346487
1766128546072,BTCUSDT,88158.96,0.0032,sell,29346488
1766128546245,BTCUSDT,88158.96,0.00386,sell,29346489
1766128546276,BTCUSDT,88158.96,0.002,sell,29346490
1766128546276,BTCUSDT,88158.94,0.00136,sell,29346491
1766128546289,BTCUSDT,88158.94,0.00167,sell,29346492
1766128546289,BTCUSDT,88158.92,0.00183,sell,29346493
1766128557265,BTCUSDT,88072.63,0.00058,sell,29346494
1766128647258,BTCUSDT,88072.63,0.00046,sell,29346495
1766128647732,BTCUSDT,88072.63,8e-05,sell,29346496
1766128647732,BTCUSDT,88072.61,2e-05,sell,29346497
1766128676150,BTCUSDT,88248.01,0.00098,buy,29346498
1766128729412,BTCUSDT,87788.08,0.00038,sell,29346499
1766129327706,BTCUSDT,87800.04,0.00029,sell,29346500
1766129574384,BTCUSDT,87804.48,0.00241,sell,29346501
1766129574431,BTCUSDT,87804.48,0.00303,sell,29346502
1766129574590,BTCUSDT,87804.48,0.00692,sell,29346503
1766129580244,BTCUSDT,87785.68,7e-05,sell,29346504
1766130324208,BTCUSDT,87728.09,0.00011,sell,29346505
1766130324554,BTCUSDT,87728.09,0.00024,sell,29346506
1766130454905,BTCUSDT,87729.66,0.00024,sell,29346507
1766130455082,BTCUSDT,87729.66,0.00024,sell,29346508
1766130576789,BTCUSDT,87730.99,0.00024,sell,29346509
1766130576933,BTCUSDT,87730.99,0.00024,sell,29346510
1766130650867,BTCUSDT,87731.64,0.00024,sell,29346511
1766130650991,BTCUSDT,87731.64,0.00024,sell,29346512
1766130681707,BTCUSDT,87731.87,0.00024,sell,29346513
1766130774716,BTCUSDT,87750.0,0.002,buy,29346514
1766130948268,BTCUSDT,87988.92,2e-05,buy,29346515
1766131264964,BTCUSDT,87986.57,2e-05,buy,29346516
1766131340472,BTCUSDT,87986.35,0.00023,buy,29346517
1766131546782,BTCUSDT,87985.13,2e-05,buy,29346518
1766131565318,BTCUSDT,87984.79,6e-05,buy,29346519
1766131694142,BTCUSDT,87983.15,0.01515,buy,29346520
1766131696081,BTCUSDT,87986.35,0.00272,buy,29346521
1766131753363,BTCUSDT,88069.76,0.01325,buy,29346522
1766131753363,BTCUSDT,88069.83,0.0047,buy,29346523
1766131880416,BTCUSDT,88138.71,2e-05,buy,29346524
1766132036476,BTCUSDT,87811.92,3e-05,sell,29346525
1766132036476,BTCUSDT,87811.91,0.0002,sell,29346526
1766132418156,BTCUSDT,87822.97,0.00101,sell,29346527
1766132418246,BTCUSDT,87822.97,0.00101,sell,29346528
1766132750419,BTCUSDT,88069.67,0.00113,buy,29346529
1766132921652,BTCUSDT,87827.77,0.01338,sell,29346530
1766132921877,BTCUSDT,87827.76,0.01209,sell,29346531
1766132922103,BTCUSDT,87827.75,0.01143,sell,29346532
1766133207295,BTCUSDT,87700.73,4e-05,sell,29346533
1766133250341,BTCUSDT,87974.53,0.01013,buy,29346534
1766133267202,BTCUSDT,87974.53,0.00352,buy,29346535
1766133274004,BTCUSDT,88007.99,0.00285,buy,29346536
1766133275659,BTCUSDT,88007.99,0.0114,buy,29346537
1766133312716,BTCUSDT,88181.38,3e-05,buy,29346538
1766133365348,BTCUSDT,88180.67,0.00023,buy,29346539
1766133539955,BTCUSDT,87861.32,0.00014,sell,29346540
1766133607930,BTCUSDT,87863.93,6e-05,sell,29346541
1766133656605,BTCUSDT,88167.9,7e-05,buy,29346542
1766133748815,BTCUSDT,87878.04,8e-05,sell,29346543
1766133844035,BTCUSDT,87884.46,0.00011,sell,29346544
1766134084790,BTCUSDT,88137.9,0.00392,buy,29346545
1766134217156,BTCUSDT,88135.07,0.01253,buy,29346546
1766134343880,BTCUSDT,88135.07,0.02057,buy,29346547
1766134848394,BTCUSDT,88218.92,0.00016,buy,29346548
1766135726966,BTCUSDT,88159.22,0.00245,buy,29346549
1766136559761,BTCUSDT,88115.31,5e-05,buy,29346550
1766136811168,BTCUSDT,88239.97,0.00169,buy,29346551
1766136811168,BTCUSDT,88239.98,0.0019,buy,29346552
1766136943683,BTCUSDT,87927.52,0.00012,sell,29346553
1766137521787,BTCUSDT,87942.05,0.00016,sell,29346554
1766137794945,BTCUSDT,88169.92,0.0001,buy,29346555
1766137846321,BTCUSDT,88167.94,0.00022,buy,29346556
1766137850934,BTCUSDT,88167.85,0.00329,buy,29346557
1766138424287,BTCUSDT,87964.97,0.0017,sell,29346558
1766138424287,BTCUSDT,87964.96,0.00076,sell,29346559
1766138525316,BTCUSDT,88148.84,0.00113,buy,29346560
1766138561285,BTCUSDT,87969.27,8e-05,sell,29346561
1766138616574,BTCUSDT,88147.71,0.00229,buy,29346562
1766138647128,BTCUSDT,88167.85,0.01029,buy,29346563
1766138840346,BTCUSDT,88292.58,6e-05,buy,29346564
1766139080418,BTCUSDT,88270.26,0.00028,buy,29346565
1766139448964,BTCUSDT,88017.72,0.00027,sell,29346566
1766139893467,BTCUSDT,88239.47,0.00166,buy,29346567
1766140140192,BTCUSDT,87896.12,0.00227,sell,29346568
1766140775279,BTCUSDT,88138.92,0.00018,buy,29346569
1766141055165,BTCUSDT,87920.19,0.00569,sell,29346570
1766141155045,BTCUSDT,87923.69,6e-05,sell,29346571
1766141185137,BTCUSDT,87925.37,0.00351,sell,29346572
1766141266781,BTCUSDT,88309.84,0.00302,buy,29346573
1766142190436,BTCUSDT,88307.0,0.00105,buy,29346574
1766142190436,BTCUSDT,88307.4,0.00412,buy,29346575
1766142190436,BTCUSDT,88307.42,0.00483,buy,29346576
1766142410351,BTCUSDT,88306.92,0.00113,buy,29346577
1766142500452,BTCUSDT,88304.31,0.00056,buy,29346578
1766142500482,BTCUSDT,88304.31,6e-05,buy,29346579
1766142558989,BTCUSDT,88302.58,0.00113,buy,29346580
1766142740317,BTCUSDT,88296.84,0.00011,buy,29346581
1766142798446,BTCUSDT,88080.09,0.00218,sell,29346582
1766142800400,BTCUSDT,88297.72,3e-05,buy,29346583
1766142816976,BTCUSDT,88312.39,6e-05,buy,29346584
1766142817982,BTCUSDT,88312.39,1e-05,buy,29346585
1766142890409,BTCUSDT,88362.69,8e-05,buy,29346586
1766143011668,BTCUSDT,88393.52,0.0004,buy,29346587
1766145174539,BTCUSDT,88345.69,0.00011,buy,29346588
1766145680402,BTCUSDT,88329.17,2e-05,buy,29346589
1766145740482,BTCUSDT,88325.08,0.00028,buy,29346590
1766145875355,BTCUSDT,88318.45,0.00011,buy,29346591
1766146011293,BTCUSDT,88036.68,0.00499,sell,29346592
1766146011293,BTCUSDT,88036.67,0.0051,sell,29346593
1766146011293,BTCUSDT,88036.63,0.0029,sell,29346594
1766146011293,BTCUSDT,88036.62,0.01453,sell,29346595
1766146011293,BTCUSDT,88036.59,0.01319,sell,29346596
1766146011293,BTCUSDT,88036.55,0.01348,sell,29346597
1766146011293,BTCUSDT,88036.16,0.04158,sell,29346598
1766146011293,BTCUSDT,88036.14,0.04159,sell,29346599
1766146028064,BTCUSDT,87905.6,0.00227,sell,29346600
1766146160455,BTCUSDT,88183.61,0.00011,buy,29346601
1766146205389,BTCUSDT,88180.85,6e-05,buy,29346602
1766146205412,BTCUSDT,88180.85,6e-05,buy,29346603
1766146385312,BTCUSDT,88296.38,6e-05,buy,29346604
1766147150361,BTCUSDT,88263.37,6e-05,buy,29346605
1766147431475,BTCUSDT,88245.34,0.00244,buy,29346606
1766147491910,BTCUSDT,87892.12,0.0005,sell,29346607
1766148375449,BTCUSDT,88180.69,0.0017,buy,29346608
1766148375449,BTCUSDT,88180.7,0.00107,buy,29346609
1766148440481,BTCUSDT,88179.75,0.00034,buy,29346610
1766148760126,BTCUSDT,87883.61,0.0017,sell,29346611
1766148760126,BTCUSDT,87883.6,0.00057,sell,29346612
1766148799377,BTCUSDT,88168.5,0.00113,buy,29346613
1766149007490,BTCUSDT,88138.31,0.00113,buy,29346614
1766149186788,BTCUSDT,87883.37,0.004,sell,29346615
1766149197790,BTCUSDT,87883.0,0.00023,sell,29346616
1766149212687,BTCUSDT,87900.0,0.001,buy,29346617
1766149246135,BTCUSDT,87826.34,0.00056,sell,29346618
1766149248876,BTCUSDT,87826.47,0.00243,sell,29346619
1766149385261,BTCUSDT,88008.13,0.00028,buy,29346620
1766149715312,BTCUSDT,88008.38,0.0007,buy,29346621
1766149738212,BTCUSDT,88008.33,0.00077,buy,29346622
1766149747397,BTCUSDT,88008.29,0.00024,buy,29346623
1766149769544,BTCUSDT,88008.0,0.00037,buy,29346624
1766149801510,BTCUSDT,88007.71,0.00012,buy,29346625
1766149805312,BTCUSDT,88127.5,2e-05,buy,29346626
1766149850402,BTCUSDT,88123.21,0.00113,buy,29346627
1766150000413,BTCUSDT,87998.39,0.00011,buy,29346628
1766150023151,BTCUSDT,87998.38,0.0007,buy,29346629
1766150023199,BTCUSDT,87998.38,0.0007,buy,29346630
1766150030438,BTCUSDT,87999.92,0.00077,buy,29346631
1766150030438,BTCUSDT,87999.93,0.00026,buy,29346632
1766150030438,BTCUSDT,88000.0,5e-05,buy,29346633
1766150030438,BTCUSDT,88004.4,5e-05,buy,29346634
1766150061994,BTCUSDT,88023.89,0.00227,buy,29346635
1766150075287,BTCUSDT,88023.88,0.0017,buy,29346636
1766150420404,BTCUSDT,88063.65,0.00028,buy,29346637
1766150495275,BTCUSDT,88062.04,6e-05,buy,29346638
1766150661117,BTCUSDT,88058.84,0.00169,buy,29346639
1766150700853,BTCUSDT,88058.63,0.03123,buy,29346640
1766151109282,BTCUSDT,88121.96,0.00058,buy,29346641
1766151168930,BTCUSDT,87877.4,0.00028,sell,29346642
1766151290368,BTCUSDT,88110.04,0.00028,buy,29346643
1766151540457,BTCUSDT,88105.6,0.0126,buy,29346644
1766151540457,BTCUSDT,88105.64,0.01567,buy,29346645
1766151546058,BTCUSDT,88123.45,5e-05,buy,29346646
1766152085368,BTCUSDT,88225.52,0.00113,buy,29346647
1766152249658,BTCUSDT,88211.27,0.00011,buy,29346648
1766152373307,BTCUSDT,88187.47,0.00057,buy,29346649
1766152788454,BTCUSDT,88129.08,0.00035,buy,29346650
1766152835298,BTCUSDT,88128.23,3e-05,buy,29346651
1766152910413,BTCUSDT,88124.47,0.00011,buy,29346652
1766153090417,BTCUSDT,88121.61,0.00014,buy,29346653
1766153094647,BTCUSDT,88121.59,2e-05,buy,29346654
1766153255315,BTCUSDT,88120.9,0.00226,buy,29346655
1766153315342,BTCUSDT,88255.63,0.00057,buy,29346656
1766153415351,BTCUSDT,88253.59,7e-05,buy,29346657
1766153525002,BTCUSDT,88251.0,0.00034,buy,29346658
1766153525298,BTCUSDT,88250.99,0.00023,buy,29346659
1766153600384,BTCUSDT,88249.41,0.00012,buy,29346660
1766153630376,BTCUSDT,88249.17,6e-05,buy,29346661
1766153640258,BTCUSDT,87839.48,0.00284,sell,29346662
1766153751362,BTCUSDT,88000.0,0.005,buy,29346663
1766153817042,BTCUSDT,88247.75,0.00879,buy,29346664
1766153817042,BTCUSDT,88247.76,0.01316,buy,29346665
1766153818049,BTCUSDT,88249.41,0.00538,buy,29346666
1766153987518,BTCUSDT,87984.37,0.01324,sell,29346667
1766153987736,BTCUSDT,87984.36,0.01918,sell,29346668
1766153988638,BTCUSDT,87962.21,0.02521,sell,29346669
1766153988868,BTCUSDT,87962.22,0.0017,sell,29346670
1766153989089,BTCUSDT,87962.22,0.0017,sell,29346671
1766153989319,BTCUSDT,87962.21,0.0252,sell,29346672
1766153989539,BTCUSDT,87962.22,0.00519,sell,29346673
1766154386507,BTCUSDT,88121.75,4e-05,buy,29346674
1766154469617,BTCUSDT,87860.15,0.00012,sell,29346675
1766154505277,BTCUSDT,87861.79,0.0397,sell,29346676
1766154587013,BTCUSDT,87865.17,0.00034,sell,29346677
1766154806844,BTCUSDT,87830.74,0.0115,sell,29346678
1766154890165,BTCUSDT,87785.68,7e-05,sell,29346679
1766154986982,BTCUSDT,88058.19,0.00028,buy,29346680
1766155116507,BTCUSDT,87672.59,0.00469,sell,29346681
1766155116507,BTCUSDT,87672.46,0.00082,sell,29346682
1766155117033,BTCUSDT,87672.46,0.00551,sell,29346683
1766155118099,BTCUSDT,87672.46,0.00239,sell,29346684
1766155118099,BTCUSDT,87672.23,0.001,sell,29346685
1766155284602,BTCUSDT,87871.1,0.00011,buy,29346686
1766155428504,BTCUSDT,87865.24,0.01502,buy,29346687
1766155428504,BTCUSDT,87865.26,0.01478,buy,29346688
1766155428504,BTCUSDT,87865.34,0.0157,buy,29346689
1766155445799,BTCUSDT,88031.91,0.01073,buy,29346690
1766155472902,BTCUSDT,88212.98,0.00368,buy,29346691
1766155481472,BTCUSDT,88312.33,0.0004,buy,29346692
1766155481472,BTCUSDT,88312.37,0.07619,buy,29346693
1766155481515,BTCUSDT,88312.37,0.02391,buy,29346694
1766155481515,BTCUSDT,88312.39,7e-05,buy,29346695
1766155481515,BTCUSDT,88317.02,0.04826,buy,29346696
1766155481568,BTCUSDT,88317.03,0.00257,buy,29346697
1766155481648,BTCUSDT,88317.03,0.0034,buy,29346698
1766155481655,BTCUSDT,88317.03,0.03403,buy,29346699
1766155481655,BTCUSDT,88317.08,0.04,buy,29346700
1766155481812,BTCUSDT,88333.33,0.03,buy,29346701
1766155482630,BTCUSDT,88449.14,0.00011,buy,29346702
1766155482918,BTCUSDT,88492.16,0.00169,buy,29346703
1766155482918,BTCUSDT,88492.17,0.00038,buy,29346704
1766155482918,BTCUSDT,88500.0,0.05502,buy,29346705
1766155483070,BTCUSDT,88492.15,0.00044,buy,29346706
1766155498734,BTCUSDT,88536.89,0.00253,buy,29346707
1766155572476,BTCUSDT,88173.74,0.00099,sell,29346708
1766155572476,BTCUSDT,88173.73,0.01458,sell,29346709
1766155572476,BTCUSDT,88173.72,0.00347,sell,29346710
1766155572476,BTCUSDT,88173.7,0.0027,sell,29346711
1766155572530,BTCUSDT,88173.7,0.0158,sell,29346712
1766155572530,BTCUSDT,88173.69,0.01937,sell,29346713
1766155731843,BTCUSDT,88175.18,0.00028,sell,29346714
1766155742587,BTCUSDT,88175.18,0.01671,sell,29346715
1766155795184,BTCUSDT,88435.77,0.00028,buy,29346716
1766155807809,BTCUSDT,88435.38,2e-05,buy,29346717
1766155811777,BTCUSDT,88173.93,0.00966,sell,29346718
1766155811777,BTCUSDT,88173.7,0.00301,sell,29346719
1766155811777,BTCUSDT,88173.69,0.08073,sell,29346720
1766155811777,BTCUSDT,88173.68,0.0806,sell,29346721
1766155812783,BTCUSDT,88173.68,0.0002,sell,29346722
1766155814095,BTCUSDT,88173.68,0.00443,sell,29346723
1766155814289,BTCUSDT,88173.68,0.00249,sell,29346724
1766155814291,BTCUSDT,88173.68,0.03268,sell,29346725
1766155814337,BTCUSDT,88173.68,0.00265,sell,29346726
1766155814337,BTCUSDT,88173.68,0.02295,sell,29346727
1766155814371,BTCUSDT,88173.68,0.00353,sell,29346728
1766155814372,BTCUSDT,88173.68,0.03291,sell,29346729
1766155815075,BTCUSDT,88173.68,0.02513,sell,29346730
1766155815296,BTCUSDT,88173.68,0.00203,sell,29346731
1766155816132,BTCUSDT,88173.68,0.00313,sell,29346732
1766155816132,BTCUSDT,88173.68,0.0304,sell,29346733
1766155816645,BTCUSDT,88173.68,0.00253,sell,29346734
1766155816662,BTCUSDT,88173.68,0.00335,sell,29346735
1766155816674,BTCUSDT,88173.68,0.00336,sell,29346736
1766155816769,BTCUSDT,88173.68,0.00101,sell,29346737
1766155816790,BTCUSDT,88173.68,6e-05,sell,29346738
1766155817368,BTCUSDT,88173.68,0.07017,sell,29346739
1766155818513,BTCUSDT,88173.68,3e-05,sell,29346740
1766155819114,BTCUSDT,88173.68,0.00735,sell,29346741
1766155820316,BTCUSDT,88173.68,0.00075,sell,29346742
1766155821776,BTCUSDT,88173.68,7e-05,sell,29346743
1766155822305,BTCUSDT,88173.68,0.02543,sell,29346744
1766155827336,BTCUSDT,88173.68,0.00562,sell,29346745
1766155838541,BTCUSDT,88173.68,0.00053,sell,29346746
1766155843743,BTCUSDT,88173.68,0.00032,sell,29346747
1766155844277,BTCUSDT,88173.68,0.06465,sell,29346748
1766155844496,BTCUSDT,88173.68,0.01241,sell,29346749
1766155845944,BTCUSDT,88173.68,0.00661,sell,29346750
1766155847066,BTCUSDT,88173.68,0.0003,sell,29346751
1766155847127,BTCUSDT,88173.68,0.00169,sell,29346752
1766155847256,BTCUSDT,88173.68,0.00904,sell,29346753
1766155847662,BTCUSDT,88173.68,0.12023,sell,29346754
1766155848767,BTCUSDT,88173.68,0.10415,sell,29346755
1766155849931,BTCUSDT,88173.68,0.01041,sell,29346756
1766155850921,BTCUSDT,88173.68,0.01025,sell,29346757
1766155851039,BTCUSDT,88173.68,0.00104,sell,29346758
1766155852335,BTCUSDT,88173.68,0.00011,sell,29346759
1766155852908,BTCUSDT,88173.68,0.08845,sell,29346760
1766155854049,BTCUSDT,88173.68,0.00889,sell,29346761
1766155855251,BTCUSDT,88173.68,0.00089,sell,29346762
1766155862440,BTCUSDT,88173.68,0.00019,sell,29346763
1766155863042,BTCUSDT,88173.68,0.00012,sell,29346764
1766155864070,BTCUSDT,88173.68,0.00019,sell,29346765
1766155864729,BTCUSDT,88173.68,0.00013,sell,29346766
1766155865330,BTCUSDT,88173.68,0.03866,sell,29346767
1766155866533,BTCUSDT,88173.68,0.00393,sell,29346768
1766155867819,BTCUSDT,88173.68,0.0004,sell,29346769
1766155869019,BTCUSDT,88173.68,4e-05,sell,29346770
1766155870324,BTCUSDT,88173.68,0.0167,sell,29346771
1766155871027,BTCUSDT,88173.68,0.00668,sell,29346772
1766155875588,BTCUSDT,88173.68,0.00268,sell,29346773
1766155879644,BTCUSDT,88173.68,0.03883,sell,29346774
1766155881666,BTCUSDT,88173.68,0.03882,sell,29346775
1766155882868,BTCUSDT,88173.68,0.00388,sell,29346776
1766155884070,BTCUSDT,88173.68,0.00039,sell,29346777
1766155885173,BTCUSDT,88173.68,4e-05,sell,29346778
1766155890598,BTCUSDT,88173.68,0.00107,sell,29346779
1766155895666,BTCUSDT,88173.68,0.00043,sell,29346780
1766155900091,BTCUSDT,88173.68,0.05854,sell,29346781
1766155901292,BTCUSDT,88173.68,0.0131,sell,29346782
1766155902493,BTCUSDT,88173.68,0.00131,sell,29346783
1766155904188,BTCUSDT,88173.68,0.00013,sell,29346784
1766155909188,BTCUSDT,88173.68,0.00017,sell,29346785
1766155909504,BTCUSDT,88173.68,0.00017,sell,29346786
1766155909543,BTCUSDT,88173.68,0.00017,sell,29346787
1766155909566,BTCUSDT,88173.68,0.00017,sell,29346788
1766155909833,BTCUSDT,88173.68,0.00017,sell,29346789
1766155909999,BTCUSDT,88173.68,0.00017,sell,29346790
1766155911482,BTCUSDT,88173.68,0.00163,sell,29346791
1766155919004,BTCUSDT,88173.68,0.00186,sell,29346792
1766155919072,BTCUSDT,88173.68,0.03904,sell,29346793
1766155919458,BTCUSDT,88173.68,0.0026,sell,29346794
1766155920487,BTCUSDT,88173.68,0.03878,sell,29346795
1766155920552,BTCUSDT,88173.68,0.00036,sell,29346796
1766155921590,BTCUSDT,88173.68,0.00287,sell,29346797
1766155922113,BTCUSDT,88173.68,5e-05,sell,29346798
1766155922715,BTCUSDT,88173.68,0.00123,sell,29346799
1766155923917,BTCUSDT,88173.68,0.03877,sell,29346800
1766155925980,BTCUSDT,88173.68,0.00014,sell,29346801
1766155931106,BTCUSDT,88173.68,0.00388,sell,29346802
1766155932306,BTCUSDT,88173.68,0.00039,sell,29346803
1766155933702,BTCUSDT,88173.68,4e-05,sell,29346804
1766155940306,BTCUSDT,88290.82,0.00028,buy,29346805
1766155964272,BTCUSDT,88173.68,0.03542,sell,29346806
1766155965735,BTCUSDT,88173.68,0.00354,sell,29346807
1766155966881,BTCUSDT,88173.68,0.00035,sell,29346808
1766155968054,BTCUSDT,88173.68,4e-05,sell,29346809
1766155975119,BTCUSDT,88173.68,0.00055,sell,29346810
1766155975130,BTCUSDT,88173.68,0.05888,sell,29346811
1766155975256,BTCUSDT,88173.68,0.02904,sell,29346812
1766155975260,BTCUSDT,88173.68,8e-05,sell,29346813
1766155975264,BTCUSDT,88173.68,0.00448,sell,29346814
1766155975271,BTCUSDT,88173.68,0.00933,sell,29346815
1766155975335,BTCUSDT,88173.68,0.05733,sell,29346816
1766155978435,BTCUSDT,88173.68,0.02513,sell,29346817
1766155978669,BTCUSDT,88173.68,0.00801,sell,29346818
1766155979338,BTCUSDT,88173.68,0.02514,sell,29346819
1766155979566,BTCUSDT,88173.68,0.02514,sell,29346820
1766155979793,BTCUSDT,88173.68,0.02515,sell,29346821
1766155980029,BTCUSDT,88173.68,0.02515,sell,29346822
1766155980244,BTCUSDT,88173.68,0.02516,sell,29346823
1766155980469,BTCUSDT,88173.68,0.02516,sell,29346824
1766155980695,BTCUSDT,88173.68,0.02517,sell,29346825
1766155980949,BTCUSDT,88173.68,0.00391,sell,29346826
1766155981372,BTCUSDT,88173.68,0.01836,sell,29346827
1766155981828,BTCUSDT,88173.68,0.00111,sell,29346828
1766155982056,BTCUSDT,88173.68,2e-05,sell,29346829
1766155982278,BTCUSDT,88173.68,0.00111,sell,29346830
1766155982327,BTCUSDT,88173.68,0.03541,sell,29346831
1766155982377,BTCUSDT,88173.68,0.094,sell,29346832
1766155982508,BTCUSDT,88173.68,2e-05,sell,29346833
1766155982734,BTCUSDT,88173.68,2e-05,sell,29346834
1766155982928,BTCUSDT,88173.68,0.0224,sell,29346835
1766155982977,BTCUSDT,88173.68,2e-05,sell,29346836
1766155983188,BTCUSDT,88173.68,2e-05,sell,29346837
1766155983414,BTCUSDT,88173.68,2e-05,sell,29346838
1766155983529,BTCUSDT,88173.68,0.0045,sell,29346839
1766155983638,BTCUSDT,88173.68,2e-05,sell,29346840
1766155983867,BTCUSDT,88173.68,2e-05,sell,29346841
1766155984098,BTCUSDT,88173.68,2e-05,sell,29346842
1766155984130,BTCUSDT,88173.68,0.00931,sell,29346843
1766155984317,BTCUSDT,88173.68,2e-05,sell,29346844
1766155984540,BTCUSDT,88173.68,0.00315,sell,29346845
1766155985243,BTCUSDT,88173.68,0.00176,sell,29346846
1766155985843,BTCUSDT,88173.68,0.00058,sell,29346847
1766155986445,BTCUSDT,88173.68,0.00049,sell,29346848
1766155987408,BTCUSDT,88173.68,0.06424,sell,29346849
1766155988819,BTCUSDT,88173.68,0.00026,sell,29346850
1766155989935,BTCUSDT,88173.68,2e-05,sell,29346851
1766156003450,BTCUSDT,88173.68,0.07355,sell,29346852
1766156004555,BTCUSDT,88173.68,0.01712,sell,29346853
1766156008079,BTCUSDT,88173.68,0.02332,sell,29346854
1766156194414,BTCUSDT,88283.77,0.00859,buy,29346855
1766156330420,BTCUSDT,88281.4,0.00079,buy,29346856
1766156349787,BTCUSDT,88073.74,0.00022,sell,29346857
1766156480386,BTCUSDT,88279.46,3e-05,buy,29346858
1766156540439,BTCUSDT,88277.87,0.00017,buy,29346859
1766156540469,BTCUSDT,88277.87,0.00023,buy,29346860
1766156579793,BTCUSDT,88000.35,0.0416,sell,29346861
1766156580324,BTCUSDT,88000.35,0.01937,sell,29346862
1766156580424,BTCUSDT,88000.0,0.00011,sell,29346863
1766156580874,BTCUSDT,87952.9,0.0017,sell,29346864
1766156584156,BTCUSDT,87952.9,0.00029,sell,29346865
1766156585769,BTCUSDT,87952.9,6e-05,sell,29346866
1766156690440,BTCUSDT,88261.75,2e-05,buy,29346867
1766156840416,BTCUSDT,88256.98,0.00045,buy,29346868
1766156880912,BTCUSDT,88256.35,0.00113,buy,29346869
1766156915303,BTCUSDT,88255.53,0.00017,buy,29346870
1766157035313,BTCUSDT,88255.52,3e-05,buy,29346871
1766157040894,BTCUSDT,88255.49,0.00011,buy,29346872
1766157073500,BTCUSDT,88255.34,0.02697,buy,29346873
1766157080357,BTCUSDT,88347.0,0.00025,buy,29346874
1766157095340,BTCUSDT,88347.0,0.00011,buy,29346875
1766157103777,BTCUSDT,88347.0,0.0068,buy,29346876
1766157103777,BTCUSDT,88347.04,0.01347,buy,29346877
1766157103777,BTCUSDT,88347.06,0.01374,buy,29346878
1766157125364,BTCUSDT,88415.99,0.00028,buy,29346879
1766157125364,BTCUSDT,88416.0,0.00028,buy,29346880
1766157145526,BTCUSDT,88449.12,0.00916,buy,29346881
1766157146089,BTCUSDT,88449.13,0.00137,buy,29346882
1766157146089,BTCUSDT,88449.14,0.00011,buy,29346883
1766157146192,BTCUSDT,88449.12,0.00137,buy,29346884
1766157157982,BTCUSDT,88536.92,0.00382,buy,29346885
1766157157982,BTCUSDT,88537.01,0.00169,buy,29346886
1766157158062,BTCUSDT,88548.26,0.00088,buy,29346887
1766157158164,BTCUSDT,88567.44,0.00156,buy,29346888
1766157159298,BTCUSDT,88603.57,0.00012,buy,29346889
1766157160123,BTCUSDT,88627.66,0.00033,buy,29346890
1766157162849,BTCUSDT,88359.23,0.00165,sell,29346891
1766157164157,BTCUSDT,88664.37,0.002,buy,29346892
1766157164157,BTCUSDT,88664.38,0.00026,buy,29346893
1766157171403,BTCUSDT,88707.46,0.00028,buy,29346894
1766157195083,BTCUSDT,88707.5,0.00223,buy,29346895
1766157197261,BTCUSDT,88707.5,1e-05,buy,29346896
1766157197261,BTCUSDT,88707.51,0.00051,buy,29346897
1766157198076,BTCUSDT,88729.6,0.00029,buy,29346898
1766157198076,BTCUSDT,88729.6,1e-05,buy,29346899
1766157198076,BTCUSDT,88780.8,0.00028,buy,29346900
1766157198076,BTCUSDT,88780.85,0.00034,buy,29346901
1766157198076,BTCUSDT,88789.0,0.00012,buy,29346902
1766157198076,BTCUSDT,88794.0,0.0001,buy,29346903
1766157198076,BTCUSDT,88799.12,0.00529,buy,29346904
1766157203028,BTCUSDT,88799.11,0.00131,buy,29346905
1766157207363,BTCUSDT,88799.12,0.00421,buy,29346906
1766157210964,BTCUSDT,88799.1,8e-05,sell,29346907
1766157230437,BTCUSDT,88798.85,0.00056,buy,29346908
1766157244072,BTCUSDT,88798.5,0.00011,buy,29346909
1766157289755,BTCUSDT,88825.22,3e-05,buy,29346910
1766157289755,BTCUSDT,88825.23,0.0003,buy,29346911
1766157289755,BTCUSDT,88829.59,0.00179,buy,29346912
1766157338379,BTCUSDT,88829.72,0.00836,buy,29346913
1766157338379,BTCUSDT,88829.73,0.00335,buy,29346914
1766157338379,BTCUSDT,88829.83,0.00084,buy,29346915
1766157338389,BTCUSDT,88839.1,6e-05,buy,29346916
1766157340404,BTCUSDT,88839.1,1e-05,buy,29346917
1766157347301,BTCUSDT,88867.88,0.00029,buy,29346918
1766157347373,BTCUSDT,88867.89,0.00021,buy,29346919
1766157361296,BTCUSDT,88900.49,0.00199,buy,29346920
1766157361296,BTCUSDT,88900.5,0.00112,buy,29346921
1766157361592,BTCUSDT,88900.57,0.00011,buy,29346922
1766157361621,BTCUSDT,88902.65,0.00031,buy,29346923
1766157362240,BTCUSDT,88912.33,0.00099,buy,29346924
1766157362240,BTCUSDT,88912.34,5e-05,buy,29346925
1766157372701,BTCUSDT,88999.99,0.00223,buy,29346926
1766157372770,BTCUSDT,88999.99,1e-05,buy,29346927
1766157372770,BTCUSDT,89000.0,0.00456,buy,29346928
1766157372952,BTCUSDT,88999.98,0.00224,buy,29346929
1766157383357,BTCUSDT,89034.7,0.00317,buy,29346930
1766157383358,BTCUSDT,89034.7,0.00525,buy,29346931
1766157383358,BTCUSDT,89034.76,0.00038,buy,29346932
1766157386049,BTCUSDT,89099.99,0.053,buy,29346933
1766157386049,BTCUSDT,89100.0,0.00025,buy,29346934
1766157386082,BTCUSDT,89108.11,0.00026,buy,29346935
1766157386436,BTCUSDT,89118.37,0.0007,buy,29346936
1766157386436,BTCUSDT,89123.45,5e-05,buy,29346937
1766157386436,BTCUSDT,89137.55,0.00012,buy,29346938
1766157386436,BTCUSDT,89168.44,0.00052,buy,29346939
1766157386436,BTCUSDT,89175.17,0.0003,buy,29346940
1766157386436,BTCUSDT,89176.0,0.00434,buy,29346941
1766157386446,BTCUSDT,89190.29,0.00088,buy,29346942
1766157386553,BTCUSDT,89221.52,8e-05,buy,29346943
1766157386553,BTCUSDT,89222.2,0.05229,buy,29346944
1766157386977,BTCUSDT,89221.51,0.003,buy,29346945
1766157386977,BTCUSDT,89221.51,0.001,buy,29346946
1766157386977,BTCUSDT,89240.04,0.00156,buy,29346947
1766157395283,BTCUSDT,88918.23,2e-05,sell,29346948
1766157401591,BTCUSDT,89262.38,0.00019,buy,29346949
1766157406790,BTCUSDT,89262.28,8e-05,buy,29346950
1766157425062,BTCUSDT,89262.56,0.00038,buy,29346951
1766157448328,BTCUSDT,89337.17,0.00133,buy,29346952
1766157448328,BTCUSDT,89337.18,0.00137,buy,29346953
1766157449334,BTCUSDT,89337.51,0.06048,buy,29346954
1766157457154,BTCUSDT,89337.51,0.02854,buy,29346955
1766157476776,BTCUSDT,89337.52,0.00189,buy,29346956
1766157483532,BTCUSDT,89066.45,0.00433,sell,29346957
1766157484498,BTCUSDT,89066.48,0.00101,sell,29346958
1766157546435,BTCUSDT,89068.03,0.02478,sell,29346959
1766157546662,BTCUSDT,89068.03,0.00163,sell,29346960
1766157546890,BTCUSDT,89054.92,0.01518,sell,29346961
1766157553798,BTCUSDT,88966.15,0.02243,sell,29346962
1766157566674,BTCUSDT,88882.58,2e-05,sell,29346963
1766157566830,BTCUSDT,88876.38,0.00032,sell,29346964
1766157566974,BTCUSDT,88876.38,0.00402,sell,29346965
1766157567000,BTCUSDT,88876.38,0.00184,sell,29346966
1766157638132,BTCUSDT,88603.57,0.00012,sell,29346967
1766157668140,BTCUSDT,88515.95,0.00759,sell,29346968
1766157669107,BTCUSDT,88492.17,0.00038,sell,29346969
1766157670112,BTCUSDT,88449.14,0.00011,sell,29346970
1766157673909,BTCUSDT,88312.39,7e-05,sell,29346971
1766157685209,BTCUSDT,88491.15,0.00031,buy,29346972
1766157694484,BTCUSDT,88490.84,0.00169,buy,29346973
1766157862695,BTCUSDT,88455.64,0.01432,buy,29346974
1766157862695,BTCUSDT,88455.65,0.01437,buy,29346975
1766157905956,BTCUSDT,88324.27,8e-05,sell,29346976
1766157977440,BTCUSDT,88324.78,0.01352,sell,29346977
1766158207477,BTCUSDT,88072.79,0.00012,sell,29346978
1766158219041,BTCUSDT,88000.04,0.01338,sell,29346979
1766158219041,BTCUSDT,88000.03,0.02273,sell,29346980
1766158219041,BTCUSDT,88000.0,0.00011,sell,29346981
1766158313875,BTCUSDT,87953.22,0.00038,sell,29346982
1766158341576,BTCUSDT,88254.74,0.01394,buy,29346983
1766158971241,BTCUSDT,87961.17,0.00064,sell,29346984
1766159005573,BTCUSDT,88276.47,0.00037,buy,29346985
1766159018332,BTCUSDT,87953.13,0.0017,sell,29346986
1766159018332,BTCUSDT,87953.12,0.00983,sell,29346987
1766159073294,BTCUSDT,87953.3,9e-05,sell,29346988
1766159157845,BTCUSDT,88210.38,0.00011,buy,29346989
1766159200752,BTCUSDT,87952.98,0.00468,sell,29346990
1766159201759,BTCUSDT,87952.88,0.00038,sell,29346991
1766159229886,BTCUSDT,87920.04,0.01176,sell,29346992
1766159230042,BTCUSDT,88207.23,0.00024,buy,29346993
1766159236092,BTCUSDT,87920.0,0.0001,sell,29346994
1766159237098,BTCUSDT,87901.44,0.00143,sell,29346995
1766159237098,BTCUSDT,87880.0,0.00015,sell,29346996
1766159237098,BTCUSDT,87869.79,0.00158,sell,29346997
1766159240493,BTCUSDT,87855.21,0.00089,sell,29346998
1766159245246,BTCUSDT,87785.69,0.00103,sell,29346999
1766159246253,BTCUSDT,87785.68,7e-05,sell,29347000
1766159246253,BTCUSDT,87778.24,4e-05,sell,29347001
1766159246253,BTCUSDT,87760.0,0.00015,sell,29347002
1766159248127,BTCUSDT,87685.46,0.00042,sell,29347003
1766159444959,BTCUSDT,88017.86,0.00024,buy,29347004
1766159743784,BTCUSDT,87787.47,0.00024,sell,29347005
1766159780446,BTCUSDT,88015.03,0.001,buy,29347006
1766159953621,BTCUSDT,87790.64,0.00012,sell,29347007
1766160031527,BTCUSDT,87793.84,0.00024,sell,29347008
1766160050747,BTCUSDT,88011.07,4e-05,buy,29347009
1766160112838,BTCUSDT,88312.0,0.00017,buy,29347010
1766160125307,BTCUSDT,88311.81,0.00028,buy,29347011
1766160372738,BTCUSDT,88309.61,0.00084,buy,29347012
1766160378739,BTCUSDT,88309.52,0.00082,buy,29347013
1766160378739,BTCUSDT,88309.53,0.00291,buy,29347014
1766160378909,BTCUSDT,88309.53,0.00169,buy,29347015
1766160417524,BTCUSDT,88309.16,0.01021,buy,29347016
1766160417626,BTCUSDT,88309.16,0.00269,buy,29347017
1766160419668,BTCUSDT,88309.16,1e-05,buy,29347018
1766160419668,BTCUSDT,88309.2,0.00066,buy,29347019
1766160419674,BTCUSDT,88309.2,0.01309,buy,29347020
1766160430752,BTCUSDT,88312.39,6e-05,buy,29347021
1766160437716,BTCUSDT,88312.39,1e-05,buy,29347022
1766160439349,BTCUSDT,88367.73,0.00337,buy,29347023
1766160439696,BTCUSDT,88367.73,1e-05,buy,29347024
1766160439802,BTCUSDT,88377.57,0.0085,buy,29347025
1766160459071,BTCUSDT,88448.94,2e-05,buy,29347026
1766160480498,BTCUSDT,88097.21,0.00053,sell,29347027
1766160485369,BTCUSDT,88448.59,0.00048,buy,29347028
1766160590351,BTCUSDT,88447.16,0.00028,buy,29347029
1766160675868,BTCUSDT,88446.54,0.00531,buy,29347030
1766160676121,BTCUSDT,88446.54,1e-05,buy,29347031
1766160676121,BTCUSDT,88446.55,0.00023,buy,29347032
1766160676289,BTCUSDT,88446.55,0.005,buy,29347033
1766160676514,BTCUSDT,88446.55,2e-05,buy,29347034
1766160745299,BTCUSDT,88449.14,0.0001,buy,29347035
1766160755276,BTCUSDT,88449.14,1e-05,buy,29347036
1766160755276,BTCUSDT,88503.03,0.00055,buy,29347037
1766160870570,BTCUSDT,88509.21,0.00012,buy,29347038
1766160935299,BTCUSDT,88492.08,6e-05,buy,29347039
1766160935349,BTCUSDT,88492.08,6e-05,buy,29347040
1766160965368,BTCUSDT,88491.74,0.00023,buy,29347041
1766160986880,BTCUSDT,88491.74,0.00299,buy,29347042
1766161475352,BTCUSDT,88482.04,0.00338,buy,29347043
1766161610085,BTCUSDT,88202.73,0.00014,sell,29347044
1766161686138,BTCUSDT,88205.61,0.00024,sell,29347045
1766161686399,BTCUSDT,88478.28,0.00024,buy,29347046
1766161889285,BTCUSDT,88492.17,0.00038,buy,29347047
1766161889484,BTCUSDT,88507.4,0.01275,buy,29347048
1766161890125,BTCUSDT,88507.4,1e-05,buy,29347049
1766161922066,BTCUSDT,88603.57,5e-05,buy,29347050
1766161948786,BTCUSDT,88603.57,7e-05,buy,29347051
1766161949836,BTCUSDT,88610.0,0.0002,buy,29347052
1766161988429,BTCUSDT,88650.0,0.00146,buy,29347053
1766162180996,BTCUSDT,88838.68,0.00045,buy,29347054
1766162276242,BTCUSDT,88554.29,0.01397,sell,29347055
1766162276242,BTCUSDT,88554.28,0.00286,sell,29347056
1766162276242,BTCUSDT,88554.27,0.00742,sell,29347057
1766163010192,BTCUSDT,88239.54,0.00024,sell,29347058
1766163010550,BTCUSDT,88495.26,0.00024,buy,29347059
1766163091555,BTCUSDT,88239.62,0.00024,sell,29347060
1766163091904,BTCUSDT,88492.8,0.00024,buy,29347061
1766163259180,BTCUSDT,88460.74,0.00141,buy,29347062
1766163274606,BTCUSDT,88170.55,0.02494,sell,29347063
1766163274606,BTCUSDT,88170.52,0.00197,sell,29347064
1766163333373,BTCUSDT,88094.04,0.00491,sell,29347065
1766163333373,BTCUSDT,88094.0,0.00338,sell,29347066
1766163338926,BTCUSDT,88072.79,0.00012,sell,29347067
1766163359280,BTCUSDT,88000.02,0.00665,sell,29347068
1766163359280,BTCUSDT,88000.0,0.00011,sell,29347069
1766163411180,BTCUSDT,87952.88,0.00038,sell,29347070
1766163680412,BTCUSDT,88184.71,0.00057,buy,29347071
1766163751418,BTCUSDT,88182.38,5e-05,buy,29347072
1766163755284,BTCUSDT,88182.31,0.00028,buy,29347073
1766163770356,BTCUSDT,88182.07,0.00057,buy,29347074
1766163775109,BTCUSDT,87881.27,7e-05,sell,29347075
1766163830386,BTCUSDT,88180.62,0.00023,buy,29347076
1766163870775,BTCUSDT,87882.79,6e-05,sell,29347077
1766163883998,BTCUSDT,88178.89,0.00057,buy,29347078
1766164025278,BTCUSDT,88175.35,0.00028,buy,29347079
1766164070361,BTCUSDT,88174.59,4e-05,buy,29347080
1766164070361,BTCUSDT,88174.6,0.00024,buy,29347081
1766164093502,BTCUSDT,87887.93,0.00024,sell,29347082
1766164133933,BTCUSDT,88174.84,0.01396,buy,29347083
1766164142360,BTCUSDT,88174.84,1e-05,buy,29347084
1766164142360,BTCUSDT,88174.86,0.0146,buy,29347085
1766164142494,BTCUSDT,88350.12,0.00016,buy,29347086
1766164157808,BTCUSDT,88349.94,6e-05,buy,29347087
1766164250370,BTCUSDT,88348.17,0.00011,buy,29347088
1766164385310,BTCUSDT,88345.38,6e-05,buy,29347089
1766164490419,BTCUSDT,88342.76,0.00057,buy,29347090
1766164505284,BTCUSDT,88342.4,0.00023,buy,29347091
1766164605577,BTCUSDT,88340.45,0.01413,buy,29347092
1766164608788,BTCUSDT,88340.42,2e-05,buy,29347093
1766164693812,BTCUSDT,88341.96,2e-05,buy,29347094
1766164971230,BTCUSDT,88077.1,0.02569,sell,29347095
1766165019617,BTCUSDT,87983.38,2e-05,sell,29347096
1766165204741,BTCUSDT,88291.31,2e-05,buy,29347097
1766165300652,BTCUSDT,87984.94,0.00497,sell,29347098
1766165300652,BTCUSDT,87984.93,0.01508,sell,29347099
1766165347184,BTCUSDT,87900.0,0.13481,sell,29347100
1766165348180,BTCUSDT,87900.01,0.00348,sell,29347101
1766165349186,BTCUSDT,87900.0,0.04984,sell,29347102
1766165350192,BTCUSDT,87900.0,8e-05,sell,29347103
1766165352198,BTCUSDT,87900.0,0.01333,sell,29347104
1766165353205,BTCUSDT,87900.0,2e-05,sell,29347105
1766165353245,BTCUSDT,87900.0,0.00026,sell,29347106
1766165353266,BTCUSDT,87900.0,0.0022,sell,29347107
1766165353306,BTCUSDT,87900.0,0.0022,sell,29347108
1766165353319,BTCUSDT,87900.0,0.0022,sell,29347109
1766165353844,BTCUSDT,87900.0,0.03007,sell,29347110
1766165357346,BTCUSDT,87785.7,0.00103,sell,29347111
1766165373594,BTCUSDT,87785.7,1e-05,sell,29347112
1766165373594,BTCUSDT,87785.69,0.00025,sell,29347113
1766165373594,BTCUSDT,87785.68,7e-05,sell,29347114
1766165376490,BTCUSDT,87728.2,0.00073,sell,29347115
1766165376500,BTCUSDT,87728.2,0.00084,sell,29347116
1766165376507,BTCUSDT,87682.68,0.0003,sell,29347117
1766165376507,BTCUSDT,87632.31,0.00021,sell,29347118
1766165376507,BTCUSDT,87618.6,0.00026,sell,29347119
1766165433941,BTCUSDT,87546.43,0.00163,sell,29347120
1766165449942,BTCUSDT,87546.44,0.0005,sell,29347121
1766165455277,BTCUSDT,87546.44,0.00086,sell,29347122
1766165455433,BTCUSDT,87545.18,7e-05,sell,29347123
1766165455909,BTCUSDT,87545.18,6e-05,sell,29347124
1766165495856,BTCUSDT,87617.75,0.00028,buy,29347125
1766165507375,BTCUSDT,87417.26,0.00105,sell,29347126
1766165511383,BTCUSDT,87416.88,0.00026,sell,29347127
1766165514425,BTCUSDT,87416.88,0.00012,sell,29347128
1766165515389,BTCUSDT,87397.0,8e-05,sell,29347129
1766165530317,BTCUSDT,87397.0,0.00017,sell,29347130
1766165584208,BTCUSDT,87329.18,0.00069,sell,29347131
1766165598024,BTCUSDT,87329.22,0.00028,sell,29347132
1766165598053,BTCUSDT,87329.22,0.00375,sell,29347133
1766165598053,BTCUSDT,87328.96,0.00189,sell,29347134
1766165598071,BTCUSDT,87263.0,2e-05,sell,29347135
1766165598071,BTCUSDT,87258.96,7e-05,sell,29347136
1766165598071,BTCUSDT,87244.57,0.0003,sell,29347137
1766165598071,BTCUSDT,87222.79,0.00089,sell,29347138
1766165598071,BTCUSDT,87207.52,0.00032,sell,29347139
1766165598072,BTCUSDT,87207.52,0.00126,sell,29347140
1766165598072,BTCUSDT,87182.29,0.00026,sell,29347141
1766165598072,BTCUSDT,87180.0,0.00015,sell,29347142
1766165599916,BTCUSDT,87163.68,0.00052,sell,29347143
1766165600974,BTCUSDT,87130.85,4e-05,sell,29347144
1766165601259,BTCUSDT,87130.85,9e-05,sell,29347145
1766165601481,BTCUSDT,87130.85,0.00073,sell,29347146
1766165760811,BTCUSDT,87263.59,0.0011,buy,29347147
1766165790527,BTCUSDT,87263.27,0.01488,buy,29347148
1766165790527,BTCUSDT,87263.29,0.01337,buy,29347149
1766165798595,BTCUSDT,87489.33,2e-05,buy,29347150
1766165837363,BTCUSDT,87488.56,0.00195,buy,29347151
1766165857654,BTCUSDT,87487.98,0.00287,buy,29347152
1766166065310,BTCUSDT,87413.0,0.00011,buy,29347153
1766166075473,BTCUSDT,87161.66,0.01352,sell,29347154
1766166083689,BTCUSDT,87099.53,0.00029,sell,29347155
1766166339527,BTCUSDT,87044.07,0.01081,sell,29347156
1766166340718,BTCUSDT,87044.07,2e-05,sell,29347157
1766166343285,BTCUSDT,87020.74,0.00012,sell,29347158
1766166391307,BTCUSDT,87020.74,1e-05,sell,29347159
1766166391307,BTCUSDT,87000.01,0.0026,sell,29347160
1766166391620,BTCUSDT,87254.29,2e-05,buy,29347161
1766166394624,BTCUSDT,87000.0,0.00018,sell,29347162
1766166395295,BTCUSDT,87000.0,0.00064,sell,29347163
1766166395313,BTCUSDT,87000.0,0.00088,sell,29347164
1766166395895,BTCUSDT,87000.0,0.00289,sell,29347165
1766166412895,BTCUSDT,86915.87,0.00063,sell,29347166
1766166520038,BTCUSDT,87161.48,0.01467,buy,29347167
1766166520038,BTCUSDT,87161.49,0.00015,buy,29347168
1766166520038,BTCUSDT,87162.3,0.00957,buy,29347169
1766166583642,BTCUSDT,87087.59,0.0001,sell,29347170
1766166605799,BTCUSDT,87537.39,2e-05,buy,29347171
1766166874568,BTCUSDT,87170.77,0.00042,sell,29347172
1766167134680,BTCUSDT,87179.36,0.00036,sell,29347173
1766167135686,BTCUSDT,87179.36,9e-05,sell,29347174
1766167172675,BTCUSDT,86941.95,0.00024,sell,29347175
1766167235358,BTCUSDT,87204.1,0.00023,buy,29347176
1766167252737,BTCUSDT,86915.84,3e-05,sell,29347177
1766167265347,BTCUSDT,87176.73,0.00023,buy,29347178
1766167295262,BTCUSDT,87176.15,0.00011,buy,29347179
1766167398935,BTCUSDT,87175.24,0.00022,buy,29347180
1766167610382,BTCUSDT,86928.78,9e-05,sell,29347181
1766167644812,BTCUSDT,87176.94,0.00029,buy,29347182
1766167667623,BTCUSDT,87176.81,0.00057,buy,29347183
1766167685311,BTCUSDT,87176.7,6e-05,buy,29347184
1766167700427,BTCUSDT,87176.48,3e-05,buy,29347185
1766167715307,BTCUSDT,87176.28,5e-05,buy,29347186
1766167742624,BTCUSDT,87176.56,0.00172,buy,29347187
1766167742624,BTCUSDT,87177.06,0.00174,buy,29347188
1766167749938,BTCUSDT,87176.34,0.00064,sell,29347189
1766167751847,BTCUSDT,87176.34,0.00022,sell,29347190
1766167760381,BTCUSDT,87176.34,0.00022,sell,29347191
1766167763449,BTCUSDT,87176.34,0.01008,sell,29347192
1766167860203,BTCUSDT,87220.02,0.00229,buy,29347193
1766167925325,BTCUSDT,87262.63,0.00023,buy,29347194
1766168015287,BTCUSDT,87261.1,0.00011,buy,29347195
1766168120313,BTCUSDT,87260.11,6e-05,buy,29347196
1766168167671,BTCUSDT,87008.44,2e-05,sell,29347197
1766168175493,BTCUSDT,87260.16,0.02856,buy,29347198
1766168175781,BTCUSDT,87260.16,1e-05,buy,29347199
1766168175946,BTCUSDT,87263.29,0.04798,buy,29347200
1766168175953,BTCUSDT,87263.29,2e-05,buy,29347201
1766168179793,BTCUSDT,87305.29,0.00392,buy,29347202
1766168180503,BTCUSDT,87305.29,0.00075,buy,29347203
1766168360439,BTCUSDT,87317.18,6e-05,buy,29347204
1766168414717,BTCUSDT,87320.0,2e-05,buy,29347205
1766168414717,BTCUSDT,87320.83,0.00019,buy,29347206
1766168414717,BTCUSDT,87320.84,0.00093,buy,29347207
1766168510484,BTCUSDT,87419.26,0.00011,buy,29347208
1766168720044,BTCUSDT,87415.74,0.00017,buy,29347209
1766168803146,BTCUSDT,87419.19,0.00181,buy,29347210
1766168881716,BTCUSDT,87484.67,0.0001,buy,29347211
1766169110441,BTCUSDT,87480.6,0.00011,buy,29347212
1766169121798,BTCUSDT,87480.23,0.0003,buy,29347213
1766169766829,BTCUSDT,87233.23,0.0007,buy,29347214
1766169770379,BTCUSDT,87233.19,0.00069,buy,29347215
1766169771649,BTCUSDT,87233.16,0.0001,buy,29347216
1766169875052,BTCUSDT,86978.19,0.00197,sell,29347217
1766169891514,BTCUSDT,87229.83,0.0001,buy,29347218
1766169903758,BTCUSDT,87229.55,0.00318,buy,29347219
1766169920479,BTCUSDT,87229.25,6e-05,buy,29347220
1766170400342,BTCUSDT,87338.86,0.00114,buy,29347221
1766170610384,BTCUSDT,87337.37,0.00091,buy,29347222
1766170760690,BTCUSDT,87335.44,0.00011,buy,29347223
1766170760690,BTCUSDT,87335.45,0.00069,buy,29347224
1766170835363,BTCUSDT,87333.9,8e-05,buy,29347225
1766170940411,BTCUSDT,87332.27,8e-05,buy,29347226
1766170940411,BTCUSDT,87332.28,9e-05,buy,29347227
1766170950187,BTCUSDT,87059.03,0.00076,sell,29347228
1766170995818,BTCUSDT,87061.51,0.00035,sell,29347229
1766171171715,BTCUSDT,87462.61,6e-05,buy,29347230
1766171171715,BTCUSDT,87462.62,0.00041,buy,29347231
1766171328839,BTCUSDT,87149.57,0.00025,sell,29347232
1766171375349,BTCUSDT,87459.29,0.00029,buy,29347233
1766171510386,BTCUSDT,87457.43,0.00023,buy,29347234
1766171548483,BTCUSDT,87456.96,0.00453,buy,29347235
1766171605996,BTCUSDT,87178.67,0.0001,sell,29347236
1766171645352,BTCUSDT,87455.8,4e-05,buy,29347237
1766171645352,BTCUSDT,87455.81,0.0011,buy,29347238
1766171691212,BTCUSDT,87455.33,3e-05,buy,29347239
1766171691212,BTCUSDT,87455.34,0.00031,buy,29347240
1766171720449,BTCUSDT,87454.78,3e-05,buy,29347241
1766171925372,BTCUSDT,87452.49,0.00124,buy,29347242
1766171930413,BTCUSDT,87452.49,1e-05,buy,29347243
1766171930413,BTCUSDT,87454.41,0.00016,buy,29347244
1766171930578,BTCUSDT,87454.43,0.05265,buy,29347245
1766171973971,BTCUSDT,87545.06,0.00417,buy,29347246
1766171973971,BTCUSDT,87545.18,1e-05,buy,29347247
1766171976556,BTCUSDT,87545.18,0.00012,buy,29347248
1766172049234,BTCUSDT,87675.83,4e-05,buy,29347249
1766172049234,BTCUSDT,87676.2,0.00077,buy,29347250
1766172074328,BTCUSDT,87545.18,0.005,buy,29347251
1766172290384,BTCUSDT,87774.22,0.00114,buy,29347252
1766172305959,BTCUSDT,87774.02,7e-05,buy,29347253
1766172306072,BTCUSDT,87459.19,0.00016,sell,29347254
1766172306745,BTCUSDT,87773.97,0.00024,buy,29347255
1766172334445,BTCUSDT,87536.03,0.00011,sell,29347256
1766172590382,BTCUSDT,87777.08,0.00011,buy,29347257
1766172755271,BTCUSDT,87773.65,0.00114,buy,29347258
1766172868315,BTCUSDT,87772.35,0.00057,buy,29347259
1766172888465,BTCUSDT,87570.51,0.00024,sell,29347260
1766172910127,BTCUSDT,87571.25,0.05624,sell,29347261
1766172910612,BTCUSDT,87772.07,0.00024,buy,29347262
1766172931770,BTCUSDT,87778.84,2e-05,buy,29347263
1766172931809,BTCUSDT,87785.68,6e-05,buy,29347264
1766172933862,BTCUSDT,87785.68,1e-05,buy,29347265
1766172942452,BTCUSDT,87879.77,0.00526,buy,29347266
1766172942452,BTCUSDT,87906.96,0.00129,buy,29347267
1766172942452,BTCUSDT,87923.69,0.00046,buy,29347268
1766172942452,BTCUSDT,87937.99,0.04299,buy,29347269
1766173028409,BTCUSDT,87952.88,0.00037,buy,29347270
1766173030124,BTCUSDT,87952.88,1e-05,buy,29347271
1766173030218,BTCUSDT,88000.0,0.00453,buy,29347272
1766173076904,BTCUSDT,87635.32,5e-05,sell,29347273
1766173145321,BTCUSDT,87638.89,4e-05,sell,29347274
1766173479462,BTCUSDT,87995.15,0.00373,buy,29347275
1766173534939,BTCUSDT,87999.68,2e-05,buy,29347276
1766173689480,BTCUSDT,87777.29,0.0031,sell,29347277
1766173823936,BTCUSDT,88000.0,1e-05,buy,29347278
1766173831937,BTCUSDT,88072.79,0.00012,buy,29347279
1766173832137,BTCUSDT,87822.19,0.0001,sell,29347280
1766173985411,BTCUSDT,87824.35,0.00024,sell,29347281
1766173985521,BTCUSDT,88069.41,0.00024,buy,29347282
1766174075311,BTCUSDT,88067.12,0.00045,buy,29347283
1766174388198,BTCUSDT,87774.24,0.0017,sell,29347284
1766174388198,BTCUSDT,87774.23,0.00114,sell,29347285
1766174405394,BTCUSDT,88060.44,0.00113,buy,29347286
1766174421524,BTCUSDT,87774.59,0.00024,sell,29347287
1766174435283,BTCUSDT,88059.8,0.00034,buy,29347288
1766174435421,BTCUSDT,88059.8,0.00024,buy,29347289
1766174465344,BTCUSDT,88059.18,0.00028,buy,29347290
1766174480500,BTCUSDT,88058.73,0.00113,buy,29347291
1766174638612,BTCUSDT,87779.3,0.00227,sell,29347292
1766174673744,BTCUSDT,87779.3,0.00057,sell,29347293
1766174675281,BTCUSDT,88005.95,2e-05,buy,29347294
1766174714379,BTCUSDT,87997.35,0.00019,buy,29347295
1766174755113,BTCUSDT,87996.28,0.00018,buy,29347296
1766174808165,BTCUSDT,87779.52,0.00014,sell,29347297
1766174810179,BTCUSDT,87779.52,4e-05,sell,29347298
1766174891143,BTCUSDT,87969.09,0.00018,buy,29347299
1766174975280,BTCUSDT,87964.25,5e-05,buy,29347300
1766175041642,BTCUSDT,87914.86,0.00011,buy,29347301
1766175050419,BTCUSDT,87914.71,8e-05,buy,29347302
1766175050505,BTCUSDT,87914.71,0.00057,buy,29347303
1766175080439,BTCUSDT,87913.96,3e-05,buy,29347304
1766175215312,BTCUSDT,87911.93,6e-05,buy,29347305
1766175242102,BTCUSDT,87911.48,0.00028,buy,29347306
1766175320387,BTCUSDT,87910.28,0.00057,buy,29347307
1766175557748,BTCUSDT,87913.96,2e-05,buy,29347308
1766175574343,BTCUSDT,87999.81,0.00348,buy,29347309
1766175574793,BTCUSDT,87999.85,0.00359,buy,29347310
1766175575288,BTCUSDT,87999.85,0.00072,buy,29347311
1766175575288,BTCUSDT,88000.0,0.00041,buy,29347312
1766175582259,BTCUSDT,88000.0,0.03347,buy,29347313
1766175696236,BTCUSDT,88000.0,1e-05,buy,29347314
1766175719663,BTCUSDT,88050.0,0.0002,buy,29347315
1766175729777,BTCUSDT,88067.12,0.00282,buy,29347316
1766175733580,BTCUSDT,88067.12,1e-05,buy,29347317
1766175734077,BTCUSDT,88072.79,1e-05,buy,29347318
1766175901060,BTCUSDT,88140.0,0.00019,buy,29347319
1766175910745,BTCUSDT,88140.0,1e-05,buy,29347320
1766175920322,BTCUSDT,88168.16,0.00013,buy,29347321
1766175920322,BTCUSDT,88231.71,0.00157,buy,29347322
1766175936587,BTCUSDT,87849.57,0.00024,sell,29347323
1766176350098,BTCUSDT,87925.78,3e-05,sell,29347324
1766176550723,BTCUSDT,88312.39,6e-05,buy,29347325
1766176550788,BTCUSDT,88312.39,1e-05,buy,29347326
1766176551191,BTCUSDT,88342.37,0.01,buy,29347327
1766176554578,BTCUSDT,88150.52,2e-05,sell,29347328
1766176554578,BTCUSDT,88150.51,8e-05,sell,29347329
1766177168113,BTCUSDT,88290.58,0.00019,buy,29347330
1766177358174,BTCUSDT,88027.76,0.0002,sell,29347331
1766177467197,BTCUSDT,88378.47,0.00018,buy,29347332
1766177496095,BTCUSDT,88378.36,2e-05,buy,29347333
1766177496095,BTCUSDT,88378.4,7e-05,buy,29347334
1766177538215,BTCUSDT,88377.5,2e-05,buy,29347335
1766177538215,BTCUSDT,88377.51,0.00057,buy,29347336
1766177557902,BTCUSDT,88377.01,0.00011,buy,29347337
1766177723071,BTCUSDT,88078.63,6e-05,sell,29347338
1766177965355,BTCUSDT,88224.18,0.0002,buy,29347339
1766178313670,BTCUSDT,88027.76,0.00133,sell,29347340
1766178395300,BTCUSDT,88158.05,6e-05,buy,29347341
1766178424346,BTCUSDT,87847.77,0.00141,sell,29347342
1766178425314,BTCUSDT,88157.22,0.00057,buy,29347343
1766178507066,BTCUSDT,88154.89,0.00023,buy,29347344
1766178530076,BTCUSDT,87848.47,0.00018,sell,29347345
1766178545310,BTCUSDT,88153.99,0.00034,buy,29347346
1766178590438,BTCUSDT,88152.96,0.00057,buy,29347347
1766178691641,BTCUSDT,88151.12,0.00011,buy,29347348
1766178736766,BTCUSDT,88150.29,5e-05,buy,29347349
1766178860314,BTCUSDT,88147.57,6e-05,buy,29347350
1766178905349,BTCUSDT,88146.67,0.00028,buy,29347351
1766178905411,BTCUSDT,88146.67,0.00034,buy,29347352
1766178943213,BTCUSDT,88145.9,6e-05,buy,29347353
1766178995545,BTCUSDT,87853.69,5e-05,sell,29347354
1766179035294,BTCUSDT,87853.92,0.00023,sell,29347355
1766179648637,BTCUSDT,88139.89,0.00024,buy,29347356
1766179844190,BTCUSDT,88137.47,0.00242,buy,29347357
1766180070938,BTCUSDT,88134.67,0.00073,buy,29347358
1766180124148,BTCUSDT,88133.23,5e-05,buy,29347359
1766180229715,BTCUSDT,88131.66,6e-05,buy,29347360
1766180230937,BTCUSDT,87879.37,0.0005,sell,29347361
1766180375308,BTCUSDT,88129.92,0.00028,buy,29347362
1766180413838,BTCUSDT,88129.3,0.023,buy,29347363
1766180570376,BTCUSDT,88127.07,6e-05,buy,29347364
1766180660421,BTCUSDT,88125.24,0.00034,buy,29347365
1766180894737,BTCUSDT,87885.28,0.00056,sell,29347366
1766180960512,BTCUSDT,87885.29,0.00034,sell,29347367
1766180960905,BTCUSDT,88117.35,0.00034,buy,29347368
1766181076282,BTCUSDT,88114.3,0.00113,buy,29347369
1766181384250,BTCUSDT,87840.01,0.00114,sell,29347370
1766181656879,BTCUSDT,88031.13,0.00014,buy,29347371
1766181656879,BTCUSDT,88031.14,0.00043,buy,29347372
1766181703013,BTCUSDT,88030.55,0.00185,buy,29347373
1766181815304,BTCUSDT,88164.61,0.00028,buy,29347374
1766181845308,BTCUSDT,88164.12,0.00113,buy,29347375
1766181890109,BTCUSDT,88163.28,0.0001,buy,29347376
1766181890109,BTCUSDT,88163.29,0.0017,buy,29347377
1766181890109,BTCUSDT,88163.3,0.00237,buy,29347378
1766181905312,BTCUSDT,88163.13,2e-05,buy,29347379
1766181931436,BTCUSDT,87849.86,0.0002,sell,29347380
1766182065220,BTCUSDT,88187.82,8e-05,buy,29347381
1766182065220,BTCUSDT,88187.83,5e-05,buy,29347382
1766182101163,BTCUSDT,88187.47,2e-05,buy,29347383
1766182475288,BTCUSDT,88183.89,0.00028,buy,29347384
1766182542047,BTCUSDT,87934.84,0.00241,sell,29347385
1766182604708,BTCUSDT,87937.48,0.00015,sell,29347386
1766182703207,BTCUSDT,88181.47,0.0017,buy,29347387
1766182703207,BTCUSDT,88181.48,0.00102,buy,29347388
1766182740126,BTCUSDT,87944.52,0.00272,sell,29347389
1766183015308,BTCUSDT,88187.97,0.00339,buy,29347390
1766183018605,BTCUSDT,88187.97,0.00871,buy,29347391
1766183020099,BTCUSDT,88187.99,0.01651,buy,29347392
1766183023806,BTCUSDT,88187.99,0.00529,buy,29347393
1766183024813,BTCUSDT,88188.0,0.00112,buy,29347394
1766183032822,BTCUSDT,88188.0,1e-05,buy,29347395
1766183260846,BTCUSDT,88331.12,0.00011,buy,29347396
1766183345302,BTCUSDT,88329.52,8e-05,buy,29347397
1766183360419,BTCUSDT,88329.25,0.00226,buy,29347398
1766183578892,BTCUSDT,87989.99,0.00097,sell,29347399
1766183649970,BTCUSDT,87993.07,0.00012,sell,29347400
1766183705319,BTCUSDT,88323.35,0.00011,buy,29347401
1766184081616,BTCUSDT,88333.0,0.00055,buy,29347402
1766184081864,BTCUSDT,88333.0,1e-05,buy,29347403
1766184081864,BTCUSDT,88377.0,0.00023,buy,29347404
1766184123900,BTCUSDT,88070.56,0.00024,sell,29347405
1766184124007,BTCUSDT,88377.0,0.00024,buy,29347406
1766184320573,BTCUSDT,88377.01,0.00194,buy,29347407
1766184320573,BTCUSDT,88378.46,0.00088,buy,29347408
1766184337488,BTCUSDT,88378.46,0.00239,buy,29347409
1766184605050,BTCUSDT,88121.69,0.00068,sell,29347410
1766184644239,BTCUSDT,88123.11,0.00057,sell,29347411
1766184787283,BTCUSDT,88129.36,0.00017,sell,29347412
1766184864513,BTCUSDT,88375.42,0.00014,buy,29347413
1766184873984,BTCUSDT,88375.24,9e-05,buy,29347414
1766185191084,BTCUSDT,88369.93,3e-05,buy,29347415
1766185221965,BTCUSDT,88369.93,0.00033,sell,29347416
1766185295276,BTCUSDT,88377.35,0.00056,buy,29347417
1766185385278,BTCUSDT,88376.06,0.00028,buy,29347418
1766185525072,BTCUSDT,88373.99,6e-05,buy,29347419
1766185535344,BTCUSDT,88373.79,6e-05,buy,29347420
1766185611933,BTCUSDT,88372.6,2e-05,buy,29347421
1766185640378,BTCUSDT,88372.2,0.00023,buy,29347422
1766185880414,BTCUSDT,88368.51,4e-05,buy,29347423
1766185895312,BTCUSDT,88368.36,0.00023,buy,29347424
1766185906516,BTCUSDT,88368.21,0.00011,buy,29347425
1766185985305,BTCUSDT,88367.22,0.00023,buy,29347426
1766186075275,BTCUSDT,88365.89,6e-05,buy,29347427
1766186105315,BTCUSDT,88365.36,0.00011,buy,29347428
1766186142950,BTCUSDT,88158.98,0.00239,sell,29347429
1766186212785,BTCUSDT,88363.48,3e-05,buy,29347430
1766186698869,BTCUSDT,88171.95,0.00106,sell,29347431
1766186753887,BTCUSDT,88174.56,0.00052,sell,29347432
1766186900395,BTCUSDT,88360.49,0.00565,buy,29347433
1766187019025,BTCUSDT,88360.58,0.00057,buy,29347434
1766187267501,BTCUSDT,88200.0,0.00423,buy,29347435
1766187441666,BTCUSDT,88199.99,0.00023,buy,29347436
1766187596280,BTCUSDT,88153.9,0.00105,sell,29347437
1766187596280,BTCUSDT,88153.89,0.00427,sell,29347438
1766187758146,BTCUSDT,88200.0,0.48164,buy,29347439
1766187759152,BTCUSDT,88200.0,0.00072,buy,29347440
1766187760159,BTCUSDT,88200.0,0.00339,buy,29347441
1766187761176,BTCUSDT,88200.0,0.04132,buy,29347442
1766187762182,BTCUSDT,88200.0,0.04715,buy,29347443
1766187763189,BTCUSDT,88200.0,7e-05,buy,29347444
1766187765196,BTCUSDT,88200.0,0.00596,buy,29347445
1766187766203,BTCUSDT,88200.0,0.00515,buy,29347446
1766187767209,BTCUSDT,88200.0,0.00233,buy,29347447
1766187768215,BTCUSDT,88200.0,0.0002,buy,29347448
1766187769222,BTCUSDT,88200.0,0.00091,buy,29347449
1766187771229,BTCUSDT,88200.0,0.00565,buy,29347450
1766187773235,BTCUSDT,88200.0,2e-05,buy,29347451
1766187774241,BTCUSDT,88200.0,5e-05,buy,29347452
1766187782250,BTCUSDT,88200.0,5e-05,buy,29347453
1766188145700,BTCUSDT,88034.43,0.00031,sell,29347454
1766188146468,BTCUSDT,88034.48,0.00024,sell,29347455
1766188385286,BTCUSDT,88199.88,0.00034,buy,29347456
1766188460343,BTCUSDT,88199.78,0.00068,buy,29347457
1766188537819,BTCUSDT,88199.13,0.00024,buy,29347458
1766188537924,BTCUSDT,88199.13,0.00016,buy,29347459
1766188705282,BTCUSDT,88046.18,0.0338,sell,29347460
1766188775274,BTCUSDT,88196.84,0.00023,buy,29347461
1766188940414,BTCUSDT,88199.54,0.00011,buy,29347462
1766188969262,BTCUSDT,88026.71,0.0004,sell,29347463
1766188969688,BTCUSDT,88198.52,0.00016,buy,29347464
1766188985291,BTCUSDT,88198.15,0.00011,buy,29347465
1766189100030,BTCUSDT,88028.2,0.00016,sell,29347466
1766189100191,BTCUSDT,88028.2,0.00016,sell,29347467
1766189105378,BTCUSDT,88195.12,0.00011,buy,29347468
1766189110220,BTCUSDT,88194.82,0.00039,buy,29347469
1766189360388,BTCUSDT,88186.52,0.00113,buy,29347470
1766189406467,BTCUSDT,88184.9,8e-05,buy,29347471
1766189525322,BTCUSDT,88181.02,0.00011,buy,29347472
1766189660401,BTCUSDT,88182.01,0.00011,buy,29347473
1766189720607,BTCUSDT,88181.42,0.00015,buy,29347474
1766189960494,BTCUSDT,88195.7,0.00032,buy,29347475
1766190030659,BTCUSDT,88041.65,2e-05,sell,29347476
1766190068933,BTCUSDT,88041.79,3e-05,sell,29347477
1766190276963,BTCUSDT,88187.96,0.00382,buy,29347478
1766190306984,BTCUSDT,88199.69,0.0001,buy,29347479
1766190361151,BTCUSDT,88198.68,0.00033,buy,29347480
1766190545369,BTCUSDT,88199.96,0.00113,buy,29347481
1766190560483,BTCUSDT,88199.93,0.00113,buy,29347482
1766190748398,BTCUSDT,88199.35,5e-05,buy,29347483
1766190877939,BTCUSDT,88065.93,5e-05,sell,29347484
1766190877939,BTCUSDT,88065.92,0.00906,sell,29347485
1766190901496,BTCUSDT,88195.93,0.00011,buy,29347486
1766191437480,BTCUSDT,87928.67,2e-05,sell,29347487
1766191438987,BTCUSDT,87928.81,3e-05,sell,29347488
1766191516002,BTCUSDT,87934.03,2e-05,sell,29347489
1766191551886,BTCUSDT,87936.32,2e-05,sell,29347490
1766191552689,BTCUSDT,87936.39,7e-05,sell,29347491
1766191595340,BTCUSDT,88176.92,0.00034,buy,29347492
1766191818681,BTCUSDT,87948.11,4e-05,sell,29347493
1766191874838,BTCUSDT,87950.07,0.0002,sell,29347494
1766192042619,BTCUSDT,87952.67,2e-05,sell,29347495
1766192099775,BTCUSDT,87952.92,0.00066,sell,29347496
1766192180676,BTCUSDT,87953.12,2e-05,sell,29347497
1766192331998,BTCUSDT,87956.29,8e-05,sell,29347498
1766192333912,BTCUSDT,87956.29,3e-05,sell,29347499
1766192361913,BTCUSDT,88154.61,0.00013,buy,29347500
1766192361913,BTCUSDT,88154.62,0.00023,buy,29347501
1766192373359,BTCUSDT,87956.39,2e-05,sell,29347502
1766192388207,BTCUSDT,87956.43,2e-05,sell,29347503
1766192404584,BTCUSDT,87956.45,0.00011,sell,29347504
1766192430128,BTCUSDT,87956.54,2e-05,sell,29347505
1766192450216,BTCUSDT,87956.83,3e-05,sell,29347506
1766192465313,BTCUSDT,88151.13,0.00019,buy,29347507
1766192466230,BTCUSDT,87957.44,0.00012,sell,29347508
1766192474786,BTCUSDT,87957.87,0.00052,sell,29347509
1766192495947,BTCUSDT,87958.58,2e-05,sell,29347510
1766192518673,BTCUSDT,88149.49,0.00078,buy,29347511
1766192540405,BTCUSDT,88148.89,0.00017,buy,29347512
1766192540482,BTCUSDT,88148.89,0.00034,buy,29347513
1766192626374,BTCUSDT,88146.31,0.00017,buy,29347514
1766192645316,BTCUSDT,88145.84,0.00011,buy,29347515
1766192647403,BTCUSDT,87962.2,4e-05,sell,29347516
1766192660471,BTCUSDT,88145.44,6e-05,buy,29347517
1766192724689,BTCUSDT,87963.93,3e-05,sell,29347518
1766192793325,BTCUSDT,88141.22,0.00064,buy,29347519
1766192841846,BTCUSDT,87965.23,0.00011,sell,29347520
1766192994321,BTCUSDT,87969.86,3e-05,sell,29347521
1766193193321,BTCUSDT,87975.86,2e-05,sell,29347522
1766193215316,BTCUSDT,88130.35,5e-05,buy,29347523
1766193275342,BTCUSDT,88128.91,6e-05,buy,29347524
1766193319864,BTCUSDT,87980.44,4e-05,sell,29347525
1766193319864,BTCUSDT,87980.43,0.00283,sell,29347526
1766193353036,BTCUSDT,88185.01,0.00068,buy,29347527
1766193493422,BTCUSDT,88182.72,0.00324,buy,29347528
1766193613280,BTCUSDT,87993.76,0.00321,sell,29347529
1766193673202,BTCUSDT,88177.99,0.00318,buy,29347530
1766193858922,BTCUSDT,88003.35,0.0017,sell,29347531
1766193858922,BTCUSDT,88003.34,0.00147,sell,29347532
1766193913302,BTCUSDT,88173.09,0.00315,buy,29347533
1766194033503,BTCUSDT,88013.52,0.00313,sell,29347534
1766194147274,BTCUSDT,88176.36,0.00019,buy,29347535
1766194214512,BTCUSDT,88174.76,0.0031,buy,29347536
1766194244559,BTCUSDT,88174.09,0.00238,buy,29347537
1766194393370,BTCUSDT,88026.05,0.0017,sell,29347538
1766194393370,BTCUSDT,88026.04,0.00138,sell,29347539
1766194407366,BTCUSDT,88026.41,0.0017,sell,29347540
1766194407366,BTCUSDT,88026.4,0.02166,sell,29347541
1766194513316,BTCUSDT,88166.25,0.0017,buy,29347542
1766194513316,BTCUSDT,88166.28,0.00137,buy,29347543
1766194579151,BTCUSDT,88031.97,0.00305,sell,29347544
1766194753644,BTCUSDT,88160.53,0.0017,buy,29347545
1766194753644,BTCUSDT,88160.54,0.00132,buy,29347546
1766194850448,BTCUSDT,88158.4,0.00011,buy,29347547
1766194970439,BTCUSDT,88154.48,0.00113,buy,29347548
1766195315327,BTCUSDT,88145.63,0.00043,buy,29347549
1766195547362,BTCUSDT,88140.28,0.00034,buy,29347550
1766195573125,BTCUSDT,88139.73,0.0003,buy,29347551
1766195756519,BTCUSDT,88032.6,0.00616,sell,29347552
1766195756519,BTCUSDT,88032.59,0.01005,sell,29347553
1766195756519,BTCUSDT,88032.58,0.0003,sell,29347554
1766195756519,BTCUSDT,88032.11,0.04,sell,29347555
1766195756519,BTCUSDT,88029.4,0.05203,sell,29347556
1766195917077,BTCUSDT,88029.42,0.00015,sell,29347557
1766195917077,BTCUSDT,88029.41,0.01429,sell,29347558
1766196110775,BTCUSDT,88098.33,0.00014,buy,29347559
1766196112324,BTCUSDT,88098.33,0.00016,buy,29347560
1766196185320,BTCUSDT,88096.65,0.00011,buy,29347561
1766196260478,BTCUSDT,88094.65,3e-05,buy,29347562
1766196335285,BTCUSDT,88093.15,0.00023,buy,29347563
1766196375786,BTCUSDT,88092.12,0.00976,buy,29347564
1766196500363,BTCUSDT,88089.22,0.00028,buy,29347565
1766196500417,BTCUSDT,88089.22,2e-05,buy,29347566
1766196515350,BTCUSDT,88088.94,0.00011,buy,29347567
1766196575298,BTCUSDT,88087.57,0.00011,buy,29347568
1766196740379,BTCUSDT,88084.38,0.00014,buy,29347569
1766196800396,BTCUSDT,88082.81,0.00113,buy,29347570
1766196860475,BTCUSDT,88081.18,0.00011,buy,29347571
1766196905352,BTCUSDT,88080.21,0.00011,buy,29347572
1766196907568,BTCUSDT,88080.19,0.00013,buy,29347573
1766196956862,BTCUSDT,88082.27,0.00519,buy,29347574
1766196957822,BTCUSDT,88115.24,0.0035,buy,29347575
1766196987409,BTCUSDT,88115.25,0.00021,buy,29347576
1766197026719,BTCUSDT,88161.19,0.00025,buy,29347577
1766197266761,BTCUSDT,88156.51,0.00079,buy,29347578
1766197266932,BTCUSDT,88156.51,0.00024,buy,29347579
1766197316377,BTCUSDT,87955.8,8e-05,sell,29347580
1766197469746,BTCUSDT,88153.45,0.00022,buy,29347581
1766197631517,BTCUSDT,88150.47,0.00063,buy,29347582
1766197920586,BTCUSDT,88144.89,0.00028,buy,29347583
1766197978317,BTCUSDT,88161.61,0.00068,buy,29347584
1766198285963,BTCUSDT,88197.97,0.01133,buy,29347585
1766198595560,BTCUSDT,88200.0,0.00018,buy,29347586
1766198600382,BTCUSDT,88376.54,0.01583,buy,29347587
1766198720711,BTCUSDT,88027.71,9e-05,sell,29347588
1766198835213,BTCUSDT,88369.29,0.00016,buy,29347589
1766199096593,BTCUSDT,88359.7,5e-05,buy,29347590
1766199515266,BTCUSDT,88343.52,6e-05,buy,29347591
1766199530382,BTCUSDT,88343.05,0.00068,buy,29347592
1766199635369,BTCUSDT,88339.87,0.00023,buy,29347593
1766199649189,BTCUSDT,88070.66,0.00237,sell,29347594
1766199674611,BTCUSDT,88338.59,2e-05,buy,29347595
1766199800416,BTCUSDT,88335.17,8e-05,buy,29347596
1766199890368,BTCUSDT,88332.15,0.00028,buy,29347597
1766199920396,BTCUSDT,88331.2,0.00011,buy,29347598
1766200025318,BTCUSDT,88328.54,0.00113,buy,29347599
1766200040512,BTCUSDT,88328.14,0.00073,buy,29347600
1766200145274,BTCUSDT,88325.89,0.00045,buy,29347601
1766200145314,BTCUSDT,88325.89,0.00056,buy,29347602
1766200152896,BTCUSDT,88325.78,0.0003,buy,29347603
1766200185350,BTCUSDT,88103.44,0.00021,sell,29347604
1766200254676,BTCUSDT,88105.62,0.00029,sell,29347605
1766200295318,BTCUSDT,88322.31,0.00011,buy,29347606
1766200341212,BTCUSDT,88108.55,0.00013,sell,29347607
1766200490310,BTCUSDT,88315.9,0.00028,buy,29347608
1766200491077,BTCUSDT,88113.43,0.00109,sell,29347609
1766200498686,BTCUSDT,88315.56,0.00011,buy,29347610
1766200520365,BTCUSDT,88314.81,0.00011,buy,29347611
1766200547714,BTCUSDT,88313.93,0.00028,buy,29347612
1766200684638,BTCUSDT,88309.72,6e-05,buy,29347613
1766200791112,BTCUSDT,88123.44,2e-05,sell,29347614
1766201476781,BTCUSDT,88151.55,0.00034,sell,29347615
1766201840412,BTCUSDT,88349.26,0.00011,buy,29347616
1766202508296,BTCUSDT,88199.58,6e-05,sell,29347617
1766202516714,BTCUSDT,88345.9,0.00052,buy,29347618
1766202590438,BTCUSDT,88344.32,0.00113,buy,29347619
1766203172873,BTCUSDT,88329.16,5e-05,buy,29347620
1766203172873,BTCUSDT,88329.17,0.00069,buy,29347621
1766203370513,BTCUSDT,88324.17,0.00017,buy,29347622
1766203490379,BTCUSDT,88321.47,2e-05,buy,29347623
1766203580396,BTCUSDT,88319.45,6e-05,buy,29347624
1766203655344,BTCUSDT,88317.34,0.00056,buy,29347625
1766203685358,BTCUSDT,88316.39,0.00028,buy,29347626
1766203708397,BTCUSDT,88315.53,0.00053,buy,29347627
1766203730479,BTCUSDT,88314.64,0.00016,buy,29347628
1766203805280,BTCUSDT,88311.44,0.00045,buy,29347629
1766203922794,BTCUSDT,88070.13,0.0017,sell,29347630
1766203922794,BTCUSDT,88070.12,0.00163,sell,29347631
1766203950243,BTCUSDT,88305.82,6e-05,buy,29347632
1766204015266,BTCUSDT,88303.09,0.00011,buy,29347633
1766204040174,BTCUSDT,88302.19,0.00011,buy,29347634
1766204077490,BTCUSDT,88300.94,9e-05,buy,29347635
1766204153605,BTCUSDT,88297.83,0.00012,buy,29347636
1766204336248,BTCUSDT,88079.13,0.00049,sell,29347637
1766204543736,BTCUSDT,88284.68,0.00034,buy,29347638
1766204629039,BTCUSDT,88281.44,0.00025,buy,29347639
1766204799707,BTCUSDT,88276.22,2e-05,buy,29347640
1766204900389,BTCUSDT,88273.3,0.00056,buy,29347641
1766205085928,BTCUSDT,88269.13,0.00439,buy,29347642
1766205179787,BTCUSDT,88291.02,0.00396,buy,29347643
1766206222625,BTCUSDT,88157.39,0.00019,sell,29347644
1766206520419,BTCUSDT,88340.07,0.00113,buy,29347645
1766206835313,BTCUSDT,88335.15,6e-05,buy,29347646
1766206910371,BTCUSDT,88334.63,0.00017,buy,29347647
1766207060411,BTCUSDT,88342.99,0.0004,buy,29347648
1766207090313,BTCUSDT,88342.93,0.00113,buy,29347649
1766207243230,BTCUSDT,88309.5,0.0001,sell,29347650
1766207300439,BTCUSDT,88343.97,0.0004,buy,29347651
1766207316979,BTCUSDT,88309.5,0.00639,sell,29347652
1766207420469,BTCUSDT,88341.38,0.00028,buy,29347653
1766207450441,BTCUSDT,88344.32,6e-05,buy,29347654
1766207772704,BTCUSDT,88367.85,0.00036,buy,29347655
1766207774699,BTCUSDT,88369.29,0.00016,buy,29347656
1766207803439,BTCUSDT,88214.4,0.005,sell,29347657
1766207838241,BTCUSDT,88216.86,0.00118,sell,29347658
1766207932399,BTCUSDT,88376.97,0.00024,buy,29347659
1766207932399,BTCUSDT,88377.0,0.00012,buy,29347660
1766207932399,BTCUSDT,88378.47,0.00128,buy,29347661
1766208057199,BTCUSDT,88398.05,0.00069,buy,29347662
1766208062383,BTCUSDT,88422.28,0.00112,buy,29347663
1766208062574,BTCUSDT,88422.29,0.00031,buy,29347664
1766208066763,BTCUSDT,88449.14,0.00011,buy,29347665
1766208072689,BTCUSDT,88232.74,0.0001,sell,29347666
1766208283155,BTCUSDT,88243.07,5e-05,sell,29347667
1766208667087,BTCUSDT,88260.38,0.00075,sell,29347668
1766208796295,BTCUSDT,88483.08,0.00263,buy,29347669
1766208796295,BTCUSDT,88483.09,0.00248,buy,29347670
1766209134573,BTCUSDT,88491.81,0.0003,buy,29347671
1766209458106,BTCUSDT,88492.17,0.00038,buy,29347672
1766209458106,BTCUSDT,88500.0,0.00962,buy,29347673
1766209458204,BTCUSDT,88500.0,0.01136,buy,29347674
1766209458204,BTCUSDT,88520.0,0.00012,buy,29347675
1766209458204,BTCUSDT,88548.24,0.00082,buy,29347676
1766209459305,BTCUSDT,88548.26,0.00088,buy,29347677
1766210283938,BTCUSDT,88543.11,9e-05,buy,29347678
1766210530409,BTCUSDT,88264.6,0.00136,sell,29347679
1766210602213,BTCUSDT,88532.79,0.00056,buy,29347680
1766210885362,BTCUSDT,88524.06,0.00028,buy,29347681
1766211095358,BTCUSDT,88517.74,0.0002,buy,29347682
1766211129843,BTCUSDT,88516.9,6e-05,buy,29347683
1766211200482,BTCUSDT,88515.25,3e-05,buy,29347684
1766211215279,BTCUSDT,88514.96,0.00011,buy,29347685
1766211440313,BTCUSDT,88510.07,0.00113,buy,29347686
1766211515361,BTCUSDT,88507.91,2e-05,buy,29347687
1766211658496,BTCUSDT,88304.7,0.00022,sell,29347688
1766212245616,BTCUSDT,88317.96,0.00351,sell,29347689
1766212268095,BTCUSDT,88318.06,0.00012,sell,29347690
1766212729206,BTCUSDT,88166.69,4e-05,sell,29347691
1766213866645,BTCUSDT,88451.42,0.00056,buy,29347692
1766213871834,BTCUSDT,88195.32,0.00068,sell,29347693
1766214007305,BTCUSDT,88198.55,6e-05,sell,29347694
1766214020413,BTCUSDT,88447.69,0.00113,buy,29347695
1766214065311,BTCUSDT,88446.98,0.00011,buy,29347696
1766214170345,BTCUSDT,88445.42,6e-05,buy,29347697
1766214266870,BTCUSDT,88443.32,0.00096,buy,29347698
1766214650365,BTCUSDT,88435.29,6e-05,buy,29347699
1766214695303,BTCUSDT,88434.29,0.00011,buy,29347700
1766215158583,BTCUSDT,88424.97,0.00061,buy,29347701
1766215158899,BTCUSDT,88424.97,0.00065,buy,29347702
1766215159826,BTCUSDT,88424.94,0.00063,buy,29347703
1766215383810,BTCUSDT,88193.01,0.0035,sell,29347704
1766215616990,BTCUSDT,88414.43,2e-05,buy,29347705
1766216450417,BTCUSDT,88393.65,0.00056,buy,29347706
1766216542269,BTCUSDT,88391.61,0.00027,buy,29347707
1766216615270,BTCUSDT,88389.84,0.00011,buy,29347708
1766216883690,BTCUSDT,88383.31,0.00403,buy,29347709
1766217740386,BTCUSDT,88370.27,0.00023,buy,29347710
1766217965371,BTCUSDT,88390.27,6e-05,buy,29347711
1766218135495,BTCUSDT,88388.74,9e-05,buy,29347712
1766218389851,BTCUSDT,88386.03,3e-05,buy,29347713
1766218889953,BTCUSDT,88223.96,0.00025,sell,29347714
1766220306477,BTCUSDT,88440.68,7e-05,buy,29347715
1766220698378,BTCUSDT,88434.76,0.00011,buy,29347716
1766220809605,BTCUSDT,88433.27,0.00011,buy,29347717
1766221203182,BTCUSDT,88257.16,0.0102,sell,29347718
1766222478701,BTCUSDT,88401.72,0.00369,buy,29347719
1766222902007,BTCUSDT,88234.01,0.00015,sell,29347720
1766222902007,BTCUSDT,88395.29,0.00039,buy,29347721
1766223190007,BTCUSDT,88391.01,7e-05,buy,29347722
1766225240412,BTCUSDT,88356.16,6e-05,buy,29347723
1766225383111,BTCUSDT,88115.37,6e-05,sell,29347724
1766225416772,BTCUSDT,88116.12,0.00033,sell,29347725
1766225598164,BTCUSDT,88349.51,0.00034,buy,29347726
1766226063850,BTCUSDT,88341.17,0.00011,buy,29347727
1766227255946,BTCUSDT,88128.13,0.0002,sell,29347728
1766227730364,BTCUSDT,88299.09,0.00045,buy,29347729
1766228427675,BTCUSDT,88285.99,0.00017,buy,29347730
1766228733892,BTCUSDT,88279.7,0.00021,buy,29347731
1766228733892,BTCUSDT,88279.71,9e-05,buy,29347732
1766228855355,BTCUSDT,88277.21,0.00023,buy,29347733
1766228870378,BTCUSDT,88276.88,0.00056,buy,29347734
1766228885298,BTCUSDT,88276.53,6e-05,buy,29347735
1766228990453,BTCUSDT,88274.42,0.00028,buy,29347736
1766229200409,BTCUSDT,88269.35,3e-05,buy,29347737
1766229260382,BTCUSDT,88268.24,0.00057,buy,29347738
1766229290309,BTCUSDT,88267.78,8e-05,buy,29347739
1766229753026,BTCUSDT,88258.59,2e-05,buy,29347740
1766229770860,BTCUSDT,88258.36,2e-05,buy,29347741
1766229882505,BTCUSDT,88064.35,0.00045,sell,29347742
1766229893303,BTCUSDT,88441.03,0.0002,buy,29347743
1766229980396,BTCUSDT,88439.3,0.00113,buy,29347744
1766231495271,BTCUSDT,88404.48,0.00113,buy,29347745
1766232080441,BTCUSDT,88394.76,2e-05,buy,29347746
1766232140488,BTCUSDT,88393.89,0.00028,buy,29347747
1766232275369,BTCUSDT,88391.04,0.00011,buy,29347748
1766232430926,BTCUSDT,88162.32,2e-05,sell,29347749
1766232605357,BTCUSDT,88380.98,6e-05,buy,29347750
1766232605416,BTCUSDT,88380.98,6e-05,buy,29347751
1766232770370,BTCUSDT,88375.8,6e-05,buy,29347752
1766235288856,BTCUSDT,88283.72,0.00447,buy,29347753
1766235380420,BTCUSDT,88281.52,0.00028,buy,29347754
1766235948985,BTCUSDT,88402.86,0.00011,buy,29347755
1766236098501,BTCUSDT,88198.37,0.0078,sell,29347756
1766236098501,BTCUSDT,88198.36,0.0022,sell,29347757
1766236100148,BTCUSDT,88198.36,0.00532,sell,29347758
1766236107897,BTCUSDT,88146.93,0.0106,sell,29347759
1766236109030,BTCUSDT,88146.93,0.00046,sell,29347760
1766236205383,BTCUSDT,88374.22,2e-05,buy,29347761
1766236250416,BTCUSDT,88372.99,0.00113,buy,29347762
1766236400344,BTCUSDT,88369.83,0.00011,buy,29347763
1766236444469,BTCUSDT,88368.81,0.00011,buy,29347764
1766236475360,BTCUSDT,88368.11,0.00018,buy,29347765
1766236475360,BTCUSDT,88368.12,5e-05,buy,29347766
1766236587585,BTCUSDT,88106.28,0.01436,sell,29347767
1766236587585,BTCUSDT,88106.27,1e-05,sell,29347768
1766236587715,BTCUSDT,88106.27,0.01436,sell,29347769
1766236588593,BTCUSDT,88106.27,0.02781,sell,29347770
1766236588593,BTCUSDT,88106.26,2e-05,sell,29347771
1766236775276,BTCUSDT,88293.86,0.00011,buy,29347772
1766236881172,BTCUSDT,88025.18,0.00652,sell,29347773
1766236881172,BTCUSDT,88025.15,0.00083,sell,29347774
1766236881188,BTCUSDT,88000.0,0.00026,sell,29347775
1766236881987,BTCUSDT,87952.88,0.00038,sell,29347776
1766236883780,BTCUSDT,87931.94,0.00031,sell,29347777
1766237135376,BTCUSDT,88160.75,0.00028,buy,29347778
1766237647068,BTCUSDT,87902.99,4e-05,sell,29347779
1766238123868,BTCUSDT,88175.95,0.0041,buy,29347780
1766238297608,BTCUSDT,88289.08,7e-05,buy,29347781
1766239235319,BTCUSDT,88280.43,3e-05,buy,29347782
1766239250418,BTCUSDT,88280.35,6e-05,buy,29347783
1766239495009,BTCUSDT,88275.28,2e-05,buy,29347784
1766239805289,BTCUSDT,88264.87,0.00011,buy,29347785
1766239813710,BTCUSDT,88264.69,4e-05,buy,29347786
1766239921712,BTCUSDT,88262.18,0.00034,buy,29347787
1766240000393,BTCUSDT,88260.26,0.00012,buy,29347788
1766240030438,BTCUSDT,88259.55,6e-05,buy,29347789
1766240290207,BTCUSDT,88253.74,0.00036,buy,29347790
1766240583614,BTCUSDT,87941.27,0.00046,sell,29347791
1766240724419,BTCUSDT,88243.9,0.00027,buy,29347792
1766241005546,BTCUSDT,88237.32,0.00376,buy,29347793
1766242070394,BTCUSDT,88360.46,0.00113,buy,29347794
1766242320086,BTCUSDT,88011.66,0.07114,sell,29347795
1766242320090,BTCUSDT,88011.66,0.0004,sell,29347796
1766242385288,BTCUSDT,88354.31,6e-05,buy,29347797
1766242508260,BTCUSDT,88021.24,7e-05,sell,29347798
1766242852846,BTCUSDT,88037.13,0.00026,sell,29347799
1766242870492,BTCUSDT,88038.18,0.00046,sell,29347800
1766242896089,BTCUSDT,88345.04,0.00029,buy,29347801
1766242940453,BTCUSDT,88344.21,0.00017,buy,29347802
1766242940488,BTCUSDT,88344.21,0.00023,buy,29347803
1766243090370,BTCUSDT,88341.37,2e-05,buy,29347804
1766243282469,BTCUSDT,88337.52,0.00113,buy,29347805
1766243345316,BTCUSDT,88336.19,0.00113,buy,29347806
1766243435281,BTCUSDT,88334.59,3e-05,buy,29347807
1766243439762,BTCUSDT,88334.53,0.00011,buy,29347808
1766243480480,BTCUSDT,88333.83,0.00011,buy,29347809
1766243525368,BTCUSDT,88333.16,0.00056,buy,29347810
1766243540468,BTCUSDT,88332.91,0.00023,buy,29347811
1766243570721,BTCUSDT,88332.35,6e-05,buy,29347812
1766243615120,BTCUSDT,88063.18,3e-05,sell,29347813
1766243615120,BTCUSDT,88063.14,0.0006,sell,29347814
1766243705299,BTCUSDT,88330.04,0.00023,buy,29347815
1766243970692,BTCUSDT,88069.57,0.0031,sell,29347816
1766244908781,BTCUSDT,88287.04,7e-05,buy,29347817
1766245190310,BTCUSDT,88280.56,0.00011,buy,29347818
1766245265314,BTCUSDT,88278.89,0.00113,buy,29347819
1766245504446,BTCUSDT,88273.9,0.00169,buy,29347820
1766245504446,BTCUSDT,88273.91,0.00176,buy,29347821
1766245535295,BTCUSDT,88273.26,0.00056,buy,29347822
1766246195369,BTCUSDT,88262.26,6e-05,buy,29347823
1766246321147,BTCUSDT,87995.21,0.00113,sell,29347824
1766246860947,BTCUSDT,88254.14,2e-05,buy,29347825
1766246990356,BTCUSDT,88252.74,0.00028,buy,29347826
1766247245344,BTCUSDT,88250.48,0.00023,buy,29347827
1766247265660,BTCUSDT,88250.3,0.00012,buy,29347828
1766247275317,BTCUSDT,88250.19,0.00011,buy,29347829
1766247335368,BTCUSDT,88249.6,6e-05,buy,29347830
1766247335381,BTCUSDT,88249.6,6e-05,buy,29347831
1766247626636,BTCUSDT,88246.57,0.00224,buy,29347832
1766248467205,BTCUSDT,88235.13,5e-05,buy,29347833
1766248565565,BTCUSDT,88065.15,4e-05,sell,29347834
1766249095104,BTCUSDT,88070.15,0.00681,sell,29347835
1766249617048,BTCUSDT,87937.69,0.0004,sell,29347836
1766249626561,BTCUSDT,88213.8,0.0004,buy,29347837
1766249643759,BTCUSDT,88213.61,0.0004,buy,29347838
1766249653200,BTCUSDT,88213.47,0.0004,buy,29347839
1766249707882,BTCUSDT,87942.46,0.0004,sell,29347840
1766249716908,BTCUSDT,87942.92,0.0004,sell,29347841
1766249725872,BTCUSDT,88212.62,0.0004,buy,29347842
1766249737133,BTCUSDT,88212.5,0.0004,buy,29347843
1766249747736,BTCUSDT,87944.59,0.0004,sell,29347844
1766249755995,BTCUSDT,87944.98,6e-05,sell,29347845
1766249765522,BTCUSDT,88212.23,0.0004,buy,29347846
1766249893828,BTCUSDT,87951.81,0.0004,sell,29347847
1766249903753,BTCUSDT,87952.32,0.0004,sell,29347848
1766250095379,BTCUSDT,88209.59,2e-05,buy,29347849
1766250125341,BTCUSDT,88209.28,0.00057,buy,29347850
1766250170413,BTCUSDT,88209.03,0.00057,buy,29347851
1766250184109,BTCUSDT,88208.89,0.00316,buy,29347852
1766250284112,BTCUSDT,88209.88,0.00057,buy,29347853
1766250470304,BTCUSDT,88235.53,0.00028,buy,29347854
1766250650408,BTCUSDT,88234.09,0.00011,buy,29347855
1766250905294,BTCUSDT,88230.74,0.00023,buy,29347856
1766251423071,BTCUSDT,88234.93,0.00791,buy,29347857
1766251430365,BTCUSDT,88235.96,0.00073,buy,29347858
1766251490352,BTCUSDT,88235.9,2e-05,buy,29347859
1766251745310,BTCUSDT,88235.82,0.00961,buy,29347860
1766251745370,BTCUSDT,88235.82,0.00023,buy,29347861
1766251745370,BTCUSDT,88235.82,0.00565,buy,29347862
1766251895311,BTCUSDT,88235.79,6e-05,buy,29347863
1766252030004,BTCUSDT,88235.17,0.00011,buy,29347864
1766252045314,BTCUSDT,88235.17,0.00028,buy,29347865
1766252345299,BTCUSDT,88234.37,0.00028,buy,29347866
1766252440462,BTCUSDT,88233.38,0.00113,buy,29347867
1766252570473,BTCUSDT,88232.08,0.0017,buy,29347868
1766252570473,BTCUSDT,88232.09,0.00395,buy,29347869
1766252790611,BTCUSDT,88064.8,0.00075,sell,29347870
1766252794111,BTCUSDT,88229.83,0.00057,buy,29347871
1766253132669,BTCUSDT,88074.85,0.00023,sell,29347872
1766253635343,BTCUSDT,88235.78,0.00569,buy,29347873
1766253665365,BTCUSDT,88235.58,0.00023,buy,29347874
1766253695321,BTCUSDT,88235.39,0.00011,buy,29347875
1766253739212,BTCUSDT,88235.12,0.0017,buy,29347876
1766253739212,BTCUSDT,88235.13,0.00667,buy,29347877
1766253744740,BTCUSDT,88212.23,0.00011,sell,29347878
1766253744740,BTCUSDT,88190.33,0.00023,sell,29347879
1766253744740,BTCUSDT,88190.32,0.00196,sell,29347880
1766253752062,BTCUSDT,88235.05,0.0003,buy,29347881
1766253762791,BTCUSDT,88235.68,0.0003,buy,29347882
1766253771468,BTCUSDT,88235.64,0.0003,buy,29347883
1766253781388,BTCUSDT,88235.63,0.0003,buy,29347884
1766253790030,BTCUSDT,88235.57,0.0002,buy,29347885
1766253790030,BTCUSDT,88235.58,0.0001,buy,29347886
1766253798017,BTCUSDT,88080.36,0.0003,sell,29347887
1766253807625,BTCUSDT,88235.45,0.0003,buy,29347888
1766253817103,BTCUSDT,88235.32,0.0003,buy,29347889
1766253828835,BTCUSDT,88080.7,0.0003,sell,29347890
1766253841869,BTCUSDT,88235.05,0.0003,buy,29347891
1766253853548,BTCUSDT,88234.76,0.0003,buy,29347892
1766253856608,BTCUSDT,88081.32,0.001,sell,29347893
1766253862244,BTCUSDT,88081.47,0.0003,sell,29347894
1766253875298,BTCUSDT,88234.36,0.0003,buy,29347895
1766253884343,BTCUSDT,88234.24,0.0003,buy,29347896
1766253894133,BTCUSDT,88081.94,0.0003,sell,29347897
1766253904468,BTCUSDT,88234.01,0.0003,buy,29347898
1766253914897,BTCUSDT,88233.89,0.0003,buy,29347899
1766253926802,BTCUSDT,88082.35,0.0003,sell,29347900
1766253936615,BTCUSDT,88233.59,0.0003,buy,29347901
1766253944626,BTCUSDT,88233.52,0.0003,buy,29347902
1766253953409,BTCUSDT,88233.38,0.0002,buy,29347903
1766253965385,BTCUSDT,88233.2,0.00011,buy,29347904
1766254025351,BTCUSDT,88232.35,0.00057,buy,29347905
1766254053609,BTCUSDT,88231.94,0.00028,buy,29347906
1766254069150,BTCUSDT,88231.71,0.00057,buy,29347907
1766254083803,BTCUSDT,88084.28,0.0003,sell,29347908
1766254097306,BTCUSDT,88231.27,0.0003,buy,29347909
1766254100412,BTCUSDT,88231.21,3e-05,buy,29347910
1766254114347,BTCUSDT,88084.72,0.0003,sell,29347911
1766254115353,BTCUSDT,88230.9,5e-05,buy,29347912
1766254148329,BTCUSDT,88230.32,0.0003,buy,29347913
1766254189731,BTCUSDT,88229.73,0.00099,buy,29347914
1766254220368,BTCUSDT,88086.41,0.0003,sell,29347915
1766254235736,BTCUSDT,88228.56,0.0003,buy,29347916
1766254251076,BTCUSDT,88087.17,0.0003,sell,29347917
1766254261066,BTCUSDT,88087.39,0.0003,sell,29347918
1766254269781,BTCUSDT,88227.41,0.0003,buy,29347919
1766254278361,BTCUSDT,88227.18,0.0003,buy,29347920
1766254280482,BTCUSDT,88227.14,0.00028,buy,29347921
1766254340440,BTCUSDT,88225.26,0.00028,buy,29347922
1766254388544,BTCUSDT,88090.51,0.0003,sell,29347923
1766254396384,BTCUSDT,88090.72,0.0003,sell,29347924
1766254404414,BTCUSDT,88223.66,0.0003,buy,29347925
1766254413359,BTCUSDT,88223.39,0.0003,buy,29347926
1766254415264,BTCUSDT,88223.35,0.00011,buy,29347927
1766254422044,BTCUSDT,88091.52,0.0003,sell,29347928
1766254439601,BTCUSDT,88222.71,0.0003,buy,29347929
1766254520485,BTCUSDT,88220.75,6e-05,buy,29347930
1766254560842,BTCUSDT,88095.5,0.0003,sell,29347931
1766254568501,BTCUSDT,88095.77,0.0003,sell,29347932
1766254576454,BTCUSDT,88219.38,0.0003,buy,29347933
1766254587017,BTCUSDT,88219.24,0.0003,buy,29347934
1766254594885,BTCUSDT,88096.48,0.0003,sell,29347935
1766254604320,BTCUSDT,88096.68,0.0003,sell,29347936
1766254612566,BTCUSDT,88218.75,0.00029,buy,29347937
1766254612566,BTCUSDT,88218.76,1e-05,buy,29347938
1766254620942,BTCUSDT,88218.63,0.0003,buy,29347939
1766254630654,BTCUSDT,88097.4,0.0003,sell,29347940
1766254641210,BTCUSDT,88218.37,0.0003,buy,29347941
1766254690769,BTCUSDT,88099.31,0.00125,sell,29347942
1766254752679,BTCUSDT,88100.51,0.0003,sell,29347943
1766254761568,BTCUSDT,88215.56,0.0003,buy,29347944
1766254778754,BTCUSDT,88101.23,0.0003,sell,29347945
1766254788582,BTCUSDT,88217.5,0.0003,buy,29347946
1766254840005,BTCUSDT,88102.9,0.0003,sell,29347947
1766254848871,BTCUSDT,88103.11,0.0003,sell,29347948
1766254858297,BTCUSDT,88365.26,0.0003,buy,29347949
1766254866919,BTCUSDT,88103.51,0.0003,sell,29347950
1766254876007,BTCUSDT,88103.69,0.0003,sell,29347951
1766254885238,BTCUSDT,88364.03,0.0003,buy,29347952
1766254894465,BTCUSDT,88363.58,0.0003,buy,29347953
1766254903375,BTCUSDT,88104.42,0.0003,sell,29347954
1766254911941,BTCUSDT,88362.84,0.0003,buy,29347955
1766254920843,BTCUSDT,88362.46,0.0003,buy,29347956
1766255018051,BTCUSDT,88358.0,0.22224,buy,29347957
1766255036423,BTCUSDT,88108.76,0.0003,sell,29347958
1766255044723,BTCUSDT,88109.03,0.0003,sell,29347959
1766255053226,BTCUSDT,88356.44,0.0003,buy,29347960
1766255060678,BTCUSDT,88356.23,0.0003,buy,29347961
1766255069331,BTCUSDT,88109.77,0.0003,sell,29347962
1766255077958,BTCUSDT,88110.12,0.0003,sell,29347963
1766255086114,BTCUSDT,88355.23,0.0003,buy,29347964
1766255095052,BTCUSDT,88354.81,0.0003,buy,29347965
1766255105300,BTCUSDT,88354.41,0.00113,buy,29347966
1766255106723,BTCUSDT,88111.02,0.0003,sell,29347967
1766255123337,BTCUSDT,88353.69,0.0003,buy,29347968
1766255222687,BTCUSDT,88349.64,0.00289,buy,29347969
1766255240960,BTCUSDT,88115.27,0.0003,sell,29347970
1766255249479,BTCUSDT,88115.53,0.0003,sell,29347971
1766255257667,BTCUSDT,88115.84,0.0003,sell,29347972
1766255266591,BTCUSDT,88347.69,0.0003,buy,29347973
1766255275745,BTCUSDT,88347.32,0.0003,buy,29347974
1766255284897,BTCUSDT,88116.5,0.0003,sell,29347975
1766255291175,BTCUSDT,88346.76,5e-05,buy,29347976
1766255295825,BTCUSDT,88116.97,0.0003,sell,29347977
1766255304768,BTCUSDT,88346.22,0.0003,buy,29347978
1766255313032,BTCUSDT,88345.9,0.0003,buy,29347979
1766255338035,BTCUSDT,88344.87,0.0003,buy,29347980
1766255342840,BTCUSDT,88344.71,2e-05,buy,29347981
1766255348972,BTCUSDT,88118.69,0.17052,sell,29347982
1766255392115,BTCUSDT,88342.33,2e-05,buy,29347983
1766255396125,BTCUSDT,88120.37,0.0003,sell,29347984
1766255405742,BTCUSDT,88341.74,0.0003,buy,29347985
1766255493941,BTCUSDT,88123.96,0.0003,sell,29347986
1766255501794,BTCUSDT,88124.22,0.0003,sell,29347987
1766255509480,BTCUSDT,88336.77,0.0003,buy,29347988
1766255517955,BTCUSDT,88124.77,0.0003,sell,29347989
1766255527680,BTCUSDT,88125.0,0.0003,sell,29347990
1766255536329,BTCUSDT,88125.15,0.0003,sell,29347991
1766255544494,BTCUSDT,88335.34,0.0003,buy,29347992
1766255552352,BTCUSDT,88335.05,0.0003,buy,29347993
1766255560533,BTCUSDT,88125.79,0.0003,sell,29347994
1766255568395,BTCUSDT,88334.54,0.0003,buy,29347995
1766255576279,BTCUSDT,88334.14,0.0003,buy,29347996
1766255584346,BTCUSDT,88333.88,0.0003,buy,29347997
1766255695910,BTCUSDT,88128.59,0.0003,sell,29347998
1766255704379,BTCUSDT,88328.95,0.0003,buy,29347999
1766255728262,BTCUSDT,88129.46,0.0003,sell,29348000
1766255736374,BTCUSDT,88129.73,0.0003,sell,29348001
1766255747541,BTCUSDT,88327.25,0.0003,buy,29348002
1766255756114,BTCUSDT,88326.87,0.0003,buy,29348003
1766255764141,BTCUSDT,88130.7,0.0003,sell,29348004
1766255772605,BTCUSDT,88130.99,0.0003,sell,29348005
1766255784004,BTCUSDT,88325.63,0.0003,buy,29348006
1766255793749,BTCUSDT,88325.26,0.0003,buy,29348007
1766255915577,BTCUSDT,88132.71,0.0003,sell,29348008
1766255924165,BTCUSDT,88132.76,0.0003,sell,29348009
1766255932616,BTCUSDT,88319.61,0.0003,buy,29348010
1766255942889,BTCUSDT,88319.23,0.0003,buy,29348011
1766255953493,BTCUSDT,88133.02,0.0003,sell,29348012
1766255961432,BTCUSDT,88133.11,0.0003,sell,29348013
1766255972209,BTCUSDT,88318.2,0.0003,buy,29348014
1766255974648,BTCUSDT,88133.24,0.0017,sell,29348015
1766255974648,BTCUSDT,88133.23,5e-05,sell,29348016
1766255982136,BTCUSDT,88317.78,0.0003,buy,29348017
1766255999546,BTCUSDT,88133.43,0.0003,sell,29348018
1766256009976,BTCUSDT,88316.61,0.0003,buy,29348019
1766256125173,BTCUSDT,88311.61,0.00011,buy,29348020
1766256148800,BTCUSDT,88134.71,0.0003,sell,29348021
1766256155306,BTCUSDT,88310.23,0.00011,buy,29348022
1766256158513,BTCUSDT,88310.08,0.0003,buy,29348023
1766256186270,BTCUSDT,88135.02,0.0003,sell,29348024
1766256195349,BTCUSDT,88135.11,0.0003,sell,29348025
1766256205772,BTCUSDT,88308.63,0.0003,buy,29348026
1766256214182,BTCUSDT,88308.35,0.0003,buy,29348027
1766256222689,BTCUSDT,88135.34,0.0003,sell,29348028
1766256239146,BTCUSDT,88307.45,0.0003,buy,29348029
1766256351053,BTCUSDT,88136.47,0.0003,sell,29348030
1766256359148,BTCUSDT,88136.55,0.0003,sell,29348031
1766256366632,BTCUSDT,88302.17,0.0003,buy,29348032
1766256375147,BTCUSDT,88301.88,0.0003,buy,29348033
1766256383000,BTCUSDT,88136.75,0.0003,sell,29348034
1766256391614,BTCUSDT,88136.85,0.0003,sell,29348035
1766256399648,BTCUSDT,88300.92,0.0003,buy,29348036
1766256406909,BTCUSDT,88300.67,0.0003,buy,29348037
1766256450576,BTCUSDT,88299.04,0.00095,buy,29348038
1766256508669,BTCUSDT,88137.54,0.0003,sell,29348039
1766256516748,BTCUSDT,88137.62,0.0003,sell,29348040
1766256525094,BTCUSDT,88295.89,0.0003,buy,29348041
1766256533950,BTCUSDT,88295.65,0.0003,buy,29348042
1766256541421,BTCUSDT,88137.81,0.0003,sell,29348043
1766256558378,BTCUSDT,88294.82,0.0003,buy,29348044
1766256650385,BTCUSDT,88292.1,0.00027,buy,29348045
1766256650385,BTCUSDT,88292.11,7e-05,buy,29348046
1766256799949,BTCUSDT,88285.99,0.00079,buy,29348047
1766256890469,BTCUSDT,88283.19,0.00113,buy,29348048
1766256995290,BTCUSDT,88279.82,0.00011,buy,29348049
1766257015882,BTCUSDT,88279.13,0.01344,buy,29348050
1766257015882,BTCUSDT,88279.14,0.01385,buy,29348051
1766257015882,BTCUSDT,88279.16,0.04,buy,29348052
1766257015882,BTCUSDT,88279.18,8e-05,buy,29348053
1766257015883,BTCUSDT,88279.18,0.00396,buy,29348054
1766257015901,BTCUSDT,88279.18,0.04261,buy,29348055
1766257051455,BTCUSDT,88149.37,0.00032,sell,29348056
1766257340416,BTCUSDT,88398.04,0.00017,buy,29348057
1766257406837,BTCUSDT,88395.61,0.001,buy,29348058
1766257640185,BTCUSDT,88172.09,0.00025,sell,29348059
1766257965572,BTCUSDT,88183.19,0.0004,sell,29348060
1766257973012,BTCUSDT,88374.83,0.0004,buy,29348061
1766257991142,BTCUSDT,88184.53,0.0004,sell,29348062
1766258000600,BTCUSDT,88184.84,0.0004,sell,29348063
1766258009330,BTCUSDT,88374.12,0.0004,buy,29348064
1766258017510,BTCUSDT,88373.97,0.0004,buy,29348065
1766258030403,BTCUSDT,88373.73,0.00113,buy,29348066
1766258090312,BTCUSDT,88372.04,0.00017,buy,29348067
1766258090369,BTCUSDT,88372.04,0.00034,buy,29348068
1766258091271,BTCUSDT,88187.52,0.0004,sell,29348069
1766258101347,BTCUSDT,88187.86,0.0004,sell,29348070
1766258111813,BTCUSDT,88371.41,0.0004,buy,29348071
1766258120088,BTCUSDT,88371.23,0.0004,buy,29348072
1766258120398,BTCUSDT,88371.23,3e-05,buy,29348073
1766258128698,BTCUSDT,88188.56,0.0004,sell,29348074
1766258139434,BTCUSDT,88188.84,0.0004,sell,29348075
1766258149712,BTCUSDT,88370.22,0.0004,buy,29348076
1766258159193,BTCUSDT,88369.89,0.0004,buy,29348077
1766258168455,BTCUSDT,88189.81,0.0004,sell,29348078
1766258176932,BTCUSDT,88369.23,0.0004,buy,29348079
1766258195571,BTCUSDT,88190.57,0.0004,sell,29348080
1766258203915,BTCUSDT,88368.22,0.0004,buy,29348081
1766258210383,BTCUSDT,88368.02,0.00113,buy,29348082
1766258333630,BTCUSDT,88192.74,0.0004,sell,29348083
1766258341030,BTCUSDT,88363.27,0.0004,buy,29348084
1766258371097,BTCUSDT,88193.97,0.0004,sell,29348085
1766258378622,BTCUSDT,88194.28,0.0004,sell,29348086
1766258387034,BTCUSDT,88361.39,0.0004,buy,29348087
1766258395029,BTCUSDT,88361.15,0.0004,buy,29348088
1766258404119,BTCUSDT,88194.73,0.0004,sell,29348089
1766258412684,BTCUSDT,88194.81,0.0004,sell,29348090
1766258420867,BTCUSDT,88360.46,0.0004,buy,29348091
1766258429381,BTCUSDT,88360.26,0.0004,buy,29348092
1766258539826,BTCUSDT,88195.55,0.0004,sell,29348093
1766258547508,BTCUSDT,88195.59,0.0004,sell,29348094
1766258555684,BTCUSDT,88355.42,0.0004,buy,29348095
1766258564044,BTCUSDT,88355.07,0.0004,buy,29348096
1766258579417,BTCUSDT,88195.7,0.0004,sell,29348097
1766258595566,BTCUSDT,88354.03,0.0004,buy,29348098
1766258676518,BTCUSDT,88196.3,0.0004,sell,29348099
1766258684357,BTCUSDT,88350.77,0.0004,buy,29348100
1766258701161,BTCUSDT,88196.4,0.0004,sell,29348101
1766258709213,BTCUSDT,88196.44,0.0004,sell,29348102
1766258717582,BTCUSDT,88349.77,0.0004,buy,29348103
1766258725884,BTCUSDT,88349.57,0.0004,buy,29348104
1766258734164,BTCUSDT,88196.54,0.0004,sell,29348105
1766258742457,BTCUSDT,88196.6,0.0004,sell,29348106
1766258750740,BTCUSDT,88348.9,0.0004,buy,29348107
1766258759592,BTCUSDT,88348.69,0.0004,buy,29348108
1766258874249,BTCUSDT,88197.71,0.0004,sell,29348109
1766258884353,BTCUSDT,88197.81,0.0004,sell,29348110
1766258892443,BTCUSDT,88344.06,0.0004,buy,29348111
1766259215317,BTCUSDT,88333.2,0.00011,buy,29348112
1766259293273,BTCUSDT,88330.92,0.00138,buy,29348113
1766259420554,BTCUSDT,88202.12,2e-05,sell,29348114
1766259468574,BTCUSDT,88202.12,0.0137,sell,29348115
1766259468615,BTCUSDT,88202.12,0.00031,buy,29348116
1766259468673,BTCUSDT,88202.12,0.00032,buy,29348117
1766259476609,BTCUSDT,88026.6,0.00137,sell,29348118
1766259496967,BTCUSDT,88202.11,0.00461,buy,29348119
1766259496967,BTCUSDT,88202.12,0.00539,buy,29348120
1766259515344,BTCUSDT,88202.12,0.00487,buy,29348121
1766259515344,BTCUSDT,88255.28,0.0008,buy,29348122
1766259595596,BTCUSDT,88259.69,0.00033,buy,29348123
1766259633279,BTCUSDT,88258.99,0.01695,buy,29348124
1766259800467,BTCUSDT,88257.07,0.00028,buy,29348125
1766259835397,BTCUSDT,88256.86,0.01358,buy,29348126
1766259942154,BTCUSDT,88255.14,0.00095,buy,29348127
1766259965383,BTCUSDT,88254.58,0.03391,buy,29348128
1766260169064,BTCUSDT,88065.42,0.00011,sell,29348129
1766260790412,BTCUSDT,88247.24,0.00023,buy,29348130
1766260835311,BTCUSDT,88246.54,0.00034,buy,29348131
1766260925364,BTCUSDT,88244.6,0.00011,buy,29348132
1766260985341,BTCUSDT,88243.11,0.00057,buy,29348133
1766261075315,BTCUSDT,88241.11,2e-05,buy,29348134
1766261194839,BTCUSDT,88239.41,0.00664,buy,29348135
1766261225505,BTCUSDT,88098.32,0.0001,sell,29348136
1766261339978,BTCUSDT,88324.22,9e-05,buy,29348137
1766261375314,BTCUSDT,88323.0,5e-05,buy,29348138
1766261442968,BTCUSDT,88321.41,0.00011,buy,29348139
1766261450342,BTCUSDT,88321.16,8e-05,buy,29348140
1766261465313,BTCUSDT,88320.73,0.00056,buy,29348141
1766261473772,BTCUSDT,88320.42,2e-05,buy,29348142
1766261480379,BTCUSDT,88320.27,3e-05,buy,29348143
1766261529185,BTCUSDT,88318.95,0.00265,buy,29348144
1766261615319,BTCUSDT,88317.35,6e-05,buy,29348145
1766261705304,BTCUSDT,88315.88,0.00071,buy,29348146
1766262830411,BTCUSDT,88300.9,0.00068,buy,29348147
1766262856620,BTCUSDT,88138.31,0.00034,sell,29348148
1766263263880,BTCUSDT,88319.75,0.00037,buy,29348149
1766263310070,BTCUSDT,88318.27,0.00017,buy,29348150
1766263398899,BTCUSDT,88315.45,0.00033,buy,29348151
1766263465423,BTCUSDT,88313.56,0.00095,buy,29348152
1766263790471,BTCUSDT,88303.54,0.00023,buy,29348153
1766264011039,BTCUSDT,88173.23,4e-05,sell,29348154
1766264222988,BTCUSDT,88296.0,0.00243,buy,29348155
1766264347152,BTCUSDT,88186.21,0.00021,sell,29348156
1766264423566,BTCUSDT,88188.97,0.01121,sell,29348157
1766264424315,BTCUSDT,88295.75,0.00625,buy,29348158
1766264795315,BTCUSDT,88410.59,6e-05,buy,29348159
1766264844437,BTCUSDT,88201.47,0.00057,sell,29348160
1766264905549,BTCUSDT,88406.62,0.00023,buy,29348161
1766264945352,BTCUSDT,88405.11,0.00034,buy,29348162
1766264990315,BTCUSDT,88403.64,0.00056,buy,29348163
1766265005369,BTCUSDT,88403.24,0.00014,buy,29348164
1766265230380,BTCUSDT,88396.93,0.00023,buy,29348165
1766265230620,BTCUSDT,88396.93,0.00095,buy,29348166
1766265305312,BTCUSDT,88394.65,0.00034,buy,29348167
1766265320480,BTCUSDT,88394.12,0.00028,buy,29348168
1766265602274,BTCUSDT,88422.29,0.00031,buy,29348169
1766266046367,BTCUSDT,88244.32,0.00013,sell,29348170
1766266595838,BTCUSDT,88249.15,0.00039,sell,29348171
1766266620750,BTCUSDT,88415.23,0.00095,buy,29348172
1766266876294,BTCUSDT,88251.52,0.00136,sell,29348173
1766267094715,BTCUSDT,88253.48,7e-05,sell,29348174
1766267245445,BTCUSDT,88246.49,0.00031,sell,29348175
1766267286116,BTCUSDT,88246.76,0.01247,sell,29348176
1766267286116,BTCUSDT,88246.75,0.00622,sell,29348177
1766267367388,BTCUSDT,88185.62,0.00033,sell,29348178
1766267367826,BTCUSDT,88393.08,0.00032,buy,29348179
1766267420413,BTCUSDT,88391.85,0.00113,buy,29348180
1766267540440,BTCUSDT,88388.42,6e-05,buy,29348181
1766267728342,BTCUSDT,88382.61,0.00095,buy,29348182
1766268055305,BTCUSDT,88372.17,0.00056,buy,29348183
1766268110368,BTCUSDT,88370.55,0.00022,buy,29348184
1766268110368,BTCUSDT,88370.56,1e-05,buy,29348185
1766268305289,BTCUSDT,88363.39,2e-05,buy,29348186
1766268445404,BTCUSDT,88357.86,0.0001,buy,29348187
1766268501068,BTCUSDT,88355.86,2e-05,buy,29348188
1766268734169,BTCUSDT,88346.52,0.0002,buy,29348189
1766268881046,BTCUSDT,88156.99,0.00222,sell,29348190
1766268884775,BTCUSDT,88340.25,0.00044,buy,29348191
1766268906193,BTCUSDT,88339.43,2e-05,buy,29348192
1766269023222,BTCUSDT,88334.31,5e-05,buy,29348193
1766269235389,BTCUSDT,88325.41,6e-05,buy,29348194
1766269639224,BTCUSDT,88195.0,0.01015,buy,29348195
1766269795186,BTCUSDT,88251.7,0.0004,buy,29348196
1766269813370,BTCUSDT,88251.29,0.00223,buy,29348197
1766269815829,BTCUSDT,88161.14,0.0004,sell,29348198
1766269823747,BTCUSDT,88161.18,0.0004,sell,29348199
1766269832078,BTCUSDT,88250.97,0.0004,buy,29348200
1766269842230,BTCUSDT,88250.74,0.0004,buy,29348201
1766269850945,BTCUSDT,88161.64,0.0004,sell,29348202
1766269861128,BTCUSDT,88250.44,0.0004,buy,29348203
1766269999334,BTCUSDT,88164.52,0.0004,sell,29348204
1766270007021,BTCUSDT,88164.78,0.0004,sell,29348205
1766270035210,BTCUSDT,88249.44,0.0001,buy,29348206
1766270086862,BTCUSDT,88249.44,0.0003,buy,29348207
1766270204599,BTCUSDT,88276.5,0.00109,buy,29348208
1766270315364,BTCUSDT,88294.36,4e-05,buy,29348209
1766270350605,BTCUSDT,88249.44,0.00562,sell,29348210
1766270375317,BTCUSDT,88292.86,0.00113,buy,29348211
1766270712319,BTCUSDT,88249.45,0.00112,sell,29348212
1766270712319,BTCUSDT,88249.44,0.00639,sell,29348213
1766270712319,BTCUSDT,88243.34,0.00828,sell,29348214
1766271081939,BTCUSDT,88314.03,0.00117,buy,29348215
1766271209598,BTCUSDT,88245.48,3e-05,sell,29348216
1766271680418,BTCUSDT,88355.44,0.00011,buy,29348217
1766271710388,BTCUSDT,88354.82,0.00056,buy,29348218
1766271710421,BTCUSDT,88354.82,0.00023,buy,29348219
1766271755312,BTCUSDT,88354.03,0.00011,buy,29348220
1766271771482,BTCUSDT,88353.66,0.00169,buy,29348221
1766271771482,BTCUSDT,88353.67,0.00397,buy,29348222
1766271785287,BTCUSDT,88353.41,0.00028,buy,29348223
1766271860447,BTCUSDT,88351.65,0.05644,buy,29348224
1766271925810,BTCUSDT,88350.26,6e-05,buy,29348225
1766271935344,BTCUSDT,88358.51,6e-05,buy,29348226
1766271950447,BTCUSDT,88358.3,0.00474,buy,29348227
1766272010407,BTCUSDT,88357.24,6e-05,buy,29348228
1766272025355,BTCUSDT,88356.97,0.00056,buy,29348229
1766272040385,BTCUSDT,88356.65,0.00028,buy,29348230
1766272238699,BTCUSDT,88256.54,0.00177,sell,29348231
1766272259264,BTCUSDT,88352.27,0.00044,buy,29348232
1766272280300,BTCUSDT,88351.87,0.00023,buy,29348233
1766272280351,BTCUSDT,88351.87,4e-05,buy,29348234
1766272301385,BTCUSDT,88257.23,0.00442,sell,29348235
1766272475353,BTCUSDT,88348.66,6e-05,buy,29348236
1766272490415,BTCUSDT,88348.44,0.00011,buy,29348237
1766272961747,BTCUSDT,88437.48,4e-05,buy,29348238
1766273053568,BTCUSDT,88256.16,0.00019,sell,29348239
1766273053568,BTCUSDT,88256.15,0.0051,sell,29348240
1766273153777,BTCUSDT,88402.53,0.00026,sell,29348241
1766273153780,BTCUSDT,88402.53,0.00064,sell,29348242
1766273765312,BTCUSDT,88405.6,6e-05,buy,29348243
1766273859507,BTCUSDT,88402.45,0.00015,buy,29348244
1766274138405,BTCUSDT,88260.09,3e-05,sell,29348245
1766274585541,BTCUSDT,88266.39,0.0001,sell,29348246
1766274906204,BTCUSDT,88394.5,2e-05,buy,29348247
1766274926902,BTCUSDT,88394.5,0.01249,buy,29348248
1766274927894,BTCUSDT,88394.5,0.01249,buy,29348249
1766274928902,BTCUSDT,88394.5,0.0125,buy,29348250
1766274929951,BTCUSDT,88394.5,0.01098,buy,29348251
1766274932389,BTCUSDT,88394.5,0.01099,buy,29348252
1766274933621,BTCUSDT,88394.5,0.01647,buy,29348253
1766275331217,BTCUSDT,88394.22,0.00113,buy,29348254
1766275415385,BTCUSDT,88394.26,6e-05,buy,29348255
1766275512453,BTCUSDT,88294.19,0.00038,sell,29348256
1766275513032,BTCUSDT,88294.19,0.00038,sell,29348257
1766275513564,BTCUSDT,88392.84,0.00041,buy,29348258
1766275925299,BTCUSDT,88384.31,0.00011,buy,29348259
1766275940409,BTCUSDT,88384.06,0.00068,buy,29348260
1766276060546,BTCUSDT,88382.11,0.00011,buy,29348261
1766276210420,BTCUSDT,88379.39,0.00068,buy,29348262
1766276556735,BTCUSDT,88379.38,0.00907,buy,29348263
1766276556964,BTCUSDT,88379.39,0.02263,buy,29348264
1766276585358,BTCUSDT,88379.39,2e-05,buy,29348265
1766276585358,BTCUSDT,88382.11,4e-05,buy,29348266
1766276585536,BTCUSDT,88382.11,0.01352,buy,29348267
1766276870117,BTCUSDT,88382.11,3e-05,buy,29348268
1766277024512,BTCUSDT,88382.11,0.00016,buy,29348269
1766277034595,BTCUSDT,88382.11,0.24446,buy,29348270
1766277066922,BTCUSDT,88382.11,5e-05,buy,29348271
1766277092019,BTCUSDT,88382.11,0.00012,buy,29348272
1766277121821,BTCUSDT,88200.37,5e-05,sell,29348273
1766277291608,BTCUSDT,88208.24,4e-05,sell,29348274
1766277409168,BTCUSDT,88213.53,2e-05,sell,29348275
1766277426262,BTCUSDT,88382.1,0.00102,buy,29348276
1766277450470,BTCUSDT,88382.1,5e-05,buy,29348277
1766277649342,BTCUSDT,88222.28,3e-05,sell,29348278
1766277732556,BTCUSDT,88224.63,2e-05,sell,29348279
1766277758497,BTCUSDT,88376.11,0.00013,buy,29348280
1766277774869,BTCUSDT,88225.79,2e-05,sell,29348281
1766277893479,BTCUSDT,88228.91,3e-05,sell,29348282
1766278030720,BTCUSDT,88232.59,2e-05,sell,29348283
1766278031653,BTCUSDT,88232.63,9e-05,sell,29348284
1766278041992,BTCUSDT,88232.98,0.0003,sell,29348285
1766278050246,BTCUSDT,88369.73,0.0003,buy,29348286
1766278054169,BTCUSDT,88369.67,6e-05,buy,29348287
1766278059284,BTCUSDT,88369.6,0.0003,buy,29348288
1766278076727,BTCUSDT,88233.87,0.0003,sell,29348289
1766278086347,BTCUSDT,88234.13,0.0003,sell,29348290
1766278088256,BTCUSDT,88234.21,0.00033,sell,29348291
1766278096930,BTCUSDT,88369.07,0.0003,buy,29348292
1766278104994,BTCUSDT,88368.91,0.0003,buy,29348293
1766278106394,BTCUSDT,88368.95,0.00033,buy,29348294
1766278122731,BTCUSDT,88368.55,0.0003,buy,29348295
1766278127765,BTCUSDT,88235.49,4e-05,sell,29348296
1766278154095,BTCUSDT,88236.22,3e-05,sell,29348297
1766278167394,BTCUSDT,88236.45,0.00067,sell,29348298
1766278174836,BTCUSDT,88236.7,0.0003,sell,29348299
1766278184551,BTCUSDT,88372.26,0.0003,buy,29348300
1766278190572,BTCUSDT,88372.13,3e-05,buy,29348301
1766278192843,BTCUSDT,88237.25,0.0003,sell,29348302
1766278201130,BTCUSDT,88237.49,0.0001,sell,29348303
1766278201130,BTCUSDT,88237.48,0.0002,sell,29348304
1766278210189,BTCUSDT,88371.85,0.0003,buy,29348305
1766278218493,BTCUSDT,88237.9,0.0003,sell,29348306
1766278227884,BTCUSDT,88371.61,0.0003,buy,29348307
1766278237048,BTCUSDT,88371.39,0.0003,buy,29348308
1766278356214,BTCUSDT,88241.92,0.0003,sell,29348309
1766278433864,BTCUSDT,88244.22,0.0003,sell,29348310
1766278450075,BTCUSDT,88367.92,7e-05,buy,29348311
1766278450075,BTCUSDT,88367.93,0.00023,buy,29348312
1766278458568,BTCUSDT,88367.71,0.0003,buy,29348313
1766278466552,BTCUSDT,88245.29,0.0003,sell,29348314
1766278475662,BTCUSDT,88367.22,0.0003,buy,29348315
1766278489817,BTCUSDT,88246.01,3e-05,sell,29348316
1766278508205,BTCUSDT,88246.56,0.0003,sell,29348317
1766278517017,BTCUSDT,88365.98,0.0003,buy,29348318
1766278567455,BTCUSDT,88248.53,5e-05,sell,29348319
1766278584242,BTCUSDT,88249.03,2e-05,sell,29348320
1766278639929,BTCUSDT,88250.74,0.0003,sell,29348321
1766278648935,BTCUSDT,88371.08,0.0003,buy,29348322
1766278682834,BTCUSDT,88370.41,0.00098,buy,29348323
1766278714871,BTCUSDT,88253.16,3e-05,sell,29348324
1766278724893,BTCUSDT,88253.49,0.0003,sell,29348325
1766278729392,BTCUSDT,88370.31,5e-05,buy,29348326
1766278734398,BTCUSDT,88370.28,0.00025,buy,29348327
1766278734398,BTCUSDT,88370.29,5e-05,buy,29348328
1766278745017,BTCUSDT,88254.08,0.0003,sell,29348329
1766278755180,BTCUSDT,88254.36,0.0003,sell,29348330
1766278764940,BTCUSDT,88254.69,0.0003,sell,29348331
1766278774990,BTCUSDT,88255.08,0.0003,sell,29348332
1766278785290,BTCUSDT,88382.11,0.0003,buy,29348333
1766278793961,BTCUSDT,88382.11,0.0003,buy,29348334
1766278802976,BTCUSDT,88382.1,0.00204,buy,29348335
1766278808345,BTCUSDT,88256.02,5e-05,sell,29348336
1766278811362,BTCUSDT,88382.09,0.0003,buy,29348337
1766278821038,BTCUSDT,88382.1,0.0003,buy,29348338
1766278865009,BTCUSDT,88258.15,2e-05,sell,29348339
1766278865416,BTCUSDT,88381.5,0.00019,buy,29348340
1766278896674,BTCUSDT,88259.03,0.00017,sell,29348341
1766278896674,BTCUSDT,88259.02,0.00013,sell,29348342
1766278904983,BTCUSDT,88259.29,0.0003,sell,29348343
1766278915480,BTCUSDT,88259.66,0.0003,sell,29348344
1766278926116,BTCUSDT,88259.97,0.0003,sell,29348345
1766278937330,BTCUSDT,88260.35,0.0003,sell,29348346
1766278940017,BTCUSDT,88380.44,0.0017,buy,29348347
1766278940314,BTCUSDT,88380.41,0.00034,buy,29348348
1766278940393,BTCUSDT,88380.4,0.00017,buy,29348349
1766278947790,BTCUSDT,88380.32,0.0003,buy,29348350
1766278960334,BTCUSDT,88261.13,0.0003,sell,29348351
1766278981211,BTCUSDT,88379.85,0.0003,buy,29348352
1766278993040,BTCUSDT,88379.68,0.0003,buy,29348353
1766279016941,BTCUSDT,88379.34,0.0003,buy,29348354
1766279019659,BTCUSDT,88379.29,0.00017,buy,29348355
1766279028090,BTCUSDT,88379.11,0.0003,buy,29348356
1766279037080,BTCUSDT,88378.86,0.00011,buy,29348357
1766279037080,BTCUSDT,88378.87,0.00019,buy,29348358
1766279045352,BTCUSDT,88378.62,6e-05,buy,29348359
1766279045382,BTCUSDT,88378.62,0.00011,buy,29348360
1766279046852,BTCUSDT,88378.62,0.0001,buy,29348361
1766279074048,BTCUSDT,88264.45,0.00019,sell,29348362
1766279096458,BTCUSDT,88265.25,3e-05,sell,29348363
1766279101605,BTCUSDT,88265.43,0.0003,sell,29348364
1766279108724,BTCUSDT,88265.67,3e-05,sell,29348365
1766279111137,BTCUSDT,88377.17,0.0003,buy,29348366
1766279135827,BTCUSDT,88266.5,0.0003,sell,29348367
1766279157121,BTCUSDT,88376.26,0.0003,buy,29348368
1766279205015,BTCUSDT,88268.72,2e-05,sell,29348369
1766279276322,BTCUSDT,88270.48,4e-05,sell,29348370
1766279278997,BTCUSDT,88270.51,0.0003,sell,29348371
1766279288408,BTCUSDT,88373.02,0.0003,buy,29348372
1766279309432,BTCUSDT,88271.2,0.0003,sell,29348373
1766279310009,BTCUSDT,88271.2,0.00012,sell,29348374
1766279323202,BTCUSDT,88372.56,0.0003,buy,29348375
1766279371976,BTCUSDT,88272.55,0.00072,sell,29348376
1766279404189,BTCUSDT,88272.82,0.0003,sell,29348377
1766279413360,BTCUSDT,88272.91,0.0003,sell,29348378
1766279422317,BTCUSDT,88273.07,0.0003,sell,29348379
1766279430767,BTCUSDT,88273.23,0.0003,sell,29348380
1766279440335,BTCUSDT,88273.37,0.0003,sell,29348381
1766279449672,BTCUSDT,88370.77,0.0003,buy,29348382
1766279450331,BTCUSDT,88273.56,3e-05,sell,29348383
1766279458724,BTCUSDT,88370.69,0.0003,buy,29348384
1766279468634,BTCUSDT,88274.02,0.0003,sell,29348385
1766279486649,BTCUSDT,88370.19,0.0003,buy,29348386
1766279495164,BTCUSDT,88369.98,0.0003,buy,29348387
1766279504144,BTCUSDT,88369.86,0.0003,buy,29348388
1766279513862,BTCUSDT,88369.75,0.0003,buy,29348389
1766279558852,BTCUSDT,88266.53,0.0003,sell,29348390
1766279569463,BTCUSDT,88368.64,0.0003,buy,29348391
1766279595774,BTCUSDT,88368.16,4e-05,buy,29348392
1766279630411,BTCUSDT,88367.32,5e-05,buy,29348393
1766279675308,BTCUSDT,88320.96,6e-05,buy,29348394
1766279685299,BTCUSDT,88266.55,0.0003,sell,29348395
1766279685831,BTCUSDT,88266.55,0.00199,sell,29348396
1766279687721,BTCUSDT,88266.55,0.00051,sell,29348397
1766279692096,BTCUSDT,88266.55,0.00051,sell,29348398
1766279693315,BTCUSDT,88266.55,0.00051,sell,29348399
1766279693735,BTCUSDT,88266.55,0.00051,sell,29348400
1766279694008,BTCUSDT,88266.55,0.00051,sell,29348401
1766279694693,BTCUSDT,88266.55,0.00051,sell,29348402
1766279695067,BTCUSDT,88311.09,0.0003,buy,29348403
1766279695693,BTCUSDT,88266.55,0.00051,sell,29348404
1766279725065,BTCUSDT,88266.55,0.0003,sell,29348405
1766279734047,BTCUSDT,88288.88,0.0003,buy,29348406
1766279767546,BTCUSDT,88266.54,0.01096,sell,29348407
1766279767674,BTCUSDT,88294.45,0.00549,buy,29348408
1766279900142,BTCUSDT,88266.58,0.0003,sell,29348409
1766279909975,BTCUSDT,88330.24,0.0003,buy,29348410
1766279959635,BTCUSDT,88299.97,0.001,buy,29348411
1766280022274,BTCUSDT,88299.97,0.00226,buy,29348412
1766280026561,BTCUSDT,88266.52,0.0003,sell,29348413
1766280035522,BTCUSDT,88299.96,4e-05,buy,29348414
1766280035522,BTCUSDT,88316.31,0.00026,buy,29348415
1766280192102,BTCUSDT,88266.52,0.0003,sell,29348416
1766280201002,BTCUSDT,88266.52,0.0003,sell,29348417
1766280211739,BTCUSDT,88302.59,0.0003,buy,29348418
1766280220310,BTCUSDT,88302.59,0.0003,buy,29348419
1766280459866,BTCUSDT,88266.51,0.0003,sell,29348420
1766280468389,BTCUSDT,88266.51,0.0003,sell,29348421
1766280478338,BTCUSDT,88281.79,0.0003,buy,29348422
1766280490419,BTCUSDT,88281.79,0.0003,buy,29348423
1766280621515,BTCUSDT,88266.5,0.00222,sell,29348424
1766280639799,BTCUSDT,88266.5,0.0003,sell,29348425
1766280648182,BTCUSDT,88266.5,0.0003,sell,29348426
1766280657024,BTCUSDT,88266.5,0.0003,sell,29348427
1766280665908,BTCUSDT,88288.62,0.0003,buy,29348428
1766280669146,BTCUSDT,88288.59,0.00032,buy,29348429
1766280675750,BTCUSDT,88266.51,0.0003,sell,29348430
1766280684310,BTCUSDT,88288.59,0.00028,buy,29348431
1766280684310,BTCUSDT,88288.6,2e-05,buy,29348432
1766280695297,BTCUSDT,88288.37,0.0003,buy,29348433
1766280705330,BTCUSDT,88288.04,0.0003,buy,29348434
1766280840414,BTCUSDT,88266.5,0.23496,sell,29348435
1766280877653,BTCUSDT,88266.5,0.1002,sell,29348436
1766280910065,BTCUSDT,88141.39,0.0003,sell,29348437
1766280985188,BTCUSDT,88143.03,0.0003,sell,29348438
1766280993958,BTCUSDT,88143.21,0.0003,sell,29348439
1766281005744,BTCUSDT,88281.03,0.0003,buy,29348440
1766281015064,BTCUSDT,88280.72,0.0003,buy,29348441
1766281064422,BTCUSDT,88144.84,0.0003,sell,29348442
1766281072689,BTCUSDT,88144.88,0.0003,sell,29348443
1766281081249,BTCUSDT,88278.78,0.0003,buy,29348444
1766281085288,BTCUSDT,88278.71,0.00011,buy,29348445
1766281165713,BTCUSDT,88146.0,0.01401,sell,29348446
1766281250390,BTCUSDT,88145.66,2e-05,buy,29348447
1766281346574,BTCUSDT,88144.74,0.0001,buy,29348448
1766281513104,BTCUSDT,88142.94,0.00018,buy,29348449
1766281513104,BTCUSDT,88142.95,0.0013,buy,29348450
1766281711009,BTCUSDT,88090.26,0.00484,sell,29348451
1766281712099,BTCUSDT,88090.26,0.00299,sell,29348452
1766281712099,BTCUSDT,88090.0,5e-05,sell,29348453
1766281712099,BTCUSDT,88087.26,0.0066,sell,29348454
1766281712192,BTCUSDT,88087.26,0.00826,sell,29348455
1766281712195,BTCUSDT,88087.26,0.00062,sell,29348456
1766281712202,BTCUSDT,88087.26,0.00755,sell,29348457
1766281712336,BTCUSDT,88087.26,0.0002,sell,29348458
1766281712336,BTCUSDT,88087.26,5e-05,sell,29348459
1766281712398,BTCUSDT,88087.26,0.0099,sell,29348460
1766281712417,BTCUSDT,88087.26,5e-05,sell,29348461
1766281712443,BTCUSDT,88087.26,0.01042,sell,29348462
1766281712498,BTCUSDT,88087.26,0.00057,sell,29348463
1766281712500,BTCUSDT,88087.26,0.00116,sell,29348464
1766281712731,BTCUSDT,88087.26,0.00262,sell,29348465
1766281782615,BTCUSDT,88002.13,2e-05,sell,29348466
1766281791447,BTCUSDT,88002.24,2e-05,sell,29348467
1766281799923,BTCUSDT,88002.38,2e-05,sell,29348468
1766281808065,BTCUSDT,88002.5,2e-05,sell,29348469
1766281976310,BTCUSDT,88140.71,0.00132,buy,29348470
1766281976310,BTCUSDT,88140.72,2e-05,buy,29348471
1766282055231,BTCUSDT,88009.02,0.01205,sell,29348472
1766282055231,BTCUSDT,88009.01,0.02989,sell,29348473
1766282511375,BTCUSDT,88135.43,0.00014,buy,29348474
1766282525289,BTCUSDT,88135.21,0.00045,buy,29348475
1766282554615,BTCUSDT,88013.4,0.04195,sell,29348476
1766282660485,BTCUSDT,88132.63,3e-05,buy,29348477
1766282690446,BTCUSDT,88132.53,0.00113,buy,29348478
1766282735254,BTCUSDT,88131.7,0.00023,buy,29348479
1766282756359,BTCUSDT,88131.23,0.00217,buy,29348480
1766282915357,BTCUSDT,88127.95,0.00011,buy,29348481
1766282975274,BTCUSDT,88126.66,0.00011,buy,29348482
1766283035289,BTCUSDT,88125.33,0.00011,buy,29348483
1766283062439,BTCUSDT,88001.74,8e-05,sell,29348484
1766283065276,BTCUSDT,88124.7,0.00017,buy,29348485
1766283146845,BTCUSDT,88122.88,6e-05,buy,29348486
1766283155312,BTCUSDT,88122.71,2e-05,buy,29348487
1766283245417,BTCUSDT,88120.67,2e-05,buy,29348488
1766283260377,BTCUSDT,88120.39,0.00011,buy,29348489
1766283260417,BTCUSDT,88120.39,0.00057,buy,29348490
1766283305303,BTCUSDT,88119.47,0.00011,buy,29348491
1766283348279,BTCUSDT,88001.79,2e-05,sell,29348492
1766283395264,BTCUSDT,88117.7,0.00034,buy,29348493
1766283399288,BTCUSDT,88000.0,0.00808,sell,29348494
1766283707113,BTCUSDT,88111.28,2e-05,buy,29348495
1766283755311,BTCUSDT,88110.13,5e-05,buy,29348496
1766283860471,BTCUSDT,88107.4,0.00057,buy,29348497
1766283967805,BTCUSDT,87950.0,0.0001,sell,29348498
1766284021150,BTCUSDT,87931.94,0.00065,sell,29348499
1766284026200,BTCUSDT,87872.82,0.00049,sell,29348500
1766284084433,BTCUSDT,88101.91,0.00088,buy,29348501
1766284420769,BTCUSDT,88094.4,0.00023,buy,29348502
1766284438867,BTCUSDT,88094.06,0.00028,buy,29348503
1766284625345,BTCUSDT,88090.84,0.00113,buy,29348504
1766284715274,BTCUSDT,88089.13,0.00231,buy,29348505
1766285270141,BTCUSDT,87873.29,0.00223,sell,29348506
1766285525313,BTCUSDT,88070.78,0.00028,buy,29348507
1766285885317,BTCUSDT,88062.76,0.00028,buy,29348508
1766285902339,BTCUSDT,87880.81,0.00135,sell,29348509
1766286065692,BTCUSDT,87883.7,0.00169,sell,29348510
1766286067172,BTCUSDT,87883.72,0.0017,sell,29348511
1766286067172,BTCUSDT,87883.68,0.00663,sell,29348512
1766286067334,BTCUSDT,87883.69,0.0002,sell,29348513
1766286067364,BTCUSDT,87883.67,0.00214,sell,29348514
1766286067364,BTCUSDT,87883.58,0.00679,sell,29348515
1766286067391,BTCUSDT,87883.7,0.0002,sell,29348516
1766286067472,BTCUSDT,87883.71,0.009,sell,29348517
1766286067547,BTCUSDT,87883.71,0.0002,sell,29348518
1766286067576,BTCUSDT,87883.72,0.0002,sell,29348519
1766286078339,BTCUSDT,88058.17,2e-05,buy,29348520
1766286096681,BTCUSDT,88057.74,0.00017,buy,29348521
1766286099481,BTCUSDT,88057.69,0.00011,buy,29348522
1766286154879,BTCUSDT,87885.17,0.00621,sell,29348523
1766286167412,BTCUSDT,87885.4,0.00057,sell,29348524
1766286191167,BTCUSDT,87885.87,2e-05,sell,29348525
1766286197275,BTCUSDT,87886.06,0.00064,sell,29348526
1766286215313,BTCUSDT,88055.8,8e-05,buy,29348527
1766286245289,BTCUSDT,88055.75,0.00113,buy,29348528
1766286290370,BTCUSDT,88055.32,0.00028,buy,29348529
1766286335314,BTCUSDT,88107.27,0.00011,buy,29348530
1766286425286,BTCUSDT,88105.69,0.00113,buy,29348531
1766286455386,BTCUSDT,88105.07,0.00226,buy,29348532
1766286740473,BTCUSDT,88099.9,0.00566,buy,29348533
1766286877887,BTCUSDT,87900.08,0.0002,sell,29348534
1766287115534,BTCUSDT,88092.36,0.03281,buy,29348535
1766287118545,BTCUSDT,88092.36,0.00871,buy,29348536
1766287119632,BTCUSDT,88092.36,0.00017,buy,29348537
1766287123129,BTCUSDT,88092.36,0.00112,buy,29348538
1766287126479,BTCUSDT,88092.36,0.00021,buy,29348539
1766287131396,BTCUSDT,88092.36,0.00036,buy,29348540
1766287167028,BTCUSDT,88092.34,0.00016,buy,29348541
1766287176410,BTCUSDT,88092.34,2e-05,buy,29348542
1766287190680,BTCUSDT,88092.32,2e-05,buy,29348543
1766287219127,BTCUSDT,88092.33,0.00452,buy,29348544
1766287256665,BTCUSDT,88180.11,6e-05,buy,29348545
1766288909066,BTCUSDT,88135.35,3e-05,buy,29348546
1766288923042,BTCUSDT,87935.87,4e-05,sell,29348547
1766289095294,BTCUSDT,88132.32,0.00034,buy,29348548
1766289575297,BTCUSDT,88122.53,5e-05,buy,29348549
1766289650467,BTCUSDT,88120.85,0.0017,buy,29348550
1766289660880,BTCUSDT,87948.36,2e-05,sell,29348551
1766289660880,BTCUSDT,87948.04,2e-05,sell,29348552
1766289755344,BTCUSDT,88118.51,8e-05,buy,29348553
1766289763063,BTCUSDT,87950.03,0.00023,sell,29348554
1766289770496,BTCUSDT,88118.15,0.00017,buy,29348555
1766289890412,BTCUSDT,88115.83,2e-05,buy,29348556
1766289980479,BTCUSDT,88114.63,6e-05,buy,29348557
1766289987937,BTCUSDT,87953.3,0.00014,sell,29348558
1766290055351,BTCUSDT,88146.84,0.00057,buy,29348559
1766290068029,BTCUSDT,88146.61,0.11355,buy,29348560
1766290070417,BTCUSDT,88146.58,5e-05,buy,29348561
1766290320921,BTCUSDT,88072.0,0.00206,sell,29348562
1766290354374,BTCUSDT,88132.73,6e-05,buy,29348563
1766290415282,BTCUSDT,88131.75,0.00011,buy,29348564
1766290439943,BTCUSDT,88131.39,0.00011,buy,29348565
1766290555713,BTCUSDT,88129.07,0.00158,buy,29348566
1766290555751,BTCUSDT,88129.07,0.00022,buy,29348567
1766290690971,BTCUSDT,87963.67,0.00021,sell,29348568
1766291405312,BTCUSDT,88125.01,0.00573,buy,29348569
1766291405312,BTCUSDT,88125.02,0.00799,buy,29348570
1766291464217,BTCUSDT,87978.68,0.00072,sell,29348571
1766291464217,BTCUSDT,87978.67,0.00018,sell,29348572
1766291596315,BTCUSDT,87982.34,5e-05,sell,29348573
1766292216913,BTCUSDT,88137.65,4e-05,buy,29348574
1766292216913,BTCUSDT,88137.66,0.0001,buy,29348575
1766293088623,BTCUSDT,88005.03,0.00013,sell,29348576
1766293160440,BTCUSDT,88121.57,0.00226,buy,29348577
1766293235288,BTCUSDT,88120.24,6e-05,buy,29348578
1766293265285,BTCUSDT,88119.82,0.0034,buy,29348579
1766293310414,BTCUSDT,88119.13,0.00023,buy,29348580
1766293325313,BTCUSDT,88118.91,0.00013,buy,29348581
1766293325313,BTCUSDT,88118.92,4e-05,buy,29348582
1766293325368,BTCUSDT,88118.92,0.00566,buy,29348583
1766293433170,BTCUSDT,88117.16,0.00345,buy,29348584
1766293486537,BTCUSDT,88116.32,0.01651,buy,29348585
1766293490474,BTCUSDT,88116.24,0.00113,buy,29348586
1766293745273,BTCUSDT,88112.81,0.0001,buy,29348587
1766293820446,BTCUSDT,88111.51,0.00028,buy,29348588
1766293850313,BTCUSDT,88111.07,6e-05,buy,29348589
1766294076316,BTCUSDT,88109.65,0.00284,buy,29348590
1766294076316,BTCUSDT,88109.66,3e-05,buy,29348591
1766294104714,BTCUSDT,88248.78,0.00226,buy,29348592
1766294209939,BTCUSDT,87997.97,0.00011,sell,29348593
1766294334513,BTCUSDT,88000.13,0.28859,sell,29348594
1766295102287,BTCUSDT,88227.82,0.00016,buy,29348595
1766295154686,BTCUSDT,88226.78,4e-05,buy,29348596
1766295269377,BTCUSDT,88224.66,0.0007,buy,29348597
1766295290490,BTCUSDT,88224.2,0.00023,buy,29348598
1766295392274,BTCUSDT,88222.03,6e-05,buy,29348599
1766295482587,BTCUSDT,88032.97,5e-05,sell,29348600
1766295523197,BTCUSDT,88033.49,0.00088,sell,29348601
1766296045820,BTCUSDT,88208.79,2e-05,buy,29348602
1766296300681,BTCUSDT,88044.5,0.00079,sell,29348603
1766296300681,BTCUSDT,88044.49,0.00121,sell,29348604
1766296308409,BTCUSDT,88203.18,0.0001,buy,29348605
1766296361817,BTCUSDT,88202.04,0.00055,buy,29348606
1766296693980,BTCUSDT,88050.45,0.0001,sell,29348607
1766296693980,BTCUSDT,88050.44,0.0002,sell,29348608
1766296792915,BTCUSDT,88100.0,3e-05,buy,29348609
1766296792915,BTCUSDT,88146.32,0.00189,buy,29348610
1766297439152,BTCUSDT,88058.08,0.00012,sell,29348611
1766297440068,BTCUSDT,88058.1,0.0008,sell,29348612
1766297510414,BTCUSDT,88195.22,0.00011,buy,29348613
1766297510414,BTCUSDT,88195.23,0.00136,buy,29348614
1766297529383,BTCUSDT,88195.21,6e-05,buy,29348615
1766297556497,BTCUSDT,88195.19,0.00326,buy,29348616
1766297600470,BTCUSDT,88195.07,3e-05,buy,29348617
1766297630385,BTCUSDT,88195.0,0.00011,buy,29348618
1766297954394,BTCUSDT,88067.34,0.0069,sell,29348619
1766298350408,BTCUSDT,88190.9,6e-05,buy,29348620
1766299525463,BTCUSDT,88083.43,0.00116,sell,29348621
1766299610448,BTCUSDT,88178.31,6e-05,buy,29348622
1766299955362,BTCUSDT,88159.77,0.00113,buy,29348623
1766300328794,BTCUSDT,88057.15,0.00169,sell,29348624
1766300465293,BTCUSDT,88152.32,0.00011,buy,29348625
1766300570411,BTCUSDT,88151.97,6e-05,buy,29348626
1766301095286,BTCUSDT,88150.82,0.00011,buy,29348627
1766301155311,BTCUSDT,88150.2,0.00011,buy,29348628
1766301484328,BTCUSDT,88148.21,0.00263,buy,29348629
1766302121388,BTCUSDT,88150.98,0.00023,buy,29348630
1766302447206,BTCUSDT,88149.24,0.02268,buy,29348631
1766302550391,BTCUSDT,88148.5,6e-05,buy,29348632
1766302810870,BTCUSDT,88150.78,0.00013,buy,29348633
1766302880409,BTCUSDT,88150.99,0.00113,buy,29348634
1766303615278,BTCUSDT,88151.09,0.00113,buy,29348635
1766303787415,BTCUSDT,88151.07,0.00097,buy,29348636
1766304103337,BTCUSDT,88210.7,5e-05,buy,29348637
1766304140471,BTCUSDT,88210.37,0.00023,buy,29348638
1766304365379,BTCUSDT,88208.59,6e-05,buy,29348639
1766304669797,BTCUSDT,88206.05,2e-05,buy,29348640
1766305941702,BTCUSDT,88250.0,6e-05,buy,29348641
1766305949219,BTCUSDT,88269.96,0.0146,buy,29348642
1766305949814,BTCUSDT,88330.45,0.0001,buy,29348643
1766306415810,BTCUSDT,88402.0,0.0002,buy,29348644
1766306495746,BTCUSDT,88422.29,9e-05,buy,29348645
1766306501855,BTCUSDT,88422.29,0.00055,buy,29348646
1766306502862,BTCUSDT,88422.29,1e-05,buy,29348647
1766306515385,BTCUSDT,88443.36,0.00113,buy,29348648
1766306517260,BTCUSDT,88449.14,0.00011,buy,29348649
1766306551580,BTCUSDT,88492.17,0.00038,buy,29348650
1766306552587,BTCUSDT,88500.0,6e-05,buy,29348651
1766306635982,BTCUSDT,88532.99,0.00044,buy,29348652
1766306636031,BTCUSDT,88533.0,0.00193,buy,29348653
1766306636988,BTCUSDT,88567.43,0.0005,buy,29348654
1766306637167,BTCUSDT,88567.44,0.00156,buy,29348655
1766306638769,BTCUSDT,88599.99,0.0005,buy,29348656
1766306638769,BTCUSDT,88600.0,2e-05,buy,29348657
1766306638769,BTCUSDT,88603.57,0.00012,buy,29348658
1766306642331,BTCUSDT,88664.37,0.0005,buy,29348659
1766306642440,BTCUSDT,88664.38,0.00054,buy,29348660
1766306643379,BTCUSDT,88664.37,0.00046,buy,29348661
1766306649481,BTCUSDT,88419.91,2e-05,sell,29348662
1766306684661,BTCUSDT,88421.61,8e-05,sell,29348663
1766306900387,BTCUSDT,88669.6,0.00028,buy,29348664
1766307344111,BTCUSDT,88649.61,8e-05,buy,29348665
1766307729548,BTCUSDT,88675.6,0.00012,buy,29348666
1766307733178,BTCUSDT,88705.0,0.0002,buy,29348667
1766307734221,BTCUSDT,88729.6,0.0003,buy,29348668
1766307860313,BTCUSDT,88799.83,0.00056,buy,29348669
1766308550344,BTCUSDT,88709.64,0.01124,buy,29348670
1766308574300,BTCUSDT,88709.15,0.01014,buy,29348671
1766308985267,BTCUSDT,88792.19,0.00225,buy,29348672
1766309258983,BTCUSDT,88783.53,0.00112,buy,29348673
1766309266336,BTCUSDT,88783.31,0.00028,buy,29348674
1766309688439,BTCUSDT,88772.51,0.00105,buy,29348675
1766309701952,BTCUSDT,88829.82,0.01,buy,29348676
1766309703052,BTCUSDT,88829.83,0.00084,buy,29348677
1766309767092,BTCUSDT,88839.1,7e-05,buy,29348678
1766309784333,BTCUSDT,88888.85,0.00458,buy,29348679
1766309784333,BTCUSDT,88888.88,0.0001,buy,29348680
1766310110904,BTCUSDT,88886.16,5e-05,buy,29348681
1766310175771,BTCUSDT,88884.34,0.00028,buy,29348682
1766310344348,BTCUSDT,88879.88,0.00033,buy,29348683
1766310344348,BTCUSDT,88879.89,0.00967,buy,29348684
1766310363174,BTCUSDT,88879.87,0.00033,buy,29348685
1766310365617,BTCUSDT,88888.87,0.00079,buy,29348686
1766310365617,BTCUSDT,88888.88,0.00921,buy,29348687
1766310370628,BTCUSDT,88888.87,0.00068,buy,29348688
1766310370628,BTCUSDT,88888.88,0.00766,buy,29348689
1766310373143,BTCUSDT,88627.39,2e-05,sell,29348690
1766310498254,BTCUSDT,88900.57,0.00011,buy,29348691
1766310499409,BTCUSDT,88912.33,0.00036,buy,29348692
1766310499409,BTCUSDT,88912.34,5e-05,buy,29348693
1766310499409,BTCUSDT,88915.38,0.00064,buy,29348694
1766310581064,BTCUSDT,88941.96,2e-05,buy,29348695
1766310786173,BTCUSDT,88943.0,0.00112,buy,29348696
1766310880664,BTCUSDT,89000.0,0.00454,buy,29348697
1766310886312,BTCUSDT,89034.76,0.00038,buy,29348698
1766311174330,BTCUSDT,89044.73,2e-05,buy,29348699
1766311349890,BTCUSDT,89039.81,0.00673,buy,29348700
1766311465073,BTCUSDT,89036.0,8e-05,buy,29348701
1766311490409,BTCUSDT,89034.89,0.00112,buy,29348702
1766311640318,BTCUSDT,89028.96,6e-05,buy,29348703
1766311938110,BTCUSDT,88772.55,0.01807,sell,29348704
1766311938336,BTCUSDT,88772.54,0.01145,sell,29348705
1766312775577,BTCUSDT,88748.48,0.0083,sell,29348706
1766312961968,BTCUSDT,88640.52,0.00056,sell,29348707
1766313230606,BTCUSDT,88645.19,0.00748,sell,29348708
1766313230606,BTCUSDT,88645.18,0.00252,sell,29348709
1766313231753,BTCUSDT,88645.18,0.00597,sell,29348710
1766313320687,BTCUSDT,88897.94,9e-05,buy,29348711
1766314715302,BTCUSDT,88791.59,0.00056,buy,29348712
1766315285365,BTCUSDT,88766.35,6e-05,buy,29348713
1766315600369,BTCUSDT,88754.73,3e-05,buy,29348714
1766315690419,BTCUSDT,88752.16,8e-05,buy,29348715
1766316136724,BTCUSDT,88739.73,0.0024,buy,29348716
1766316471161,BTCUSDT,88574.8,8e-05,sell,29348717
1766316500350,BTCUSDT,88728.53,5e-05,buy,29348718
1766317306618,BTCUSDT,88500.04,0.03478,sell,29348719
1766317381597,BTCUSDT,88698.57,0.00079,buy,29348720
1766317429079,BTCUSDT,88696.71,7e-05,buy,29348721
1766317748862,BTCUSDT,88685.45,0.00017,buy,29348722
1766318253814,BTCUSDT,88667.62,7e-05,buy,29348723
1766318480474,BTCUSDT,88659.93,2e-05,buy,29348724
1766318540475,BTCUSDT,88658.0,0.00028,buy,29348725
1766318630831,BTCUSDT,88655.57,0.00112,buy,29348726
1766318675384,BTCUSDT,88696.31,0.00011,buy,29348727
1766318819532,BTCUSDT,88742.93,0.01285,buy,29348728
1766318948061,BTCUSDT,88778.34,0.00011,buy,29348729
1766319005341,BTCUSDT,88776.98,6e-05,buy,29348730
1766319005376,BTCUSDT,88776.98,0.00034,buy,29348731
1766319005384,BTCUSDT,88776.98,6e-05,buy,29348732
1766319185350,BTCUSDT,88800.32,6e-05,buy,29348733
1766319230350,BTCUSDT,88798.9,8e-05,buy,29348734
1766319383421,BTCUSDT,88796.27,0.01356,buy,29348735
1766319383421,BTCUSDT,88796.29,0.00406,buy,29348736
1766319555582,BTCUSDT,88558.86,5e-05,sell,29348737
1766319555582,BTCUSDT,88558.85,0.00031,sell,29348738
1766319605476,BTCUSDT,88834.44,0.00039,buy,29348739
1766319619393,BTCUSDT,88834.44,0.01048,buy,29348740
1766319639298,BTCUSDT,88561.87,0.00107,sell,29348741
1766319639298,BTCUSDT,88561.86,0.00931,sell,29348742
1766319639298,BTCUSDT,88561.84,0.01401,sell,29348743
1766319639298,BTCUSDT,88561.76,0.0152,sell,29348744
1766320622311,BTCUSDT,88613.58,0.00034,sell,29348745
1766320689838,BTCUSDT,88903.49,5e-05,buy,29348746
1766320787289,BTCUSDT,88617.64,0.00051,sell,29348747
1766320787289,BTCUSDT,88617.63,0.00561,sell,29348748
1766320788476,BTCUSDT,88617.63,0.00578,sell,29348749
1766320800289,BTCUSDT,88617.9,0.00763,sell,29348750
1766320802148,BTCUSDT,88617.93,0.0024,sell,29348751
1766320806895,BTCUSDT,88899.58,0.00304,buy,29348752
1766320845819,BTCUSDT,88897.94,0.00112,buy,29348753
1766320908483,BTCUSDT,88620.19,0.003,sell,29348754
1766320908709,BTCUSDT,88620.18,0.00019,sell,29348755
1766320908939,BTCUSDT,88620.18,0.01229,sell,29348756
1766320909163,BTCUSDT,88620.16,0.01616,sell,29348757
1766320910391,BTCUSDT,88833.43,0.00028,buy,29348758
1766321491062,BTCUSDT,88778.58,5e-05,buy,29348759
1766321753569,BTCUSDT,88767.13,0.00028,buy,29348760
1766321814712,BTCUSDT,88492.17,0.00038,sell,29348761
1766322278756,BTCUSDT,88500.63,0.00324,sell,29348762
1766322279830,BTCUSDT,88492.23,0.01387,sell,29348763
1766322281158,BTCUSDT,88492.23,0.00082,sell,29348764
1766322281158,BTCUSDT,88492.17,0.00119,sell,29348765
1766322283576,BTCUSDT,88449.14,0.00011,sell,29348766
1766322289248,BTCUSDT,88422.29,0.00063,sell,29348767
1766322289618,BTCUSDT,88422.29,1e-05,sell,29348768
1766322289618,BTCUSDT,88390.0,0.00015,sell,29348769
1766322289618,BTCUSDT,88384.64,0.00047,sell,29348770
1766322292189,BTCUSDT,88376.15,0.00032,sell,29348771
1766322292369,BTCUSDT,88376.15,0.00273,sell,29348772
1766322292621,BTCUSDT,88330.0,0.00013,sell,29348773
1766322292851,BTCUSDT,88330.0,2e-05,sell,29348774
1766322294468,BTCUSDT,88312.39,7e-05,sell,29348775
1766322303700,BTCUSDT,88543.89,4e-05,buy,29348776
1766322377207,BTCUSDT,88541.39,0.00101,buy,29348777
1766322515306,BTCUSDT,88538.18,0.00034,buy,29348778
1766322605370,BTCUSDT,88535.87,2e-05,buy,29348779
1766322650475,BTCUSDT,88534.77,0.00113,buy,29348780
1766322800442,BTCUSDT,88531.05,0.00011,buy,29348781
1766322800481,BTCUSDT,88531.05,0.00023,buy,29348782
1766322890413,BTCUSDT,88528.76,0.00028,buy,29348783
1766322915326,BTCUSDT,88280.0,0.00025,sell,29348784
1766323128148,BTCUSDT,88425.59,4e-05,buy,29348785
1766323131386,BTCUSDT,88425.41,3e-05,buy,29348786
1766323554649,BTCUSDT,88200.0,0.00347,buy,29348787
1766323554650,BTCUSDT,88200.0,0.00194,buy,29348788
1766323585110,BTCUSDT,88091.33,6e-05,sell,29348789
1766323614578,BTCUSDT,88299.94,5e-05,buy,29348790
1766323756986,BTCUSDT,88094.57,0.00033,sell,29348791
1766323767447,BTCUSDT,88297.47,0.01,buy,29348792
1766323808715,BTCUSDT,88095.26,0.00085,sell,29348793
1766323809123,BTCUSDT,88072.79,0.00012,sell,29348794
1766323810170,BTCUSDT,88040.0,0.00012,sell,29348795
1766323810884,BTCUSDT,88015.0,0.0001,sell,29348796
1766323810884,BTCUSDT,88000.0,0.00011,sell,29348797
1766323810884,BTCUSDT,87982.34,0.00109,sell,29348798
1766323810884,BTCUSDT,87953.3,0.00183,sell,29348799
1766323810922,BTCUSDT,87953.3,0.02655,sell,29348800
1766323810937,BTCUSDT,87953.3,0.02537,sell,29348801
1766323811022,BTCUSDT,87953.31,0.0017,sell,29348802
1766323811022,BTCUSDT,87953.3,0.00143,sell,29348803
1766323811023,BTCUSDT,87953.3,0.02232,sell,29348804
1766323811620,BTCUSDT,87953.3,0.0202,sell,29348805
1766323811831,BTCUSDT,87953.3,0.0161,sell,29348806
1766323812070,BTCUSDT,87952.88,0.00038,sell,29348807
1766323813363,BTCUSDT,87950.0,0.0002,sell,29348808
1766323813690,BTCUSDT,87931.95,0.0017,sell,29348809
1766323813690,BTCUSDT,87931.94,0.00065,sell,29348810
1766323814071,BTCUSDT,87920.12,0.00032,sell,29348811
1766323889217,BTCUSDT,88260.95,0.00031,buy,29348812
1766323931576,BTCUSDT,88188.13,3e-05,buy,29348813
1766323938133,BTCUSDT,87921.15,0.00111,sell,29348814
1766323942079,BTCUSDT,87920.12,0.00275,sell,29348815
1766323985358,BTCUSDT,88047.66,0.00011,buy,29348816
1766324058922,BTCUSDT,87786.09,0.00033,sell,29348817
1766324568642,BTCUSDT,87793.23,4e-05,sell,29348818
1766324630385,BTCUSDT,88032.78,0.00011,buy,29348819
1766324858415,BTCUSDT,87796.42,0.01349,sell,29348820
1766324859421,BTCUSDT,87785.69,0.01444,sell,29348821
1766324862218,BTCUSDT,87785.68,6e-05,sell,29348822
1766324885313,BTCUSDT,88018.08,0.00035,buy,29348823
1766324886863,BTCUSDT,87785.69,0.02357,sell,29348824
1766324887870,BTCUSDT,87785.69,0.00018,sell,29348825
1766324892263,BTCUSDT,87785.68,1e-05,sell,29348826
1766325080312,BTCUSDT,87929.17,3e-05,buy,29348827
1766325165014,BTCUSDT,87650.0,0.0057,sell,29348828
1766325206839,BTCUSDT,87909.57,0.00035,buy,29348829
1766325549962,BTCUSDT,87889.0,3e-05,buy,29348830
1766325620218,BTCUSDT,87887.44,0.00055,buy,29348831
1766325635378,BTCUSDT,87887.01,3e-05,buy,29348832
1766325894559,BTCUSDT,87882.16,2e-05,buy,29348833
1766325935303,BTCUSDT,87881.58,0.00023,buy,29348834
1766325939170,BTCUSDT,87881.57,0.01457,buy,29348835
1766325939170,BTCUSDT,87881.58,0.01131,buy,29348836
1766325939170,BTCUSDT,87881.59,0.01263,buy,29348837
1766325939170,BTCUSDT,87881.62,0.01314,buy,29348838
1766325941890,BTCUSDT,88013.44,0.00222,buy,29348839
1766325965343,BTCUSDT,88013.06,0.00057,buy,29348840
1766325984477,BTCUSDT,87657.96,7e-05,sell,29348841
1766326005910,BTCUSDT,88012.41,0.00227,buy,29348842
1766326083829,BTCUSDT,88011.65,0.00992,buy,29348843
1766326117650,BTCUSDT,88143.81,0.00056,buy,29348844
1766326127828,BTCUSDT,88143.72,0.00227,buy,29348845
1766326321886,BTCUSDT,88156.24,0.00034,buy,29348846
1766326400472,BTCUSDT,88089.35,0.00012,buy,29348847
1766326430371,BTCUSDT,88088.57,6e-05,buy,29348848
1766326759738,BTCUSDT,88081.99,0.00034,buy,29348849
1766327034053,BTCUSDT,88078.63,0.00113,buy,29348850
1766327524131,BTCUSDT,88064.89,0.00031,buy,29348851
1766327775876,BTCUSDT,88000.0,0.00454,sell,29348852
1766327911113,BTCUSDT,88063.23,2e-05,buy,29348853
1766327973307,BTCUSDT,88061.92,0.00027,buy,29348854
1766328062371,BTCUSDT,87861.17,3e-05,sell,29348855
1766328377539,BTCUSDT,87867.64,2e-05,sell,29348856
1766328378192,BTCUSDT,88077.8,7e-05,buy,29348857
1766328483973,BTCUSDT,87870.15,0.00032,sell,29348858
1766329235355,BTCUSDT,88232.89,0.00113,buy,29348859
1766329340447,BTCUSDT,88230.11,0.00023,buy,29348860
1766329340506,BTCUSDT,88230.11,0.00017,buy,29348861
1766329382785,BTCUSDT,87888.3,0.00028,sell,29348862
1766329430407,BTCUSDT,88227.57,2e-05,buy,29348863
1766329460496,BTCUSDT,88208.61,6e-05,buy,29348864
1766329490379,BTCUSDT,88207.93,2e-05,buy,29348865
1766329602947,BTCUSDT,88152.27,0.00025,buy,29348866
1766329681405,BTCUSDT,88150.44,0.00113,buy,29348867
1766329745373,BTCUSDT,88149.12,0.00011,buy,29348868
1766329745379,BTCUSDT,88149.12,0.00042,buy,29348869
1766329775316,BTCUSDT,88148.51,0.00023,buy,29348870
1766329835288,BTCUSDT,88147.08,3e-05,buy,29348871
1766329845474,BTCUSDT,88146.91,0.00011,buy,29348872
1766329880408,BTCUSDT,88146.12,0.00011,buy,29348873
1766329908649,BTCUSDT,88145.42,0.00028,buy,29348874
1766329925288,BTCUSDT,88145.06,0.00057,buy,29348875
1766330075282,BTCUSDT,88141.9,3e-05,buy,29348876
1766330105368,BTCUSDT,88141.13,0.00023,buy,29348877
1766330235614,BTCUSDT,87899.09,0.01463,sell,29348878
1766330283393,BTCUSDT,88106.22,0.00015,buy,29348879
1766330283393,BTCUSDT,88106.23,0.00188,buy,29348880
1766330326538,BTCUSDT,87830.65,0.00044,sell,29348881
1766330442189,BTCUSDT,88072.95,2e-05,buy,29348882
1766330585277,BTCUSDT,88069.55,0.00113,buy,29348883
1766330602898,BTCUSDT,88069.22,0.00449,buy,29348884
1766330703277,BTCUSDT,87920.5,0.00525,sell,29348885
1766331929224,BTCUSDT,88049.87,0.00237,buy,29348886
1766332115312,BTCUSDT,88048.03,0.00028,buy,29348887
1766332255612,BTCUSDT,88092.1,0.00038,buy,29348888
1766332286408,BTCUSDT,88092.09,0.00113,buy,29348889
1766332485179,BTCUSDT,88209.92,0.00768,buy,29348890
1766332485179,BTCUSDT,88209.93,0.00795,buy,29348891
1766332518579,BTCUSDT,88279.85,0.00042,buy,29348892
1766332669928,BTCUSDT,88276.05,0.00056,buy,29348893
1766333259890,BTCUSDT,88255.88,2e-05,buy,29348894
1766333345358,BTCUSDT,88254.59,0.00023,buy,29348895
1766333390342,BTCUSDT,88253.97,0.00028,buy,29348896
1766333663774,BTCUSDT,88247.81,0.00012,buy,29348897
1766333720400,BTCUSDT,88246.69,6e-05,buy,29348898
1766333735343,BTCUSDT,88246.43,6e-05,buy,29348899
1766333910810,BTCUSDT,88227.01,0.00113,buy,29348900
1766334032020,BTCUSDT,88100.0,0.05889,buy,29348901
1766334425350,BTCUSDT,88312.24,0.00105,buy,29348902
1766334425350,BTCUSDT,88312.39,7e-05,buy,29348903
1766334425350,BTCUSDT,88369.07,0.04968,buy,29348904
1766334917053,BTCUSDT,88032.75,0.00022,sell,29348905
1766334926222,BTCUSDT,88359.83,0.00021,buy,29348906
1766334926222,BTCUSDT,88359.84,0.00032,buy,29348907
1766335670378,BTCUSDT,88346.65,0.00104,buy,29348908
1766335732975,BTCUSDT,88047.48,3e-05,sell,29348909
1766335760411,BTCUSDT,88345.37,6e-05,buy,29348910
1766335914612,BTCUSDT,88343.69,0.00169,buy,29348911
1766335914612,BTCUSDT,88343.7,0.00013,buy,29348912
1766336292817,BTCUSDT,88360.82,0.00182,buy,29348913
1766336570380,BTCUSDT,88376.13,0.00056,buy,29348914
1766336660448,BTCUSDT,88376.13,0.00021,buy,29348915
1766336675312,BTCUSDT,88376.13,0.00226,buy,29348916
1766336685296,BTCUSDT,88376.15,0.00056,buy,29348917
1766336870394,BTCUSDT,88376.13,0.00028,buy,29348918
1766336894078,BTCUSDT,88376.13,0.01129,buy,29348919
1766336931503,BTCUSDT,88376.15,9e-05,buy,29348920
1766336945273,BTCUSDT,88376.15,0.00023,buy,29348921
1766336945316,BTCUSDT,88376.15,0.00011,buy,29348922
1766336960385,BTCUSDT,88376.15,0.00045,buy,29348923
1766337023593,BTCUSDT,88376.15,0.00163,buy,29348924
1766337065312,BTCUSDT,88422.29,0.00011,buy,29348925
1766337173377,BTCUSDT,88145.07,0.00045,sell,29348926
1766337278537,BTCUSDT,88422.29,0.00054,buy,29348927
1766337278537,BTCUSDT,88432.39,0.00164,buy,29348928
1766337305298,BTCUSDT,88432.37,0.00023,buy,29348929
1766337395313,BTCUSDT,88431.76,0.00067,buy,29348930
1766337436994,BTCUSDT,88431.59,0.0005,buy,29348931
1766337571120,BTCUSDT,88449.14,0.00011,buy,29348932
1766337635369,BTCUSDT,88491.91,2e-05,buy,29348933
1766338460491,BTCUSDT,88477.78,0.00015,buy,29348934
1766338924713,BTCUSDT,88469.76,0.0006,buy,29348935
1766338982744,BTCUSDT,88468.82,0.0006,buy,29348936
1766339036242,BTCUSDT,88468.19,0.0006,buy,29348937
1766339096274,BTCUSDT,88467.62,0.0006,buy,29348938
1766339120476,BTCUSDT,88467.39,7e-05,buy,29348939
1766339148462,BTCUSDT,88215.62,0.0002,sell,29348940
1766339286193,BTCUSDT,88465.56,2e-05,buy,29348941
1766339430942,BTCUSDT,88463.51,0.00059,buy,29348942
1766339482974,BTCUSDT,88462.8,0.00059,buy,29348943
1766339495281,BTCUSDT,88462.62,0.00017,buy,29348944
1766339524738,BTCUSDT,88462.19,0.0006,buy,29348945
1766339575843,BTCUSDT,88460.8,0.0006,buy,29348946
1766339586280,BTCUSDT,88460.63,0.00017,buy,29348947
1766339630407,BTCUSDT,88459.96,0.00028,buy,29348948
1766339638312,BTCUSDT,88459.84,0.0006,buy,29348949
1766339681342,BTCUSDT,88459.1,0.0006,buy,29348950
1766339724012,BTCUSDT,88458.11,0.0006,buy,29348951
1766339773747,BTCUSDT,88457.0,0.0006,buy,29348952
1766339816238,BTCUSDT,88456.24,0.0006,buy,29348953
1766339854740,BTCUSDT,88455.63,0.0006,buy,29348954
1766339952575,BTCUSDT,88454.0,0.00059,buy,29348955
1766340002099,BTCUSDT,88453.17,0.00507,buy,29348956
1766340003172,BTCUSDT,88453.14,0.00059,buy,29348957
1766340043673,BTCUSDT,88452.26,0.00059,buy,29348958
1766340065292,BTCUSDT,88451.67,0.00023,buy,29348959
1766340088047,BTCUSDT,88451.07,0.0006,buy,29348960
1766340095280,BTCUSDT,88450.93,0.00011,buy,29348961
1766340122446,BTCUSDT,88450.3,0.0006,buy,29348962
1766340164543,BTCUSDT,88449.4,0.0006,buy,29348963
1766340185314,BTCUSDT,88448.93,0.00056,buy,29348964
1766340186572,BTCUSDT,88448.91,0.00057,buy,29348965
1766340194911,BTCUSDT,88448.72,9e-05,buy,29348966
1766340215352,BTCUSDT,88448.3,0.00017,buy,29348967
1766340216141,BTCUSDT,88237.13,0.00763,sell,29348968
1766340216141,BTCUSDT,88237.1,0.00237,sell,29348969
1766340216589,BTCUSDT,88448.23,7e-05,buy,29348970
1766340216807,BTCUSDT,88237.1,0.01077,sell,29348971
1766340216807,BTCUSDT,88237.06,0.00055,sell,29348972
1766340219112,BTCUSDT,88237.13,0.01352,sell,29348973
1766340275289,BTCUSDT,88435.55,6e-05,buy,29348974
1766340365315,BTCUSDT,88431.73,0.0002,buy,29348975
1766340434160,BTCUSDT,88107.66,0.00854,sell,29348976
1766340434160,BTCUSDT,88107.65,0.00146,sell,29348977
1766340435345,BTCUSDT,88107.63,0.00112,sell,29348978
1766340436501,BTCUSDT,88107.66,0.01054,sell,29348979
1766340441708,BTCUSDT,88067.89,0.00236,sell,29348980
1766340444610,BTCUSDT,88371.13,0.00028,buy,29348981
1766340459896,BTCUSDT,88067.9,0.00361,sell,29348982
1766340459896,BTCUSDT,88067.89,0.00068,sell,29348983
1766340469445,BTCUSDT,88343.4,0.00056,buy,29348984
1766340500441,BTCUSDT,88320.58,5e-05,buy,29348985
1766340500496,BTCUSDT,88320.58,3e-05,buy,29348986
1766340635307,BTCUSDT,88313.53,0.00085,buy,29348987
1766340748364,BTCUSDT,88272.62,0.0003,buy,29348988
1766340762522,BTCUSDT,88000.88,0.0017,sell,29348989
1766340762522,BTCUSDT,88000.77,0.00769,sell,29348990
1766340762522,BTCUSDT,88000.0,0.00011,sell,29348991
1766340785306,BTCUSDT,88235.23,0.00056,buy,29348992
1766340815314,BTCUSDT,88234.08,0.00011,buy,29348993
1766340815607,BTCUSDT,88234.08,6e-05,buy,29348994
1766340920317,BTCUSDT,88230.03,6e-05,buy,29348995
1766340948734,BTCUSDT,88228.94,2e-05,buy,29348996
1766341099402,BTCUSDT,87937.19,0.00568,sell,29348997
1766341311649,BTCUSDT,88214.78,0.00018,buy,29348998
1766341312185,BTCUSDT,88214.78,5e-05,buy,29348999
1766341437404,BTCUSDT,87946.3,0.00028,sell,29349000
1766341498883,BTCUSDT,88207.51,5e-05,buy,29349001
1766341636871,BTCUSDT,87951.37,4e-05,sell,29349002
1766341804410,BTCUSDT,87956.15,0.00309,sell,29349003
1766341931786,BTCUSDT,88192.96,0.00094,buy,29349004
1766341948766,BTCUSDT,88192.98,0.02013,buy,29349005
1766341950395,BTCUSDT,88192.98,0.00554,buy,29349006
1766341955312,BTCUSDT,88250.86,0.00057,buy,29349007
1766341983968,BTCUSDT,88250.02,0.00296,buy,29349008
1766342102057,BTCUSDT,87965.85,0.0061,sell,29349009
1766342214721,BTCUSDT,88247.54,0.01002,buy,29349010
1766342795347,BTCUSDT,88310.1,0.00113,buy,29349011
1766342958086,BTCUSDT,88250.65,0.00592,sell,29349012
1766343350470,BTCUSDT,88429.6,0.001,buy,29349013
1766343350470,BTCUSDT,88429.61,0.00238,buy,29349014
1766343365370,BTCUSDT,88429.37,0.00113,buy,29349015
1766343599137,BTCUSDT,88444.54,0.00022,buy,29349016
1766343613128,BTCUSDT,88449.14,0.00011,buy,29349017
1766343730966,BTCUSDT,88469.89,0.00564,buy,29349018
1766343740307,BTCUSDT,88469.89,0.00017,buy,29349019
1766344175299,BTCUSDT,88459.36,0.00056,buy,29349020
1766344400481,BTCUSDT,88452.9,3e-05,buy,29349021
1766344489576,BTCUSDT,88450.17,0.00034,buy,29349022
1766344505291,BTCUSDT,88449.6,0.00017,buy,29349023
1766344535300,BTCUSDT,88448.49,3e-05,buy,29349024
1766344935406,BTCUSDT,88437.57,0.00011,buy,29349025
1766345055774,BTCUSDT,88298.7,0.0005,sell,29349026
1766345412294,BTCUSDT,88303.15,0.00413,sell,29349027
1766345453546,BTCUSDT,88303.29,0.01114,sell,29349028
1766345453578,BTCUSDT,88303.29,0.00277,sell,29349029
1766346088779,BTCUSDT,88432.73,7e-05,buy,29349030
1766346125505,BTCUSDT,88432.57,2e-05,buy,29349031
1766346491822,BTCUSDT,88407.64,0.00056,buy,29349032
1766346498198,BTCUSDT,88209.94,0.0001,sell,29349033
1766346558579,BTCUSDT,88406.02,0.00042,buy,29349034
1766346606764,BTCUSDT,88427.72,0.00271,buy,29349035
1766346621282,BTCUSDT,88427.65,0.00042,buy,29349036
1766346667469,BTCUSDT,88427.68,0.00042,buy,29349037
1766346705082,BTCUSDT,88460.61,0.00042,buy,29349038
1766346717812,BTCUSDT,88460.61,0.00866,buy,29349039
1766346717812,BTCUSDT,88460.63,0.01358,buy,29349040
1766346717812,BTCUSDT,88460.64,0.01427,buy,29349041
1766346719293,BTCUSDT,88469.89,5e-05,buy,29349042
1766346719293,BTCUSDT,88470.0,0.00015,buy,29349043
1766346720318,BTCUSDT,88480.0,5e-05,buy,29349044
1766346749979,BTCUSDT,88492.17,0.00038,buy,29349045
1766346749979,BTCUSDT,88541.73,4e-05,buy,29349046
1766346815176,BTCUSDT,88540.59,0.00042,buy,29349047
1766346861859,BTCUSDT,88540.59,0.00159,buy,29349048
1766346863396,BTCUSDT,88550.0,0.0001,buy,29349049
1766346863396,BTCUSDT,88603.57,0.00012,buy,29349050
1766346863396,BTCUSDT,88619.04,0.0002,buy,29349051
1766346985153,BTCUSDT,88615.14,0.00042,buy,29349052
1766347018867,BTCUSDT,88614.1,0.00042,buy,29349053
1766347062586,BTCUSDT,88612.68,0.00031,buy,29349054
1766347062586,BTCUSDT,88612.69,0.00011,buy,29349055
1766347106510,BTCUSDT,88610.54,0.00042,buy,29349056
1766347154416,BTCUSDT,88608.86,0.00042,buy,29349057
1766347168076,BTCUSDT,88464.63,9e-05,sell,29349058
1766347208345,BTCUSDT,88607.32,0.00042,buy,29349059
1766347235278,BTCUSDT,88606.55,0.00034,buy,29349060
1766347248181,BTCUSDT,88606.19,0.00042,buy,29349061
1766347287068,BTCUSDT,88605.01,0.00042,buy,29349062
1766347315675,BTCUSDT,88465.33,0.00016,sell,29349063
1766347324619,BTCUSDT,88604.11,0.00042,buy,29349064
1766347326436,BTCUSDT,88604.11,0.00017,buy,29349065
1766347377015,BTCUSDT,88602.66,0.00042,buy,29349066
1766347417377,BTCUSDT,88601.32,0.00042,buy,29349067
1766347475287,BTCUSDT,88598.95,2e-05,buy,29349068
1766347478409,BTCUSDT,88598.83,0.00042,buy,29349069
1766347485402,BTCUSDT,88598.54,0.00228,buy,29349070
1766347522204,BTCUSDT,88596.98,0.00042,buy,29349071
1766347529438,BTCUSDT,88596.65,9e-05,buy,29349072
1766347569371,BTCUSDT,88595.24,0.00042,buy,29349073
1766347612118,BTCUSDT,88593.48,0.00042,buy,29349074
1766347652275,BTCUSDT,88591.81,0.00042,buy,29349075
1766347693604,BTCUSDT,88590.34,0.00042,buy,29349076
1766347730765,BTCUSDT,88588.8,0.00042,buy,29349077
1766347766898,BTCUSDT,88587.39,0.00042,buy,29349078
1766347775383,BTCUSDT,88586.98,5e-05,buy,29349079
1766347803366,BTCUSDT,88585.64,0.00042,buy,29349080
1766347843104,BTCUSDT,88584.03,0.00042,buy,29349081
1766347843406,BTCUSDT,88583.99,0.00011,buy,29349082
1766347850312,BTCUSDT,88583.68,8e-05,buy,29349083
1766347865313,BTCUSDT,88583.01,0.00056,buy,29349084
1766347877217,BTCUSDT,88582.4,0.00042,buy,29349085
1766347880448,BTCUSDT,88582.21,3e-05,buy,29349086
1766347909169,BTCUSDT,88581.05,0.00042,buy,29349087
1766347933575,BTCUSDT,88579.89,3e-05,buy,29349088
1766347955774,BTCUSDT,88579.04,0.00042,buy,29349089
1766347990714,BTCUSDT,88574.72,0.00042,buy,29349090
1766348015364,BTCUSDT,88573.81,6e-05,buy,29349091
1766348018482,BTCUSDT,88573.67,0.00028,buy,29349092
1766348026777,BTCUSDT,88573.34,0.00042,buy,29349093
1766348057469,BTCUSDT,88571.99,0.00042,buy,29349094
1766348090448,BTCUSDT,88570.56,2e-05,buy,29349095
1766348092270,BTCUSDT,88570.49,0.00042,buy,29349096
1766348103438,BTCUSDT,88297.93,0.00023,sell,29349097
1766348123815,BTCUSDT,88569.43,0.00022,buy,29349098
1766348123815,BTCUSDT,88569.44,0.0002,buy,29349099
1766348134546,BTCUSDT,88298.04,0.00034,sell,29349100
1766348157614,BTCUSDT,88568.25,0.00042,buy,29349101
1766348187912,BTCUSDT,88567.14,0.00042,buy,29349102
1766348221754,BTCUSDT,88565.87,0.00034,buy,29349103
1766348221754,BTCUSDT,88565.88,8e-05,buy,29349104
1766348266677,BTCUSDT,88564.0,0.00042,buy,29349105
1766348301486,BTCUSDT,88562.5,0.00042,buy,29349106
1766348331076,BTCUSDT,88561.39,0.00042,buy,29349107
1766348366094,BTCUSDT,88559.79,0.00042,buy,29349108
1766348418372,BTCUSDT,88557.48,0.00029,buy,29349109
1766348453218,BTCUSDT,88551.59,0.00042,buy,29349110
1766348485769,BTCUSDT,88550.25,0.00042,buy,29349111
1766348520952,BTCUSDT,88548.87,0.00042,buy,29349112
1766348554143,BTCUSDT,88547.39,0.00042,buy,29349113
1766348588281,BTCUSDT,88546.2,0.00042,buy,29349114
1766348618477,BTCUSDT,88545.07,0.00042,buy,29349115
1766348651041,BTCUSDT,88543.72,0.00042,buy,29349116
1766348680767,BTCUSDT,88542.33,0.00042,buy,29349117
1766348710771,BTCUSDT,88541.19,0.00042,buy,29349118
1766348720285,BTCUSDT,88258.12,0.00136,sell,29349119
1766348738239,BTCUSDT,88540.13,0.00042,buy,29349120
1766348768650,BTCUSDT,88538.94,0.00042,buy,29349121
1766348802045,BTCUSDT,88537.52,0.00042,buy,29349122
1766348836163,BTCUSDT,88535.98,0.00042,buy,29349123
1766348866347,BTCUSDT,88534.73,0.00042,buy,29349124
1766348895219,BTCUSDT,88533.52,0.00042,buy,29349125
1766348900480,BTCUSDT,88533.22,0.00113,buy,29349126
1766348922473,BTCUSDT,88532.27,0.00042,buy,29349127
1766348949118,BTCUSDT,88531.26,0.00042,buy,29349128
1766348979764,BTCUSDT,88529.98,0.00042,buy,29349129
1766349009812,BTCUSDT,88528.8,0.00042,buy,29349130
1766349032484,BTCUSDT,88527.8,0.0004,buy,29349131
1766349329988,BTCUSDT,88261.46,0.00114,sell,29349132
1766349802895,BTCUSDT,88496.32,0.00109,buy,29349133
1766350150293,BTCUSDT,88263.87,0.00021,sell,29349134
1766350166726,BTCUSDT,88263.87,0.0004,sell,29349135
1766350244020,BTCUSDT,88478.32,4e-05,buy,29349136
1766350295271,BTCUSDT,88476.34,5e-05,buy,29349137
1766350632739,BTCUSDT,88232.31,0.00078,sell,29349138
1766350773004,BTCUSDT,88458.87,2e-05,buy,29349139
1766351045473,BTCUSDT,88413.8,2e-05,buy,29349140
1766351166481,BTCUSDT,88408.35,0.00034,buy,29349141
1766351195265,BTCUSDT,88407.07,6e-05,buy,29349142
1766351305353,BTCUSDT,88403.11,0.00023,buy,29349143
1766351345282,BTCUSDT,88402.13,0.00034,buy,29349144
1766351390370,BTCUSDT,88400.35,0.00056,buy,29349145
1766351527107,BTCUSDT,88395.52,0.00115,buy,29349146
1766351527107,BTCUSDT,88395.53,0.00134,buy,29349147
1766351705351,BTCUSDT,88388.97,0.00034,buy,29349148
1766351720448,BTCUSDT,88388.57,0.00028,buy,29349149
1766351771707,BTCUSDT,88386.5,0.00193,buy,29349150
1766351874993,BTCUSDT,88383.76,0.00022,buy,29349151
1766351945300,BTCUSDT,88382.2,0.00113,buy,29349152
1766352035353,BTCUSDT,88186.87,0.00014,sell,29349153
1766352333907,BTCUSDT,88515.77,0.00016,buy,29349154
1766352497788,BTCUSDT,88196.99,0.0002,sell,29349155
1766352515800,BTCUSDT,88508.58,0.00011,buy,29349156
1766352551240,BTCUSDT,88507.27,5e-05,buy,29349157
1766352840672,BTCUSDT,88453.13,0.00011,sell,29349158
1766352911977,BTCUSDT,88493.15,0.00017,buy,29349159
1766353269372,BTCUSDT,88203.34,0.00033,sell,29349160
1766353269372,BTCUSDT,88203.33,0.01713,sell,29349161
1766353340339,BTCUSDT,88258.64,0.0001,buy,29349162
1766353340339,BTCUSDT,88284.47,1e-05,buy,29349163
1766353386694,BTCUSDT,88284.11,0.00086,buy,29349164
1766353409795,BTCUSDT,88283.49,3e-05,buy,29349165
1766353441026,BTCUSDT,88282.95,0.0008,buy,29349166
1766353449415,BTCUSDT,88204.65,0.0013,sell,29349167
1766353458500,BTCUSDT,88204.65,0.0013,sell,29349168
1766353480891,BTCUSDT,88281.94,0.0013,buy,29349169
1766353488357,BTCUSDT,88090.21,0.0013,sell,29349170
1766353496577,BTCUSDT,88281.55,0.00129,buy,29349171
1766353496577,BTCUSDT,88281.56,1e-05,buy,29349172
1766353504124,BTCUSDT,88281.4,0.0013,buy,29349173
1766353519081,BTCUSDT,88091.04,0.00129,sell,29349174
1766353519081,BTCUSDT,88091.03,1e-05,sell,29349175
1766353525942,BTCUSDT,88091.26,0.0013,sell,29349176
1766353534053,BTCUSDT,88280.63,0.0013,buy,29349177
1766353541559,BTCUSDT,88280.29,0.0013,buy,29349178
1766353549032,BTCUSDT,88091.89,0.0013,sell,29349179
1766353556585,BTCUSDT,88092.03,0.0013,sell,29349180
1766353564386,BTCUSDT,88279.79,0.0013,buy,29349181
1766353572031,BTCUSDT,88279.62,0.0013,buy,29349182
1766353579545,BTCUSDT,88092.57,0.0013,sell,29349183
1766353587079,BTCUSDT,88092.76,0.0013,sell,29349184
1766353601586,BTCUSDT,88279.02,0.0013,buy,29349185
1766353608652,BTCUSDT,88278.75,0.0012,buy,29349186
1766353616821,BTCUSDT,88093.57,0.0013,sell,29349187
1766353624625,BTCUSDT,88278.31,0.0013,buy,29349188
1766353741069,BTCUSDT,88095.75,0.0013,sell,29349189
1766353748185,BTCUSDT,88095.81,0.0013,sell,29349190
1766353755886,BTCUSDT,88273.91,7e-05,buy,29349191
1766353755886,BTCUSDT,88273.92,0.00123,buy,29349192
1766353763794,BTCUSDT,88273.63,0.0013,buy,29349193
1766353773960,BTCUSDT,88096.3,0.00032,sell,29349194
1766353774201,BTCUSDT,88273.27,0.00032,buy,29349195
1766353792563,BTCUSDT,88096.39,0.0013,sell,29349196
1766353808180,BTCUSDT,88272.18,0.0013,buy,29349197
1766353824252,BTCUSDT,88096.56,0.0013,sell,29349198
1766353839676,BTCUSDT,88271.34,0.00032,buy,29349199
1766353839676,BTCUSDT,88271.35,0.00098,buy,29349200
1766353854625,BTCUSDT,88096.65,0.0013,sell,29349201
1766353862491,BTCUSDT,88270.69,0.0013,buy,29349202
1766353870482,BTCUSDT,88096.68,0.0013,sell,29349203
1766353877964,BTCUSDT,88270.06,0.0013,buy,29349204
1766353928577,BTCUSDT,88096.93,0.00017,sell,29349205
1766353952225,BTCUSDT,88097.07,0.0013,sell,29349206
1766353960274,BTCUSDT,88097.12,0.0011,sell,29349207
1766353960274,BTCUSDT,88097.11,0.0002,sell,29349208
1766353970176,BTCUSDT,88266.05,0.0013,buy,29349209
1766353978887,BTCUSDT,88265.65,0.0013,buy,29349210
1766353989511,BTCUSDT,88097.15,0.0013,sell,29349211
1766353997020,BTCUSDT,88264.93,0.0012,buy,29349212
1766354002909,BTCUSDT,88264.74,0.00028,buy,29349213
1766354006828,BTCUSDT,88264.58,2e-05,buy,29349214
1766354010485,BTCUSDT,88264.47,0.00035,buy,29349215
1766354050031,BTCUSDT,88263.09,0.00033,buy,29349216
1766354143119,BTCUSDT,88098.26,0.0013,sell,29349217
1766354147076,BTCUSDT,88259.32,0.00023,buy,29349218
1766354153700,BTCUSDT,88259.05,0.00019,buy,29349219
1766354154031,BTCUSDT,88259.04,0.0013,buy,29349220
1766354191648,BTCUSDT,88098.63,0.0013,sell,29349221
1766354207443,BTCUSDT,88257.13,0.0013,buy,29349222
1766354230177,BTCUSDT,88099.46,0.0013,sell,29349223
1766354246358,BTCUSDT,88255.56,0.0013,buy,29349224
1766354263592,BTCUSDT,88099.95,0.0013,sell,29349225
1766354271723,BTCUSDT,88254.74,0.0013,buy,29349226
1766354390001,BTCUSDT,88101.99,0.0013,sell,29349227
1766354398855,BTCUSDT,88102.1,0.0013,sell,29349228
1766354407529,BTCUSDT,88249.43,0.0013,buy,29349229
1766354415545,BTCUSDT,88249.14,0.0013,buy,29349230
1766354424761,BTCUSDT,88102.2,0.0013,sell,29349231
1766354430586,BTCUSDT,88102.2,0.00033,sell,29349232
1766354432969,BTCUSDT,88102.2,0.0013,sell,29349233
1766354435359,BTCUSDT,88248.49,6e-05,buy,29349234
1766354435414,BTCUSDT,88248.49,2e-05,buy,29349235
1766354441276,BTCUSDT,88248.24,0.0013,buy,29349236
1766354450604,BTCUSDT,88102.22,0.0013,sell,29349237
1766354457089,BTCUSDT,88247.57,0.00057,buy,29349238
1766354468639,BTCUSDT,88247.0,0.0013,buy,29349239
1766354476674,BTCUSDT,88102.31,0.0013,sell,29349240
1766354486117,BTCUSDT,88246.26,0.0013,buy,29349241
1766354497213,BTCUSDT,88245.8,0.0012,buy,29349242
1766354615313,BTCUSDT,88240.84,0.00057,buy,29349243
1766354620267,BTCUSDT,88240.68,0.00023,buy,29349244
1766354626685,BTCUSDT,88104.29,0.0013,sell,29349245
1766354636406,BTCUSDT,88240.2,0.0013,buy,29349246
1766354657535,BTCUSDT,88105.15,0.0013,sell,29349247
1766354667034,BTCUSDT,88105.46,0.0013,sell,29349248
1766354674500,BTCUSDT,88238.81,0.0013,buy,29349249
1766354686329,BTCUSDT,88238.44,0.0013,buy,29349250
1766354701599,BTCUSDT,88106.42,0.00227,sell,29349251
1766354705310,BTCUSDT,88237.87,2e-05,buy,29349252
1766354705313,BTCUSDT,88237.87,0.00057,buy,29349253
1766354797586,BTCUSDT,88109.18,0.0013,sell,29349254
1766354805984,BTCUSDT,88109.43,0.0013,sell,29349255
1766354814626,BTCUSDT,88234.35,0.0013,buy,29349256
1766354822845,BTCUSDT,88234.21,0.0013,buy,29349257
1766354830912,BTCUSDT,88110.05,0.0013,sell,29349258
1766354838964,BTCUSDT,88110.24,0.0013,sell,29349259
1766354840497,BTCUSDT,88233.79,0.03957,buy,29349260
1766354846976,BTCUSDT,88233.58,0.0013,buy,29349261
1766354864376,BTCUSDT,88233.11,0.0013,buy,29349262
1766354902484,BTCUSDT,88232.16,2e-05,buy,29349263
1766354973625,BTCUSDT,88113.54,0.0013,sell,29349264
1766354981171,BTCUSDT,88230.31,0.00215,buy,29349265
1766354982906,BTCUSDT,88230.24,0.0013,buy,29349266
1766355000649,BTCUSDT,88113.95,0.0013,sell,29349267
1766355010062,BTCUSDT,88114.11,0.0013,sell,29349268
1766355021405,BTCUSDT,88229.17,0.0013,buy,29349269
1766355030948,BTCUSDT,88228.94,0.0012,buy,29349270
1766355050535,BTCUSDT,88114.93,0.0013,sell,29349271
1766355060707,BTCUSDT,88228.09,0.0013,buy,29349272
1766355183209,BTCUSDT,88385.67,0.00228,buy,29349273
1766355209435,BTCUSDT,88118.42,0.0013,sell,29349274
1766355216603,BTCUSDT,88118.68,2e-05,sell,29349275
1766355220228,BTCUSDT,88118.74,0.0013,sell,29349276
1766355232074,BTCUSDT,88384.31,0.0013,buy,29349277
1766355232178,BTCUSDT,88384.31,2e-05,buy,29349278
1766355241344,BTCUSDT,88384.16,0.0013,buy,29349279
1766355251741,BTCUSDT,88119.55,0.0013,sell,29349280
1766355251776,BTCUSDT,88119.55,2e-05,sell,29349281
1766355259814,BTCUSDT,88383.55,0.0013,buy,29349282
1766355259843,BTCUSDT,88383.55,2e-05,buy,29349283
1766355328979,BTCUSDT,88383.86,0.00424,buy,29349284
1766355375675,BTCUSDT,88122.58,0.0013,sell,29349285
1766355375722,BTCUSDT,88122.58,2e-05,sell,29349286
1766355384851,BTCUSDT,88122.83,0.0013,sell,29349287
1766355393060,BTCUSDT,88486.11,0.0013,buy,29349288
1766355393095,BTCUSDT,88486.11,2e-05,buy,29349289
1766355401281,BTCUSDT,88485.87,0.0013,buy,29349290
1766355454374,BTCUSDT,88124.46,0.00044,sell,29349291
1766355454461,BTCUSDT,88124.46,2e-05,sell,29349292
1766355481647,BTCUSDT,88125.22,8e-05,sell,29349293
1766355585242,BTCUSDT,88127.74,0.0013,sell,29349294
1766355593202,BTCUSDT,88127.85,0.0013,sell,29349295
1766355601187,BTCUSDT,88479.12,0.0013,buy,29349296
1766355601237,BTCUSDT,88479.11,2e-05,buy,29349297
1766355616457,BTCUSDT,88128.2,0.0013,sell,29349298
1766355616528,BTCUSDT,88128.2,2e-05,sell,29349299
1766355633033,BTCUSDT,88477.67,0.0013,buy,29349300
1766355633149,BTCUSDT,88477.67,2e-05,buy,29349301
1766355641482,BTCUSDT,88477.25,0.0012,buy,29349302
1766355650042,BTCUSDT,88128.7,0.0013,sell,29349303
1766355650147,BTCUSDT,88128.7,2e-05,sell,29349304
1766355657961,BTCUSDT,88128.88,0.0013,sell,29349305
1766355666040,BTCUSDT,88476.31,0.0013,buy,29349306
1766355666126,BTCUSDT,88476.31,2e-05,buy,29349307
1766355673901,BTCUSDT,88475.95,0.0013,buy,29349308
1766355782092,BTCUSDT,88131.74,0.0013,sell,29349309
1766355782164,BTCUSDT,88131.74,2e-05,sell,29349310
1766355790341,BTCUSDT,88131.96,0.0013,sell,29349311
1766355799693,BTCUSDT,88471.29,0.0013,buy,29349312
1766355799773,BTCUSDT,88471.29,2e-05,buy,29349313
1766355807755,BTCUSDT,88470.97,0.0013,buy,29349314
1766355815525,BTCUSDT,88132.56,0.0013,sell,29349315
1766355815652,BTCUSDT,88132.57,2e-05,sell,29349316
1766355820708,BTCUSDT,88470.38,5e-05,buy,29349317
1766355820805,BTCUSDT,88470.38,2e-05,buy,29349318
1766355830653,BTCUSDT,88470.03,0.0013,buy,29349319
1766355854750,BTCUSDT,88133.54,0.0013,sell,29349320
1766355854812,BTCUSDT,88133.55,2e-05,sell,29349321
1766355871497,BTCUSDT,88468.21,0.0013,buy,29349322
1766355871619,BTCUSDT,88468.19,2e-05,buy,29349323
1766355890000,BTCUSDT,88134.62,0.0013,sell,29349324
1766355890030,BTCUSDT,88134.62,2e-05,sell,29349325
1766355926513,BTCUSDT,88135.85,0.04907,sell,29349326
1766355926858,BTCUSDT,88465.81,0.02701,buy,29349327
1766355926932,BTCUSDT,88465.81,2e-05,buy,29349328
1766356296159,BTCUSDT,88452.45,0.00097,buy,29349329
1766356299279,BTCUSDT,88407.89,0.00011,sell,29349330
1766356760643,BTCUSDT,88264.91,0.00051,sell,29349331
1766356760699,BTCUSDT,88264.91,2e-05,sell,29349332
1766357241406,BTCUSDT,88462.7,2e-05,buy,29349333
1766357241490,BTCUSDT,88462.69,2e-05,buy,29349334
1766357534942,BTCUSDT,88287.06,2e-05,sell,29349335
1766357870401,BTCUSDT,88488.84,0.00451,buy,29349336
1766358027918,BTCUSDT,88547.71,0.00113,buy,29349337
1766358095308,BTCUSDT,88589.27,0.00056,buy,29349338
1766358120282,BTCUSDT,88630.0,0.00013,buy,29349339
1766358127079,BTCUSDT,88630.0,2e-05,buy,29349340
1766358128199,BTCUSDT,88660.0,0.00013,buy,29349341
1766358128525,BTCUSDT,88660.0,2e-05,buy,29349342
1766358128838,BTCUSDT,88700.0,0.00015,buy,29349343
1766358128838,BTCUSDT,88702.98,0.00039,buy,29349344
1766358130880,BTCUSDT,88750.0,0.0002,buy,29349345
1766358185287,BTCUSDT,88774.76,0.00028,buy,29349346
1766358325017,BTCUSDT,88771.2,6e-05,buy,29349347
1766358350384,BTCUSDT,88770.32,6e-05,buy,29349348
1766358492852,BTCUSDT,88763.99,0.00017,buy,29349349
1766358659618,BTCUSDT,88757.42,0.00011,buy,29349350
1766358680471,BTCUSDT,88756.64,4e-05,buy,29349351
1766358680495,BTCUSDT,88756.64,0.00022,buy,29349352
1766358890469,BTCUSDT,88747.9,0.00011,buy,29349353
1766359275014,BTCUSDT,88732.13,0.00088,buy,29349354
1766359430018,BTCUSDT,88727.24,0.00022,buy,29349355
1766359773146,BTCUSDT,88459.45,0.02629,sell,29349356
1766359773146,BTCUSDT,88459.43,0.01269,sell,29349357
1766359773146,BTCUSDT,88459.41,0.00308,sell,29349358
1766359773146,BTCUSDT,88459.4,0.00937,sell,29349359
1766359773146,BTCUSDT,88459.38,0.01453,sell,29349360
1766359773146,BTCUSDT,88459.37,0.01418,sell,29349361
1766359773146,BTCUSDT,88459.35,0.00341,sell,29349362
1766359773146,BTCUSDT,88457.86,0.02731,sell,29349363
1766359773190,BTCUSDT,88457.86,2e-05,sell,29349364
1766360480341,BTCUSDT,88636.26,2e-05,buy,29349365
1766360480478,BTCUSDT,88636.26,2e-05,buy,29349366
1766360540383,BTCUSDT,88634.42,6e-05,buy,29349367
1766360569359,BTCUSDT,88633.52,0.00116,buy,29349368
1766360675313,BTCUSDT,88629.52,0.00113,buy,29349369
1766360715670,BTCUSDT,88627.86,0.00227,buy,29349370
1766360960416,BTCUSDT,88618.88,0.00017,buy,29349371
1766361096681,BTCUSDT,88616.4,0.00325,buy,29349372
1766361119638,BTCUSDT,88518.9,0.001,buy,29349373
1766361154986,BTCUSDT,88519.1,0.001,buy,29349374
1766361161271,BTCUSDT,88616.39,0.00056,buy,29349375
1766361597179,BTCUSDT,88433.3,0.00479,sell,29349376
1766361597219,BTCUSDT,88433.3,2e-05,sell,29349377
1766361597618,BTCUSDT,88656.95,0.00322,buy,29349378
1766361597711,BTCUSDT,88656.95,2e-05,buy,29349379
1766361607818,BTCUSDT,88657.31,0.0284,buy,29349380
1766361620623,BTCUSDT,88676.99,0.00909,buy,29349381
1766361621630,BTCUSDT,88676.99,0.00112,buy,29349382
1766361639133,BTCUSDT,88676.99,0.00233,buy,29349383
1766361644332,BTCUSDT,88676.99,0.01215,buy,29349384
1766361813054,BTCUSDT,88639.1,0.001,buy,29349385
1766361911508,BTCUSDT,88775.45,0.0001,buy,29349386
1766361911508,BTCUSDT,88782.84,0.00028,buy,29349387
1766362001665,BTCUSDT,88834.54,0.00305,buy,29349388
1766362002672,BTCUSDT,88839.1,6e-05,buy,29349389
1766362003679,BTCUSDT,88839.1,1e-05,buy,29349390
1766362110369,BTCUSDT,88900.3,0.00057,buy,29349391
1766362110369,BTCUSDT,88900.57,0.00011,buy,29349392
1766362195042,BTCUSDT,88914.58,0.00034,buy,29349393
1766362195042,BTCUSDT,88915.38,0.00064,buy,29349394
1766362207778,BTCUSDT,88990.0,0.0002,buy,29349395
1766362325386,BTCUSDT,88999.72,0.00011,buy,29349396
1766362385362,BTCUSDT,88999.99,0.00112,buy,29349397
1766362410373,BTCUSDT,89000.0,0.00449,buy,29349398
1766362426138,BTCUSDT,89020.0,0.00015,buy,29349399
1766362426138,BTCUSDT,89023.57,0.00012,buy,29349400
1766362430224,BTCUSDT,89034.76,0.00038,buy,29349401
1766362430478,BTCUSDT,89050.0,0.03237,buy,29349402
1766362430487,BTCUSDT,89050.0,0.0001,buy,29349403
1766362430492,BTCUSDT,89108.11,0.00026,buy,29349404
1766362430492,BTCUSDT,89109.93,0.00021,buy,29349405
1766362430492,BTCUSDT,89123.45,5e-05,buy,29349406
1766362430492,BTCUSDT,89137.55,0.00012,buy,29349407
1766362430492,BTCUSDT,89168.41,0.06815,buy,29349408
1766362430493,BTCUSDT,89168.41,0.00356,buy,29349409
1766362430543,BTCUSDT,89168.44,0.00064,buy,29349410
1766362430543,BTCUSDT,89175.17,0.0003,buy,29349411
1766362430543,BTCUSDT,89190.29,0.00088,buy,29349412
1766362430543,BTCUSDT,89200.0,0.00025,buy,29349413
1766362430543,BTCUSDT,89206.38,0.00014,buy,29349414
1766362430543,BTCUSDT,89240.03,0.04011,buy,29349415
1766362430544,BTCUSDT,89240.03,0.0032,buy,29349416
1766362430643,BTCUSDT,89239.97,0.00272,buy,29349417
1766362431367,BTCUSDT,89240.04,0.00156,buy,29349418
1766362432867,BTCUSDT,89295.31,0.00302,buy,29349419
1766362434051,BTCUSDT,89337.51,0.00021,buy,29349420
1766362434051,BTCUSDT,89337.52,0.00189,buy,29349421
1766362435659,BTCUSDT,89346.21,8e-05,buy,29349422
1766362446492,BTCUSDT,89346.25,0.0013,buy,29349423
1766362446492,BTCUSDT,89349.16,0.00146,buy,29349424
1766362446656,BTCUSDT,89346.24,0.00831,buy,29349425
1766362446810,BTCUSDT,89354.31,0.00011,buy,29349426
1766362446810,BTCUSDT,89356.62,0.0054,buy,29349427
1766362447493,BTCUSDT,89365.52,3e-05,buy,29349428
1766362447493,BTCUSDT,89365.82,7e-05,buy,29349429
1766362449912,BTCUSDT,89399.98,0.00104,buy,29349430
1766362449912,BTCUSDT,89400.0,0.00896,buy,29349431
1766362451303,BTCUSDT,89400.0,0.01166,buy,29349432
1766362454180,BTCUSDT,89400.0,0.0968,buy,29349433
1766362454269,BTCUSDT,89400.0,0.01476,buy,29349434
1766362455023,BTCUSDT,89400.0,0.06835,buy,29349435
1766362455914,BTCUSDT,89400.0,0.01623,buy,29349436
1766362457290,BTCUSDT,89400.0,0.03344,buy,29349437
1766362457639,BTCUSDT,89411.21,0.00064,buy,29349438
1766362475342,BTCUSDT,89442.99,0.00011,buy,29349439
1766362483297,BTCUSDT,89442.97,0.001,buy,29349440
1766362483393,BTCUSDT,89442.97,0.6385,buy,29349441
1766362491110,BTCUSDT,89442.88,0.00111,buy,29349442
1766362499708,BTCUSDT,89443.0,0.00021,buy,29349443
1766362500248,BTCUSDT,89443.0,0.00066,buy,29349444
1766362500288,BTCUSDT,89443.0,0.0116,buy,29349445
1766362502595,BTCUSDT,89481.07,0.00068,buy,29349446
1766362502595,BTCUSDT,89481.08,0.00112,buy,29349447
1766362502595,BTCUSDT,89481.11,0.0082,buy,29349448
1766362502656,BTCUSDT,89481.11,0.00023,buy,29349449
1766362502888,BTCUSDT,89481.06,0.00068,buy,29349450
1766362502888,BTCUSDT,89481.11,0.01259,buy,29349451
1766362502888,BTCUSDT,89481.12,0.0017,buy,29349452
1766362503084,BTCUSDT,89496.05,0.00084,buy,29349453
1766362503084,BTCUSDT,89500.0,0.0024,buy,29349454
1766362503084,BTCUSDT,89500.0,0.04335,buy,29349455
1766362503101,BTCUSDT,89500.0,0.0511,buy,29349456
1766362503336,BTCUSDT,89496.04,0.01132,buy,29349457
1766362503336,BTCUSDT,89500.0,0.04458,buy,29349458
1766362503351,BTCUSDT,89500.0,0.25849,buy,29349459
1766362503668,BTCUSDT,89500.0,7e-05,buy,29349460
1766362503894,BTCUSDT,89500.0,0.0288,buy,29349461
1766362503896,BTCUSDT,89500.0,0.0034,buy,29349462
1766362510538,BTCUSDT,89500.0,0.00277,buy,29349463
1766362510538,BTCUSDT,89500.0,0.01377,buy,29349464
1766362510938,BTCUSDT,89500.0,0.26566,buy,29349465
1766362510943,BTCUSDT,89500.0,0.18553,buy,29349466
1766362510949,BTCUSDT,89500.0,0.18553,buy,29349467
1766362510962,BTCUSDT,89500.0,0.00408,buy,29349468
1766362510962,BTCUSDT,89500.0,0.01377,buy,29349469
1766362511022,BTCUSDT,89500.0,0.29662,buy,29349470
1766362511086,BTCUSDT,89500.0,0.00399,buy,29349471
1766362511087,BTCUSDT,89500.0,0.01377,buy,29349472
1766362511131,BTCUSDT,89500.0,0.00265,buy,29349473
1766362511132,BTCUSDT,89500.0,0.01377,buy,29349474
1766362511186,BTCUSDT,89500.0,0.01377,buy,29349475
1766362511343,BTCUSDT,89500.0,0.00509,buy,29349476
1766362511540,BTCUSDT,89500.0,0.26566,buy,29349477
1766362511715,BTCUSDT,89187.98,0.00233,sell,29349478
1766362511809,BTCUSDT,89187.98,2e-05,sell,29349479
1766362511822,BTCUSDT,89321.0,0.02221,buy,29349480
1766362511831,BTCUSDT,89321.0,2e-05,buy,29349481
1766362511831,BTCUSDT,89500.0,0.01378,buy,29349482
1766362511839,BTCUSDT,89500.0,0.00284,buy,29349483
1766362511933,BTCUSDT,89500.0,0.16468,buy,29349484
1766362511952,BTCUSDT,89500.0,0.00423,buy,29349485
1766362511998,BTCUSDT,89500.0,0.00341,buy,29349486
1766362511999,BTCUSDT,89500.0,0.01377,buy,29349487
1766362512059,BTCUSDT,89500.0,0.26566,buy,29349488
1766362512066,BTCUSDT,89500.0,0.07119,buy,29349489
1766362512562,BTCUSDT,89500.0,0.26566,buy,29349490
1766362512612,BTCUSDT,89500.0,2e-05,buy,29349491
1766362514699,BTCUSDT,89500.0,0.00152,buy,29349492
1766362514992,BTCUSDT,89188.19,0.00027,sell,29349493
1766362515018,BTCUSDT,89188.19,2e-05,sell,29349494
1766362515023,BTCUSDT,89500.0,0.00152,buy,29349495
1766362515067,BTCUSDT,89500.0,0.18732,buy,29349496
1766362515072,BTCUSDT,89500.0,0.00152,buy,29349497
1766362515090,BTCUSDT,89500.0,0.00152,buy,29349498
1766362515138,BTCUSDT,89500.0,0.00152,buy,29349499
1766362515178,BTCUSDT,89500.0,0.00152,buy,29349500
1766362515186,BTCUSDT,89500.0,0.00152,buy,29349501
1766362515197,BTCUSDT,89500.0,0.00152,buy,29349502
1766362515239,BTCUSDT,89500.0,0.00152,buy,29349503
1766362515259,BTCUSDT,89500.0,0.00152,buy,29349504
1766362515347,BTCUSDT,89500.0,0.00152,buy,29349505
1766362515381,BTCUSDT,89500.0,0.00152,buy,29349506
1766362515594,BTCUSDT,89500.0,0.00152,buy,29349507
1766362515597,BTCUSDT,89500.0,0.26566,buy,29349508
1766362515607,BTCUSDT,89500.0,0.00152,buy,29349509
1766362515619,BTCUSDT,89500.0,0.00152,buy,29349510
1766362515660,BTCUSDT,89500.0,0.00152,buy,29349511
1766362515686,BTCUSDT,89500.0,0.00152,buy,29349512
1766362515701,BTCUSDT,89500.0,0.00152,buy,29349513
1766362515720,BTCUSDT,89500.0,2e-05,buy,29349514
1766362515779,BTCUSDT,89500.0,0.00152,buy,29349515
1766362515834,BTCUSDT,89500.0,0.00152,buy,29349516
1766362515877,BTCUSDT,89500.0,0.00152,buy,29349517
1766362515887,BTCUSDT,89500.0,0.00152,buy,29349518
1766362515987,BTCUSDT,89500.0,0.00152,buy,29349519
1766362516169,BTCUSDT,89500.0,0.00152,buy,29349520
1766362516860,BTCUSDT,89500.0,0.00152,buy,29349521
1766362516989,BTCUSDT,89500.0,0.00152,buy,29349522
1766362517023,BTCUSDT,89500.0,0.00152,buy,29349523
1766362517115,BTCUSDT,89500.0,0.00152,buy,29349524
1766362517130,BTCUSDT,89500.0,0.00152,buy,29349525
1766362517140,BTCUSDT,89500.0,0.07079,buy,29349526
1766362517209,BTCUSDT,89500.0,0.00152,buy,29349527
1766362517218,BTCUSDT,89500.0,0.00152,buy,29349528
1766362517238,BTCUSDT,89500.0,0.00152,buy,29349529
1766362517342,BTCUSDT,89500.0,0.00152,buy,29349530
1766362517353,BTCUSDT,89500.0,0.00152,buy,29349531
1766362517401,BTCUSDT,89500.0,0.00152,buy,29349532
1766362517719,BTCUSDT,89500.0,0.25858,buy,29349533
1766362517731,BTCUSDT,89500.0,0.00152,buy,29349534
1766362517750,BTCUSDT,89500.0,0.00152,buy,29349535
1766362517778,BTCUSDT,89500.0,0.00152,buy,29349536
1766362517872,BTCUSDT,89500.0,0.00152,buy,29349537
1766362517886,BTCUSDT,89500.0,0.00152,buy,29349538
1766362518262,BTCUSDT,89500.0,0.12302,buy,29349539
1766362518286,BTCUSDT,89500.0,0.00152,buy,29349540
1766362518320,BTCUSDT,89500.0,0.00152,buy,29349541
1766362518562,BTCUSDT,89500.0,0.00152,buy,29349542
1766362518589,BTCUSDT,89500.0,0.00152,buy,29349543
1766362518806,BTCUSDT,89500.0,0.01443,buy,29349544
1766362520064,BTCUSDT,89218.12,0.0009,sell,29349545
1766362520157,BTCUSDT,89218.12,2e-05,sell,29349546
1766362520469,BTCUSDT,89500.0,0.01443,buy,29349547
1766362520765,BTCUSDT,89500.0,0.04129,buy,29349548
1766362521194,BTCUSDT,89500.0,2e-05,buy,29349549
1766362522214,BTCUSDT,89500.0,0.04128,buy,29349550
1766362522817,BTCUSDT,89500.0,0.02413,buy,29349551
1766362523389,BTCUSDT,89500.0,0.11054,buy,29349552
1766362523930,BTCUSDT,89500.0,0.02154,buy,29349553
1766362524442,BTCUSDT,89500.0,0.08662,buy,29349554
1766362525042,BTCUSDT,89500.0,0.04092,buy,29349555
1766362526208,BTCUSDT,89500.0,0.13246,buy,29349556
1766362527586,BTCUSDT,89500.0,0.04267,buy,29349557
1766362528187,BTCUSDT,89500.0,0.24555,buy,29349558
1766362528785,BTCUSDT,89500.0,0.0088,buy,29349559
1766362532523,BTCUSDT,89500.0,4e-05,buy,29349560
1766362532671,BTCUSDT,89500.0,0.0088,buy,29349561
1766362533875,BTCUSDT,89500.0,0.00013,buy,29349562
1766362533885,BTCUSDT,89500.0,0.27914,buy,29349563
1766362534410,BTCUSDT,89500.0,0.27914,buy,29349564
1766362537564,BTCUSDT,89500.0,0.00013,buy,29349565
1766362537586,BTCUSDT,89500.0,0.00013,buy,29349566
1766362537616,BTCUSDT,89500.0,0.00013,buy,29349567
1766362537656,BTCUSDT,89500.0,0.00013,buy,29349568
1766362537873,BTCUSDT,89500.0,0.00013,buy,29349569
1766362537887,BTCUSDT,89500.0,0.00013,buy,29349570
1766362538036,BTCUSDT,89500.0,0.00013,buy,29349571
1766362538065,BTCUSDT,89500.0,0.00013,buy,29349572
1766362538103,BTCUSDT,89500.0,0.00013,buy,29349573
1766362538143,BTCUSDT,89500.0,0.00013,buy,29349574
1766362538158,BTCUSDT,89500.0,0.00013,buy,29349575
1766362538290,BTCUSDT,89500.0,0.00013,buy,29349576
1766362538319,BTCUSDT,89500.0,0.00013,buy,29349577
1766362538504,BTCUSDT,89500.0,0.00013,buy,29349578
1766362538520,BTCUSDT,89500.0,0.00013,buy,29349579
1766362538531,BTCUSDT,89500.0,0.00019,buy,29349580
1766362538535,BTCUSDT,89500.0,0.00013,buy,29349581
1766362538586,BTCUSDT,89500.0,0.00013,buy,29349582
1766362538676,BTCUSDT,89500.0,0.00365,buy,29349583
1766362542538,BTCUSDT,89500.0,6e-05,buy,29349584
1766362543326,BTCUSDT,89500.0,0.00365,buy,29349585
1766362543518,BTCUSDT,89500.0,0.04484,buy,29349586
1766362543545,BTCUSDT,89500.0,0.00017,buy,29349587
1766362543669,BTCUSDT,89500.0,0.00212,buy,29349588
1766362544024,BTCUSDT,89500.0,0.00212,buy,29349589
1766362544064,BTCUSDT,89500.0,0.00212,buy,29349590
1766362544118,BTCUSDT,89500.0,0.05093,buy,29349591
1766362548384,BTCUSDT,89554.06,0.00038,buy,29349592
1766362548384,BTCUSDT,89564.49,7e-05,buy,29349593
1766362565333,BTCUSDT,89564.49,5e-05,buy,29349594
1766362568582,BTCUSDT,89580.67,0.00055,buy,29349595
1766362568582,BTCUSDT,89580.68,0.00037,buy,29349596
1766362568582,BTCUSDT,89590.01,0.00039,buy,29349597
1766362568987,BTCUSDT,89564.49,2e-05,sell,29349598
1766362569217,BTCUSDT,89564.49,2e-05,sell,29349599
1766362569492,BTCUSDT,89564.49,2e-05,sell,29349600
1766362569678,BTCUSDT,89564.49,2e-05,sell,29349601
1766362569892,BTCUSDT,89564.49,2e-05,sell,29349602
1766362570126,BTCUSDT,89564.49,2e-05,sell,29349603
1766362596608,BTCUSDT,89237.39,0.00318,sell,29349604
1766362596661,BTCUSDT,89237.39,2e-05,sell,29349605
1766362597724,BTCUSDT,89237.4,0.00346,sell,29349606
1766362598707,BTCUSDT,89237.43,0.0013,sell,29349607
1766362599684,BTCUSDT,89237.44,0.00122,sell,29349608
1766362599684,BTCUSDT,89237.43,0.0002,sell,29349609
1766362698086,BTCUSDT,89035.52,0.04605,sell,29349610
1766362698217,BTCUSDT,89416.52,0.07783,buy,29349611
1766362698315,BTCUSDT,89416.52,2e-05,buy,29349612
1766362751745,BTCUSDT,89037.18,0.00019,sell,29349613
1766362751786,BTCUSDT,89037.18,2e-05,sell,29349614
1766362759426,BTCUSDT,89037.31,0.00034,sell,29349615
1766362828771,BTCUSDT,89038.2,0.00633,sell,29349616
1766362828882,BTCUSDT,89038.2,0.00897,sell,29349617
1766362828882,BTCUSDT,89038.19,0.0151,sell,29349618
1766362828882,BTCUSDT,89038.12,0.01351,sell,29349619
1766362828882,BTCUSDT,89035.03,0.00024,sell,29349620
1766362830666,BTCUSDT,89035.03,0.00291,sell,29349621
1766362830682,BTCUSDT,89035.03,0.03685,sell,29349622
1766362830729,BTCUSDT,89034.76,0.00037,sell,29349623
1766362892605,BTCUSDT,88966.16,0.003,sell,29349624
1766362892792,BTCUSDT,88966.15,2e-05,sell,29349625
1766363139776,BTCUSDT,88915.38,0.00064,sell,29349626
1766363140131,BTCUSDT,88900.57,0.00011,sell,29349627
1766363140281,BTCUSDT,88891.1,0.00396,sell,29349628
1766363141040,BTCUSDT,88891.1,0.00379,sell,29349629
1766363172406,BTCUSDT,88839.1,7e-05,sell,29349630
1766363172406,BTCUSDT,88834.55,0.0022,sell,29349631
1766363172415,BTCUSDT,88834.55,0.00267,sell,29349632
1766363172451,BTCUSDT,88834.55,0.00147,sell,29349633
1766363172451,BTCUSDT,88834.54,0.00247,sell,29349634
1766363172679,BTCUSDT,88834.54,0.00057,sell,29349635
1766363172712,BTCUSDT,88773.68,0.00057,sell,29349636
1766363173613,BTCUSDT,88830.0,5e-05,sell,29349637
1766363222766,BTCUSDT,89056.15,0.00024,buy,29349638
1766363222873,BTCUSDT,89056.15,2e-05,buy,29349639
1766363444492,BTCUSDT,89052.7,6e-05,buy,29349640
1766363499145,BTCUSDT,89051.46,0.00013,buy,29349641
1766363660512,BTCUSDT,89047.62,4e-05,buy,29349642
1766363780001,BTCUSDT,88779.21,0.00024,sell,29349643
1766363780043,BTCUSDT,88779.21,2e-05,sell,29349644
1766363814701,BTCUSDT,89044.1,0.00014,buy,29349645
1766363814801,BTCUSDT,89044.1,2e-05,buy,29349646
1766363864134,BTCUSDT,89043.74,0.01394,buy,29349647
1766363864134,BTCUSDT,89043.75,0.01271,buy,29349648
1766363864134,BTCUSDT,89043.79,0.01501,buy,29349649
1766363864134,BTCUSDT,89043.8,0.01366,buy,29349650
1766363881397,BTCUSDT,88861.23,9e-05,sell,29349651
1766363881482,BTCUSDT,88861.23,2e-05,sell,29349652
1766363884425,BTCUSDT,89113.26,0.0076,buy,29349653
1766363884472,BTCUSDT,89181.83,2e-05,buy,29349654
1766363932586,BTCUSDT,89181.47,0.00067,buy,29349655
1766363952688,BTCUSDT,89181.79,0.0001,buy,29349656
1766364005267,BTCUSDT,89181.7,0.00206,buy,29349657
1766364130707,BTCUSDT,89293.15,0.00036,buy,29349658
1766364136637,BTCUSDT,89292.89,0.00048,buy,29349659
1766364140713,BTCUSDT,89292.79,0.00119,buy,29349660
1766364157174,BTCUSDT,89268.91,2e-05,buy,29349661
1766364185305,BTCUSDT,89261.04,0.00101,buy,29349662
1766364245354,BTCUSDT,89259.63,0.00112,buy,29349663
1766364255537,BTCUSDT,89259.37,0.00052,buy,29349664
1766364260345,BTCUSDT,89259.27,6e-05,buy,29349665
1766364261550,BTCUSDT,89259.27,0.00019,buy,29349666
1766364324759,BTCUSDT,89257.47,0.00038,buy,29349667
1766364337663,BTCUSDT,88966.77,2e-05,sell,29349668
1766364337719,BTCUSDT,88966.77,2e-05,sell,29349669
1766364380659,BTCUSDT,89256.46,3e-05,buy,29349670
1766364381183,BTCUSDT,89256.46,0.0003,buy,29349671
1766364382235,BTCUSDT,89256.44,9e-05,buy,29349672
1766364383554,BTCUSDT,89256.43,2e-05,buy,29349673
1766364458666,BTCUSDT,89254.74,8e-05,buy,29349674
1766364523787,BTCUSDT,89259.59,0.0001,buy,29349675
1766364536201,BTCUSDT,89259.42,0.00047,buy,29349676
1766364609708,BTCUSDT,88973.67,0.00092,sell,29349677
1766364610044,BTCUSDT,88973.67,2e-05,sell,29349678
1766364633301,BTCUSDT,89257.91,0.00066,buy,29349679
1766364638997,BTCUSDT,89257.82,2e-05,buy,29349680
1766364645205,BTCUSDT,89257.69,9e-05,buy,29349681
1766364681174,BTCUSDT,89256.97,0.00074,buy,29349682
1766364813289,BTCUSDT,89225.86,0.00101,buy,29349683
1766364852454,BTCUSDT,89224.91,0.00038,buy,29349684
1766364865822,BTCUSDT,89208.34,0.0001,buy,29349685
1766364932919,BTCUSDT,89201.21,9e-05,buy,29349686
1766364971214,BTCUSDT,89189.98,0.00018,buy,29349687
1766365022656,BTCUSDT,89188.72,0.00023,buy,29349688
1766365055831,BTCUSDT,89089.05,0.00019,buy,29349689
1766365092103,BTCUSDT,89088.37,0.00021,buy,29349690
1766365129967,BTCUSDT,88753.04,0.00056,sell,29349691
1766365130054,BTCUSDT,88753.04,2e-05,sell,29349692
1766365135817,BTCUSDT,89087.36,0.00107,buy,29349693
1766365135891,BTCUSDT,89087.37,2e-05,buy,29349694
1766365153057,BTCUSDT,89075.1,0.0003,buy,29349695
1766365181662,BTCUSDT,88753.47,0.0262,sell,29349696
1766365181662,BTCUSDT,88753.46,0.01413,sell,29349697
1766365181662,BTCUSDT,88753.4,0.00019,sell,29349698
1766365181734,BTCUSDT,88740.0,2e-05,sell,29349699
1766365181758,BTCUSDT,88740.0,8e-05,sell,29349700
1766365181758,BTCUSDT,88738.5,0.0001,sell,29349701
1766365183368,BTCUSDT,88693.9,0.0002,sell,29349702
1766365203232,BTCUSDT,88603.57,0.00012,sell,29349703
1766365203232,BTCUSDT,88597.69,0.00394,sell,29349704
1766365203472,BTCUSDT,88597.69,0.00368,sell,29349705
1766365203501,BTCUSDT,88597.69,0.00336,sell,29349706
1766365203725,BTCUSDT,88597.69,0.00046,sell,29349707
1766365248282,BTCUSDT,88802.02,0.00187,buy,29349708
1766365248366,BTCUSDT,88802.03,2e-05,buy,29349709
1766365251439,BTCUSDT,88801.97,0.00022,buy,29349710
1766365265366,BTCUSDT,88801.66,0.00019,buy,29349711
1766365280634,BTCUSDT,88801.33,0.00168,buy,29349712
1766365280634,BTCUSDT,88801.34,0.00144,buy,29349713
1766365288495,BTCUSDT,88801.27,4e-05,buy,29349714
1766365335665,BTCUSDT,88800.04,0.00011,buy,29349715
1766365340468,BTCUSDT,88799.92,0.00034,buy,29349716
1766365355306,BTCUSDT,88799.45,0.00017,buy,29349717
1766365376629,BTCUSDT,88799.2,0.02846,buy,29349718
1766365401822,BTCUSDT,88798.88,9e-05,buy,29349719
1766365416404,BTCUSDT,88798.71,0.00017,buy,29349720
1766365424366,BTCUSDT,88798.61,0.00071,buy,29349721
1766365445385,BTCUSDT,88798.09,6e-05,buy,29349722
1766365445400,BTCUSDT,88798.09,0.00011,buy,29349723
1766365529352,BTCUSDT,88796.67,0.00082,buy,29349724
1766365539824,BTCUSDT,88798.0,0.00034,buy,29349725
1766365539824,BTCUSDT,88800.0,0.00025,buy,29349726
1766365643370,BTCUSDT,88998.08,0.00041,buy,29349727
1766365650244,BTCUSDT,88997.95,9e-05,buy,29349728
1766365970353,BTCUSDT,88992.23,0.0056,buy,29349729
1766366015306,BTCUSDT,88992.19,4e-05,buy,29349730
1766366075318,BTCUSDT,88991.66,6e-05,buy,29349731
1766366075364,BTCUSDT,88991.66,3e-05,buy,29349732
1766366150354,BTCUSDT,88992.2,0.00112,buy,29349733
1766366276527,BTCUSDT,88999.99,0.0001,buy,29349734
1766366362793,BTCUSDT,88751.45,0.07762,sell,29349735
1766366362850,BTCUSDT,88751.45,2e-05,sell,29349736
1766366362920,BTCUSDT,88999.89,0.03861,buy,29349737
1766366471902,BTCUSDT,88999.57,0.00059,buy,29349738
1766366471989,BTCUSDT,88999.57,2e-05,buy,29349739
1766366472909,BTCUSDT,88999.57,3e-05,buy,29349740
1766366475916,BTCUSDT,88999.57,4e-05,buy,29349741
1766366479038,BTCUSDT,88999.57,3e-05,buy,29349742
1766366500993,BTCUSDT,88774.92,0.00046,sell,29349743
1766366501039,BTCUSDT,88774.92,2e-05,sell,29349744
1766366525185,BTCUSDT,89000.0,0.01406,buy,29349745
1766366525299,BTCUSDT,89042.81,2e-05,buy,29349746
1766366539316,BTCUSDT,89137.39,0.00296,buy,29349747
1766366541001,BTCUSDT,89137.38,0.00033,buy,29349748
1766366955250,BTCUSDT,88859.18,0.0001,sell,29349749
1766366955311,BTCUSDT,88859.18,2e-05,sell,29349750
1766367398136,BTCUSDT,89137.53,0.00467,buy,29349751
1766367398136,BTCUSDT,89137.55,0.00648,buy,29349752
1766367398136,BTCUSDT,89137.63,0.00603,buy,29349753
1766367398227,BTCUSDT,89137.63,2e-05,buy,29349754
1766367399852,BTCUSDT,89137.63,0.00027,buy,29349755
1766367620417,BTCUSDT,89293.66,0.00022,buy,29349756
1766368070388,BTCUSDT,89285.29,0.00112,buy,29349757
1766368267113,BTCUSDT,88988.18,0.01123,sell,29349758
1766368267113,BTCUSDT,88988.17,0.01319,sell,29349759
1766368267113,BTCUSDT,88988.15,0.0097,sell,29349760
1766368267113,BTCUSDT,88988.14,0.00242,sell,29349761
1766368267191,BTCUSDT,88988.14,2e-05,sell,29349762
1766368378187,BTCUSDT,88760.0,5e-05,sell,29349763
1766368389628,BTCUSDT,88660.01,0.00149,sell,29349764
1766368389628,BTCUSDT,88660.0,5e-05,sell,29349765
1766368426589,BTCUSDT,88603.6,0.00334,sell,29349766
1766368427179,BTCUSDT,88603.6,0.0112,sell,29349767
1766368447562,BTCUSDT,88603.57,0.00012,sell,29349768
1766368820449,BTCUSDT,88827.31,0.00112,buy,29349769
1766368820552,BTCUSDT,88827.31,2e-05,buy,29349770
1766368853693,BTCUSDT,88600.0,0.0002,sell,29349771
1766368853693,BTCUSDT,88560.72,0.00033,sell,29349772
1766368853751,BTCUSDT,88560.72,2e-05,sell,29349773
1766368880426,BTCUSDT,88825.71,0.00011,buy,29349774
1766368880502,BTCUSDT,88825.69,2e-05,buy,29349775
1766368913439,BTCUSDT,88759.53,0.00014,buy,29349776
1766368940684,BTCUSDT,88492.22,0.00237,sell,29349777
1766368940798,BTCUSDT,88492.17,2e-05,sell,29349778
1766368940804,BTCUSDT,88492.17,0.00036,sell,29349779
1766369075270,BTCUSDT,88711.85,3e-05,buy,29349780
1766369075381,BTCUSDT,88711.85,2e-05,buy,29349781
1766369120415,BTCUSDT,88710.75,0.00112,buy,29349782
1766369127387,BTCUSDT,88455.17,3e-05,sell,29349783
1766369127507,BTCUSDT,88452.02,2e-05,sell,29349784
1766369128395,BTCUSDT,88452.02,1e-05,sell,29349785
1766369129402,BTCUSDT,88449.14,0.00011,sell,29349786
1766369130140,BTCUSDT,88440.0,0.00015,sell,29349787
1766369130408,BTCUSDT,88440.0,5e-05,sell,29349788
1766369130408,BTCUSDT,88422.29,0.00064,sell,29349789
1766369130682,BTCUSDT,88376.15,0.00053,sell,29349790
1766369130798,BTCUSDT,88376.15,0.00053,sell,29349791
1766369130897,BTCUSDT,88376.15,0.00053,sell,29349792
1766369131222,BTCUSDT,88376.15,0.00146,sell,29349793
1766369131222,BTCUSDT,88312.39,7e-05,sell,29349794
1766369131222,BTCUSDT,88310.0,0.0002,sell,29349795
1766369135314,BTCUSDT,88659.91,0.00022,buy,29349796
1766369135357,BTCUSDT,88659.91,2e-05,buy,29349797
1766369139010,BTCUSDT,88162.28,0.00026,sell,29349798
1766369139010,BTCUSDT,88162.27,0.02695,sell,29349799
1766369139093,BTCUSDT,88162.19,2e-05,sell,29349800
1766369139545,BTCUSDT,88162.29,0.0017,sell,29349801
1766369139545,BTCUSDT,88162.17,0.00381,sell,29349802
1766369139545,BTCUSDT,88121.96,0.00156,sell,29349803
1766369139545,BTCUSDT,88072.79,0.00012,sell,29349804
1766369139545,BTCUSDT,88057.09,0.00025,sell,29349805
1766369139545,BTCUSDT,88010.0,0.0002,sell,29349806
1766369162675,BTCUSDT,88000.01,0.00021,sell,29349807
1766369162675,BTCUSDT,88000.0,0.01488,sell,29349808
1766369244889,BTCUSDT,87988.94,0.00033,sell,29349809
1766369315310,BTCUSDT,88272.16,0.00011,buy,29349810
1766369315446,BTCUSDT,88272.16,2e-05,buy,29349811
1766369323364,BTCUSDT,88272.92,0.01454,buy,29349812
1766369375290,BTCUSDT,88336.99,0.00011,buy,29349813
1766369395199,BTCUSDT,88336.97,0.005,buy,29349814
1766369419949,BTCUSDT,88336.68,0.00033,buy,29349815
1766369465289,BTCUSDT,88336.82,0.00113,buy,29349816
1766369585319,BTCUSDT,88334.22,0.00113,buy,29349817
1766369660413,BTCUSDT,88333.99,0.00011,buy,29349818
1766369720441,BTCUSDT,88332.68,0.00011,buy,29349819
1766370018787,BTCUSDT,88077.98,5e-05,sell,29349820
1766370018852,BTCUSDT,88078.0,2e-05,sell,29349821
1766370170448,BTCUSDT,88372.75,6e-05,buy,29349822
1766370170533,BTCUSDT,88372.75,2e-05,buy,29349823
1766370784360,BTCUSDT,88416.73,0.00169,buy,29349824
1766370784360,BTCUSDT,88416.74,0.00105,buy,29349825
1766370917137,BTCUSDT,88416.64,0.00356,buy,29349826
1766370917361,BTCUSDT,88416.64,0.01263,buy,29349827
1766370965342,BTCUSDT,88416.62,0.00034,buy,29349828
1766370972870,BTCUSDT,88416.63,0.00467,buy,29349829
1766370972870,BTCUSDT,88416.64,1e-05,buy,29349830
1766370996178,BTCUSDT,88449.13,0.01319,buy,29349831
1766370997478,BTCUSDT,88449.13,0.00059,buy,29349832
1766370998406,BTCUSDT,88449.13,0.00051,buy,29349833
1766370998406,BTCUSDT,88449.14,0.00011,buy,29349834
1766371210914,BTCUSDT,88240.42,6e-05,sell,29349835
1766371211039,BTCUSDT,88240.42,2e-05,sell,29349836
1766371235965,BTCUSDT,88555.42,7e-05,buy,29349837
1766371235965,BTCUSDT,88555.43,0.00011,buy,29349838
1766371236116,BTCUSDT,88555.43,2e-05,buy,29349839
1766371295316,BTCUSDT,88554.59,0.00034,buy,29349840
1766371328670,BTCUSDT,88554.19,9e-05,buy,29349841
1766371355942,BTCUSDT,88553.62,0.00105,buy,29349842
1766372033146,BTCUSDT,88555.02,0.0003,buy,29349843
1766372033146,BTCUSDT,88555.03,0.0007,buy,29349844
1766372175789,BTCUSDT,88429.85,2e-05,sell,29349845
1766372447540,BTCUSDT,88550.46,2e-05,buy,29349846
1766372447540,BTCUSDT,88550.47,0.00053,buy,29349847
1766372477804,BTCUSDT,88550.19,2e-05,buy,29349848
1766372573767,BTCUSDT,88316.51,0.00023,sell,29349849
1766372573830,BTCUSDT,88316.51,2e-05,sell,29349850
1766372615352,BTCUSDT,88548.25,8e-05,buy,29349851
1766372615379,BTCUSDT,88548.25,2e-05,buy,29349852
1766372690471,BTCUSDT,88546.52,0.00028,buy,29349853
1766372733443,BTCUSDT,88545.56,4e-05,buy,29349854
1766372735299,BTCUSDT,88545.52,0.00011,buy,29349855
1766372818807,BTCUSDT,88543.41,5e-05,buy,29349856
1766372825346,BTCUSDT,88543.24,0.00113,buy,29349857
1766372904695,BTCUSDT,88303.25,4e-05,sell,29349858
1766372904760,BTCUSDT,88303.25,2e-05,sell,29349859
1766373036266,BTCUSDT,88603.57,0.00012,buy,29349860
1766373036266,BTCUSDT,88638.47,0.00213,buy,29349861
1766373036299,BTCUSDT,88638.47,2e-05,buy,29349862
1766373130366,BTCUSDT,88637.86,0.00113,buy,29349863
1766373272313,BTCUSDT,88636.66,0.00011,buy,29349864
1766373350381,BTCUSDT,88636.33,0.00073,buy,29349865
1766373540637,BTCUSDT,88639.99,0.00015,buy,29349866
1766373641682,BTCUSDT,88639.97,0.01112,buy,29349867
1766373641682,BTCUSDT,88640.0,5e-05,buy,29349868
1766373740383,BTCUSDT,88766.05,0.00013,buy,29349869
1766373884318,BTCUSDT,88770.0,6e-05,buy,29349870
1766373884438,BTCUSDT,88770.0,1e-05,buy,29349871
1766373890879,BTCUSDT,88801.13,0.00281,buy,29349872
1766374175316,BTCUSDT,88826.61,3e-05,buy,29349873
1766374518375,BTCUSDT,88828.36,0.00025,buy,29349874
1766374595279,BTCUSDT,88827.08,0.00056,buy,29349875
1766375137131,BTCUSDT,88561.75,0.00018,sell,29349876
1766375137230,BTCUSDT,88561.77,2e-05,sell,29349877
1766375906780,BTCUSDT,88829.99,3e-05,buy,29349878
1766375906827,BTCUSDT,88829.99,2e-05,buy,29349879
1766375938647,BTCUSDT,88829.88,3e-05,buy,29349880
1766376005281,BTCUSDT,88829.88,0.00018,buy,29349881
1766376170420,BTCUSDT,88829.99,0.00281,buy,29349882
1766376170451,BTCUSDT,88829.99,0.00017,buy,29349883
1766376290415,BTCUSDT,88829.28,2e-05,buy,29349884
1766376295106,BTCUSDT,88829.23,5e-05,buy,29349885
1766376380364,BTCUSDT,88828.14,6e-05,buy,29349886
1766376405759,BTCUSDT,88827.86,1e-05,buy,29349887
1766376455277,BTCUSDT,88827.15,0.00056,buy,29349888
1766376725303,BTCUSDT,88825.15,0.00028,buy,29349889
1766376747617,BTCUSDT,88824.84,6e-05,buy,29349890
1766376815305,BTCUSDT,88824.39,0.00011,buy,29349891
1766376838443,BTCUSDT,88824.24,0.00011,buy,29349892
1766376910451,BTCUSDT,88823.7,7e-05,buy,29349893
1766377151652,BTCUSDT,88830.0,0.0001,buy,29349894
1766377151653,BTCUSDT,88834.54,0.00305,buy,29349895
1766377152254,BTCUSDT,88839.1,7e-05,buy,29349896
1766377171560,BTCUSDT,88900.57,0.00011,buy,29349897
1766377293043,BTCUSDT,88910.0,0.0001,buy,29349898
1766377293050,BTCUSDT,88915.38,0.00064,buy,29349899
1766377295901,BTCUSDT,88950.0,0.00025,buy,29349900
1766377500578,BTCUSDT,88999.99,0.0018,buy,29349901
1766377596095,BTCUSDT,88950.0,4e-05,sell,29349902
1766377715320,BTCUSDT,88997.85,0.00011,buy,29349903
1766377790468,BTCUSDT,88997.16,2e-05,buy,29349904
1766377985266,BTCUSDT,88994.56,0.00028,buy,29349905
1766378512337,BTCUSDT,88991.08,5e-05,buy,29349906
1766379013851,BTCUSDT,88999.88,0.00018,buy,29349907
1766379110091,BTCUSDT,89000.0,0.00453,buy,29349908
1766379185368,BTCUSDT,89000.0,1e-05,buy,29349909
1766379185368,BTCUSDT,89027.08,0.00012,buy,29349910
1766379635360,BTCUSDT,88975.88,6e-05,buy,29349911
1766379710447,BTCUSDT,88975.02,0.00017,buy,29349912
1766379860238,BTCUSDT,88972.52,0.00013,buy,29349913
1766379890409,BTCUSDT,88972.09,0.00112,buy,29349914
1766379944650,BTCUSDT,88800.43,0.00018,sell,29349915
1766379944749,BTCUSDT,88800.43,2e-05,sell,29349916
1766380160520,BTCUSDT,88970.48,0.00078,buy,29349917
1766380160606,BTCUSDT,88970.48,2e-05,buy,29349918
1766380169806,BTCUSDT,88804.82,4e-05,sell,29349919
1766380218528,BTCUSDT,88805.31,0.01078,sell,29349920
1766380218744,BTCUSDT,88805.3,0.00168,sell,29349921
1766380218978,BTCUSDT,88805.24,0.00168,sell,29349922
1766380219205,BTCUSDT,88805.24,0.00168,sell,29349923
1766380219432,BTCUSDT,88805.23,0.00526,sell,29349924
1766380219653,BTCUSDT,88805.2,0.01311,sell,29349925
1766380219879,BTCUSDT,88805.19,0.01289,sell,29349926
1766380220101,BTCUSDT,88805.07,0.0107,sell,29349927
1766380250317,BTCUSDT,88969.15,6e-05,buy,29349928
1766380296470,BTCUSDT,88805.36,0.0011,sell,29349929
1766380313605,BTCUSDT,88805.4,7e-05,sell,29349930
1766380579618,BTCUSDT,88962.82,4e-05,buy,29349931
1766380582731,BTCUSDT,88962.77,0.00345,buy,29349932
1766380655001,BTCUSDT,88807.01,0.00016,sell,29349933
1766380699843,BTCUSDT,88960.37,6e-05,buy,29349934
1766380700379,BTCUSDT,88960.37,2e-05,buy,29349935
1766380890617,BTCUSDT,88807.68,3e-05,sell,29349936
1766380965467,BTCUSDT,88807.76,0.00283,sell,29349937
1766380965691,BTCUSDT,88807.74,0.00282,sell,29349938
1766380965913,BTCUSDT,88807.69,0.00184,sell,29349939
1766381280944,BTCUSDT,88948.61,0.00058,buy,29349940
1766381414479,BTCUSDT,88946.38,0.00026,buy,29349941
1766381920032,BTCUSDT,88937.86,0.00089,buy,29349942
1766381920032,BTCUSDT,88937.88,0.00911,buy,29349943
1766381943016,BTCUSDT,88996.77,0.00357,buy,29349944
1766382275290,BTCUSDT,88989.49,0.00011,buy,29349945
1766382290106,BTCUSDT,88701.3,0.00018,sell,29349946
1766382295112,BTCUSDT,88701.53,2e-05,sell,29349947
1766382317049,BTCUSDT,88702.48,0.00013,sell,29349948
1766382320398,BTCUSDT,88988.06,0.00011,buy,29349949
1766382320480,BTCUSDT,88988.06,2e-05,buy,29349950
1766382420493,BTCUSDT,88985.74,0.00012,buy,29349951
1766382500395,BTCUSDT,88987.58,0.00078,buy,29349952
1766383055663,BTCUSDT,88974.55,0.0002,buy,29349953
1766383201995,BTCUSDT,88733.04,0.00297,sell,29349954
1766383202930,BTCUSDT,88733.06,2e-05,sell,29349955
1766383280415,BTCUSDT,88965.67,0.00056,buy,29349956
1766383280498,BTCUSDT,88965.67,2e-05,buy,29349957
1766383512251,BTCUSDT,88957.24,3e-05,buy,29349958
1766383694667,BTCUSDT,88738.41,3e-05,sell,29349959
1766383694667,BTCUSDT,88738.4,0.00043,sell,29349960
1766383696687,BTCUSDT,88738.43,2e-05,sell,29349961
1766383931112,BTCUSDT,88939.98,6e-05,buy,29349962
1766383931161,BTCUSDT,88939.98,2e-05,buy,29349963
1766384000413,BTCUSDT,88936.71,3e-05,buy,29349964
1766384015369,BTCUSDT,88936.04,0.00011,buy,29349965
1766384045414,BTCUSDT,88934.43,0.00034,buy,29349966
1766384085461,BTCUSDT,88738.92,0.00096,sell,29349967
1766384085563,BTCUSDT,88738.92,2e-05,sell,29349968
1766384642939,BTCUSDT,88915.24,0.00327,buy,29349969
1766384643054,BTCUSDT,88915.24,2e-05,buy,29349970
1766385051075,BTCUSDT,88904.12,8e-05,buy,29349971
1766385176998,BTCUSDT,88756.0,0.00043,sell,29349972
1766385663505,BTCUSDT,88890.14,0.00012,buy,29349973
1766385696879,BTCUSDT,88890.11,0.0044,buy,29349974
1766385698126,BTCUSDT,88890.11,0.01073,buy,29349975
1766385700640,BTCUSDT,88890.11,0.00349,buy,29349976
1766385807698,BTCUSDT,88958.58,0.01216,buy,29349977
1766385819538,BTCUSDT,88991.82,0.00011,buy,29349978
1766386595067,BTCUSDT,89005.25,4e-05,buy,29349979
1766386865273,BTCUSDT,88998.73,0.00011,buy,29349980
1766386865744,BTCUSDT,88791.52,4e-05,sell,29349981
1766386865786,BTCUSDT,88791.52,2e-05,sell,29349982
1766386970485,BTCUSDT,89011.58,6e-05,buy,29349983
1766386970573,BTCUSDT,89011.58,2e-05,buy,29349984
1766387162219,BTCUSDT,89011.34,0.00578,buy,29349985
1766387163975,BTCUSDT,89034.75,0.00102,buy,29349986
1766387164039,BTCUSDT,89034.76,0.00038,buy,29349987
1766387165367,BTCUSDT,89123.21,0.00224,buy,29349988
1766387220906,BTCUSDT,89123.42,0.00346,buy,29349989
1766387220906,BTCUSDT,89123.45,5e-05,buy,29349990
1766387288250,BTCUSDT,89137.35,0.00096,buy,29349991
1766387288250,BTCUSDT,89137.55,0.00012,buy,29349992
1766387292052,BTCUSDT,89149.99,0.00029,buy,29349993
1766387292052,BTCUSDT,89150.0,0.00025,buy,29349994
1766387373476,BTCUSDT,89209.0,0.00107,buy,29349995
1766387495313,BTCUSDT,89206.44,0.00011,buy,29349996
1766387555321,BTCUSDT,89205.18,0.00011,buy,29349997
1766387652117,BTCUSDT,89202.47,4e-05,buy,29349998
1766387896218,BTCUSDT,88880.87,0.00021,sell,29349999
1766387896304,BTCUSDT,88880.87,2e-05,sell,29350000
1766388020744,BTCUSDT,89191.46,0.02139,buy,29350001
1766388020850,BTCUSDT,89191.46,2e-05,buy,29350002
1766388053304,BTCUSDT,88885.41,0.00051,sell,29350003
1766388053355,BTCUSDT,88885.41,2e-05,sell,29350004
1766388117271,BTCUSDT,88887.47,0.0001,sell,29350005
1766388517749,BTCUSDT,89176.95,2e-05,buy,29350006
1766388517875,BTCUSDT,89176.95,2e-05,buy,29350007
1766388851766,BTCUSDT,89174.82,0.00487,buy,29350008
1766389262913,BTCUSDT,89215.98,0.00112,buy,29350009
1766389441796,BTCUSDT,89211.28,2e-05,buy,29350010
1766389772006,BTCUSDT,89201.87,5e-05,buy,29350011
1766390540411,BTCUSDT,89264.53,0.00102,buy,29350012
1766390540411,BTCUSDT,89264.54,0.00054,buy,29350013
1766390540473,BTCUSDT,89264.54,0.00022,buy,29350014
1766390765343,BTCUSDT,89260.36,5e-05,buy,29350015
1766390823721,BTCUSDT,89259.3,6e-05,buy,29350016
1766391373782,BTCUSDT,89260.02,0.01851,buy,29350017
1766391477336,BTCUSDT,89294.24,0.00029,buy,29350018
1766391477336,BTCUSDT,89295.31,0.00304,buy,29350019
1766391483789,BTCUSDT,89308.69,0.0005,buy,29350020
1766391483869,BTCUSDT,89308.7,0.00145,buy,29350021
1766391492605,BTCUSDT,89354.29,0.00018,buy,29350022
1766391492605,BTCUSDT,89354.3,0.00011,buy,29350023
1766391492612,BTCUSDT,89354.3,0.00488,buy,29350024
1766391492612,BTCUSDT,89354.31,0.00011,buy,29350025
1766391493373,BTCUSDT,89359.99,0.00333,buy,29350026
1766391493373,BTCUSDT,89360.0,0.00025,buy,29350027
1766391493614,BTCUSDT,89365.52,3e-05,buy,29350028
1766391493974,BTCUSDT,89365.82,7e-05,buy,29350029
1766391559149,BTCUSDT,89411.18,0.0005,buy,29350030
1766391559868,BTCUSDT,89411.21,0.00064,buy,29350031
1766391628021,BTCUSDT,89483.79,0.00449,buy,29350032
1766391640250,BTCUSDT,89505.14,0.00035,buy,29350033
1766391645745,BTCUSDT,89505.14,0.00782,buy,29350034
1766391647379,BTCUSDT,89505.15,0.00012,buy,29350035
1766391647559,BTCUSDT,89505.15,1e-05,buy,29350036
1766391647559,BTCUSDT,89512.19,0.0005,buy,29350037
1766391649352,BTCUSDT,89554.05,0.00165,buy,29350038
1766391650589,BTCUSDT,89554.05,8e-05,buy,29350039
1766391650679,BTCUSDT,89554.05,6e-05,buy,29350040
1766391651685,BTCUSDT,89554.05,0.00033,buy,29350041
1766391652691,BTCUSDT,89554.04,0.00033,buy,29350042
1766391653697,BTCUSDT,89554.05,0.00167,buy,29350043
1766391654705,BTCUSDT,89554.05,0.0002,buy,29350044
1766391655711,BTCUSDT,89554.05,0.002,buy,29350045
1766391657580,BTCUSDT,89554.06,0.00025,buy,29350046
1766391661714,BTCUSDT,89580.68,0.00037,buy,29350047
1766391661835,BTCUSDT,89600.0,0.01539,buy,29350048
1766391662572,BTCUSDT,89622.97,0.0003,buy,29350049
1766391662961,BTCUSDT,89634.98,0.00091,buy,29350050
1766391663095,BTCUSDT,89634.98,0.00109,buy,29350051
1766391663095,BTCUSDT,89634.99,0.00091,buy,29350052
1766391663640,BTCUSDT,89667.23,0.00095,buy,29350053
1766391663640,BTCUSDT,89667.24,0.00116,buy,29350054
1766391663640,BTCUSDT,89674.76,0.00012,buy,29350055
1766391664579,BTCUSDT,89714.33,7e-05,buy,29350056
1766391664795,BTCUSDT,89750.01,0.0001,sell,29350057
1766391665020,BTCUSDT,89750.01,0.002,sell,29350058
1766391665187,BTCUSDT,89758.46,0.00301,buy,29350059
1766391665249,BTCUSDT,89750.01,2e-05,sell,29350060
1766391665482,BTCUSDT,89750.01,0.002,sell,29350061
1766391665710,BTCUSDT,89750.01,0.00198,sell,29350062
1766391665961,BTCUSDT,89750.01,0.0014,sell,29350063
1766391666151,BTCUSDT,89750.01,2e-05,sell,29350064
1766391666450,BTCUSDT,89750.01,0.00105,sell,29350065
1766391666613,BTCUSDT,89750.01,2e-05,sell,29350066
1766391666828,BTCUSDT,89750.01,0.00341,sell,29350067
1766391667068,BTCUSDT,89750.01,5e-05,sell,29350068
1766391667277,BTCUSDT,89750.0,0.00045,sell,29350069
1766391669557,BTCUSDT,89750.0,0.0136,sell,29350070
1766391671577,BTCUSDT,89750.0,0.00894,sell,29350071
1766391671803,BTCUSDT,89750.0,0.01591,sell,29350072
1766391679214,BTCUSDT,89397.17,0.00161,sell,29350073
1766391679292,BTCUSDT,89397.17,2e-05,sell,29350074
1766391679963,BTCUSDT,89792.76,0.00032,buy,29350075
1766391679989,BTCUSDT,89792.76,2e-05,buy,29350076
1766391702565,BTCUSDT,89467.45,0.00022,sell,29350077
1766391702655,BTCUSDT,89467.45,2e-05,sell,29350078
1766391856775,BTCUSDT,89472.96,0.00034,sell,29350079
1766391924535,BTCUSDT,89786.24,0.00018,buy,29350080
1766391926664,BTCUSDT,89786.19,2e-05,buy,29350081
1766391941440,BTCUSDT,89785.68,0.00018,buy,29350082
1766391962908,BTCUSDT,89785.18,0.00011,buy,29350083
1766392028752,BTCUSDT,89792.99,0.00019,buy,29350084
1766392029814,BTCUSDT,89793.0,0.00012,buy,29350085
1766392030789,BTCUSDT,89810.37,0.00011,buy,29350086
1766392031006,BTCUSDT,89836.98,0.00088,buy,29350087
1766392032704,BTCUSDT,89785.18,0.0031,buy,29350088
1766392039261,BTCUSDT,89836.95,0.00327,buy,29350089
1766392245863,BTCUSDT,89859.1,0.00073,buy,29350090
1766392283957,BTCUSDT,89580.08,0.00054,sell,29350091
1766392284036,BTCUSDT,89580.08,2e-05,sell,29350092
1766392548782,BTCUSDT,89569.75,0.00373,sell,29350093
1766392548782,BTCUSDT,89569.74,0.00167,sell,29350094
1766392548782,BTCUSDT,89569.73,0.01286,sell,29350095
1766392548782,BTCUSDT,89569.69,0.00796,sell,29350096
1766392550993,BTCUSDT,89569.69,0.00449,sell,29350097
1766392837664,BTCUSDT,89535.28,0.00056,sell,29350098
1766392862027,BTCUSDT,89535.73,0.0001,sell,29350099
1766392919505,BTCUSDT,89829.27,0.00014,buy,29350100
1766392919614,BTCUSDT,89829.27,2e-05,buy,29350101
1766393190186,BTCUSDT,89545.76,0.00032,sell,29350102
1766393197703,BTCUSDT,89546.14,2e-05,sell,29350103
1766393283166,BTCUSDT,89547.18,0.00281,sell,29350104
1766393283166,BTCUSDT,89547.16,0.01002,sell,29350105
1766393283166,BTCUSDT,89547.13,0.01161,sell,29350106
1766393283219,BTCUSDT,89547.13,0.00313,sell,29350107
1766393283219,BTCUSDT,89547.05,0.00733,sell,29350108
1766393295832,BTCUSDT,89487.06,0.0035,sell,29350109
1766393295832,BTCUSDT,89487.05,0.00336,sell,29350110
1766393295832,BTCUSDT,89487.01,0.0007,sell,29350111
1766393300244,BTCUSDT,89757.1,0.0001,buy,29350112
1766393300315,BTCUSDT,89757.1,2e-05,buy,29350113
1766393419354,BTCUSDT,89354.38,0.00167,sell,29350114
1766393419354,BTCUSDT,89354.31,0.00011,sell,29350115
1766393419456,BTCUSDT,89295.31,2e-05,sell,29350116
1766393422170,BTCUSDT,89295.37,0.00302,sell,29350117
1766393422215,BTCUSDT,89295.37,0.00026,sell,29350118
1766393422215,BTCUSDT,89295.31,0.00276,sell,29350119
1766393425079,BTCUSDT,89295.32,0.0011,sell,29350120
1766393425079,BTCUSDT,89295.31,0.00024,sell,29350121
1766393476584,BTCUSDT,89498.06,0.0001,buy,29350122
1766393476715,BTCUSDT,89498.06,2e-05,buy,29350123
1766393538973,BTCUSDT,89176.24,0.00033,sell,29350124
1766393539114,BTCUSDT,89176.24,2e-05,sell,29350125
1766393548307,BTCUSDT,89495.29,0.00127,buy,29350126
1766393548413,BTCUSDT,89495.29,2e-05,buy,29350127
1766393556314,BTCUSDT,89176.68,9e-05,sell,29350128
1766393556351,BTCUSDT,89176.68,2e-05,sell,29350129
1766393594471,BTCUSDT,89493.79,0.0001,buy,29350130
1766393594497,BTCUSDT,89493.79,2e-05,buy,29350131
1766394008432,BTCUSDT,89478.0,0.00011,buy,29350132
1766394046778,BTCUSDT,89476.38,0.00231,buy,29350133
1766394530398,BTCUSDT,89463.39,0.00033,buy,29350134
1766394545310,BTCUSDT,89463.22,0.00028,buy,29350135
1766394657140,BTCUSDT,89461.5,0.0269,buy,29350136
1766394657140,BTCUSDT,89461.55,0.01239,buy,29350137
1766394657140,BTCUSDT,89461.7,0.01275,buy,29350138
1766394800491,BTCUSDT,89210.36,0.01307,sell,29350139
1766395618478,BTCUSDT,89645.06,0.00298,buy,29350140
1766395842506,BTCUSDT,89279.77,0.0023,sell,29350141
1766395970524,BTCUSDT,89664.52,0.00111,buy,29350142
1766396060421,BTCUSDT,89663.62,0.00022,buy,29350143
1766396060421,BTCUSDT,89663.63,0.00011,buy,29350144
1766396150471,BTCUSDT,89697.94,0.00022,buy,29350145
1766396150471,BTCUSDT,89697.95,0.00089,buy,29350146
1766397394321,BTCUSDT,89751.2,0.00838,buy,29350147
1766397394321,BTCUSDT,89751.21,0.00285,buy,29350148
1766397438900,BTCUSDT,89758.45,0.00287,buy,29350149
1766397438900,BTCUSDT,89758.46,0.00302,buy,29350150
1766397515318,BTCUSDT,89809.28,0.00019,buy,29350151
1766397515318,BTCUSDT,89809.34,3e-05,buy,29350152
1766397559810,BTCUSDT,89809.93,0.00016,buy,29350153
1766397632844,BTCUSDT,89515.35,0.00035,sell,29350154
1766397648206,BTCUSDT,89810.36,0.00212,buy,29350155
1766397648206,BTCUSDT,89810.37,0.00011,buy,29350156
1766397648206,BTCUSDT,89859.62,5e-05,buy,29350157
1766397661908,BTCUSDT,89892.35,0.00018,buy,29350158
1766397678767,BTCUSDT,89891.61,0.00018,buy,29350159
1766397701713,BTCUSDT,89528.13,0.0001,sell,29350160
1766398040385,BTCUSDT,89835.74,6e-05,buy,29350161
1766398262822,BTCUSDT,89826.38,0.00011,buy,29350162
1766398501979,BTCUSDT,89543.58,0.0001,sell,29350163
1766398673867,BTCUSDT,89547.82,0.00351,sell,29350164
1766400087473,BTCUSDT,89587.94,0.00022,sell,29350165
1766400215294,BTCUSDT,89852.77,2e-05,buy,29350166
1766400246787,BTCUSDT,89851.97,0.00027,buy,29350167
1766400313641,BTCUSDT,89850.39,4e-05,buy,29350168
1766400320384,BTCUSDT,89850.18,0.00222,buy,29350169
1766400680205,BTCUSDT,89605.89,4e-05,sell,29350170
1766401144019,BTCUSDT,89619.82,8e-05,sell,29350171
1766401700470,BTCUSDT,89890.99,6e-05,buy,29350172
1766402030447,BTCUSDT,89881.0,0.00055,buy,29350173
1766402090401,BTCUSDT,89878.95,8e-05,buy,29350174
1766402259117,BTCUSDT,89646.15,0.0068,sell,29350175
1766402259117,BTCUSDT,89646.04,0.01405,sell,29350176
1766402259117,BTCUSDT,89645.93,0.00541,sell,29350177
1766402259117,BTCUSDT,89645.92,0.00766,sell,29350178
1766402267452,BTCUSDT,89640.27,0.02115,sell,29350179
1766402267452,BTCUSDT,89640.26,0.00746,sell,29350180
1766402268078,BTCUSDT,89640.26,0.03511,sell,29350181
1766402766115,BTCUSDT,89643.71,0.00012,sell,29350182
1766402835110,BTCUSDT,89851.58,0.00272,buy,29350183
1766403098954,BTCUSDT,89874.06,0.00078,buy,29350184
1766403098954,BTCUSDT,89874.2,0.01215,buy,29350185
1766403098954,BTCUSDT,89874.21,0.01493,buy,29350186
1766403098954,BTCUSDT,89874.24,0.01438,buy,29350187
1766403137128,BTCUSDT,89892.53,7e-05,buy,29350188
1766403156102,BTCUSDT,89904.99,0.00289,buy,29350189
1766403156102,BTCUSDT,89905.0,0.0001,buy,29350190
1766403156392,BTCUSDT,89905.0,0.0049,buy,29350191
1766403216632,BTCUSDT,89909.81,0.00063,buy,29350192
1766403240787,BTCUSDT,89915.38,0.00022,buy,29350193
1766403241793,BTCUSDT,89917.73,0.00168,buy,29350194
1766403243431,BTCUSDT,89917.72,0.0016,buy,29350195
1766403279645,BTCUSDT,89927.15,0.00115,buy,29350196
1766403279645,BTCUSDT,89943.0,0.00078,buy,29350197
1766403315434,BTCUSDT,89943.0,0.00033,buy,29350198
1766403363714,BTCUSDT,89980.06,8e-05,buy,29350199
1766403368221,BTCUSDT,89999.99,8e-05,buy,29350200
1766403371728,BTCUSDT,89667.33,0.0001,sell,29350201
1766403422203,BTCUSDT,89999.99,0.00044,buy,29350202
1766403422203,BTCUSDT,90000.0,0.45089,buy,29350203
1766403422245,BTCUSDT,90000.0,0.02548,buy,29350204
1766403422418,BTCUSDT,90000.0,0.04052,buy,29350205
1766403422473,BTCUSDT,90000.0,0.04576,buy,29350206
1766403422710,BTCUSDT,90000.0,0.45133,buy,29350207
1766403423942,BTCUSDT,90000.0,0.12479,buy,29350208
1766403423976,BTCUSDT,90000.0,0.00568,buy,29350209
1766403425118,BTCUSDT,90000.0,0.00861,buy,29350210
1766403426354,BTCUSDT,90000.0,0.20948,buy,29350211
1766403426803,BTCUSDT,90000.0,0.00051,buy,29350212
1766403427810,BTCUSDT,90000.0,0.00138,buy,29350213
1766403428001,BTCUSDT,90000.0,0.01433,buy,29350214
1766403428275,BTCUSDT,90000.0,0.0005,buy,29350215
1766403428815,BTCUSDT,90000.0,0.00028,buy,29350216
1766403453962,BTCUSDT,89999.59,0.00111,buy,29350217
1766403471022,BTCUSDT,89705.82,3e-05,sell,29350218
1766403471022,BTCUSDT,89705.58,7e-05,sell,29350219
1766403793639,BTCUSDT,89974.83,2e-05,buy,29350220
1766403937746,BTCUSDT,89716.34,0.00026,sell,29350221
1766404095923,BTCUSDT,89965.66,0.00872,buy,29350222
1766404283334,BTCUSDT,89999.86,0.02718,buy,29350223
1766404283334,BTCUSDT,90000.0,0.44789,buy,29350224
1766404283646,BTCUSDT,90000.0,0.01231,buy,29350225
1766404283937,BTCUSDT,90000.0,0.2954,buy,29350226
1766404283969,BTCUSDT,90000.0,0.03454,buy,29350227
1766404284473,BTCUSDT,90000.0,0.47507,buy,29350228
1766404284975,BTCUSDT,90000.0,0.00013,buy,29350229
1766404285981,BTCUSDT,90000.0,0.00144,buy,29350230
1766404286987,BTCUSDT,90000.0,0.00115,buy,29350231
1766404287444,BTCUSDT,90000.0,0.00665,buy,29350232
1766404287632,BTCUSDT,90000.0,0.21467,buy,29350233
1766404287993,BTCUSDT,90000.0,0.00596,buy,29350234
1766404290002,BTCUSDT,90000.0,0.00036,buy,29350235
1766404291010,BTCUSDT,90000.0,0.00021,buy,29350236
1766404291206,BTCUSDT,90000.0,0.00266,buy,29350237
1766404291284,BTCUSDT,90000.0,0.47481,buy,29350238
1766404291578,BTCUSDT,90000.0,0.00961,buy,29350239
1766404291588,BTCUSDT,90000.0,0.00268,buy,29350240
1766404291628,BTCUSDT,90000.0,0.02741,buy,29350241
1766404291639,BTCUSDT,90000.0,0.00308,buy,29350242
1766404291786,BTCUSDT,90000.0,0.29008,buy,29350243
1766404291838,BTCUSDT,90000.0,0.00302,buy,29350244
1766404292015,BTCUSDT,90000.0,0.00172,buy,29350245
1766404292143,BTCUSDT,90000.0,0.00961,buy,29350246
1766404292317,BTCUSDT,90000.0,0.21256,buy,29350247
1766404292818,BTCUSDT,90000.0,0.20399,buy,29350248
1766404293021,BTCUSDT,90000.0,0.00018,buy,29350249
1766404294028,BTCUSDT,90000.0,0.00011,buy,29350250
1766404294942,BTCUSDT,90000.0,0.00033,buy,29350251
1766404295312,BTCUSDT,90000.0,6e-05,buy,29350252
1766404835318,BTCUSDT,89989.51,2e-05,buy,29350253
1766404880475,BTCUSDT,89999.99,2e-05,buy,29350254
1766404884251,BTCUSDT,89999.99,0.00045,buy,29350255
1766404888444,BTCUSDT,90000.0,8e-05,buy,29350256
1766404940395,BTCUSDT,90000.0,0.00028,buy,29350257
1766405009488,BTCUSDT,89999.99,0.00111,buy,29350258
1766405075313,BTCUSDT,89999.99,0.00011,buy,29350259
1766405302187,BTCUSDT,89999.99,0.00017,buy,29350260
1766405302187,BTCUSDT,90000.0,0.0007,buy,29350261
1766405326086,BTCUSDT,89999.99,0.0002,buy,29350262
1766405405365,BTCUSDT,90000.0,6e-05,buy,29350263
1766405405418,BTCUSDT,90000.0,6e-05,buy,29350264
1766405570320,BTCUSDT,89998.39,6e-05,buy,29350265
1766405624785,BTCUSDT,90000.0,0.21981,buy,29350266
1766405626157,BTCUSDT,90000.0,0.28291,buy,29350267
1766405627358,BTCUSDT,90000.0,0.1307,buy,29350268
1766405627711,BTCUSDT,90000.0,0.00309,buy,29350269
1766405627939,BTCUSDT,90000.0,0.27293,buy,29350270
1766405629205,BTCUSDT,90000.0,0.09613,buy,29350271
1766405629205,BTCUSDT,90002.24,0.00024,buy,29350272
1766405629723,BTCUSDT,90014.16,0.0002,buy,29350273
1766405630256,BTCUSDT,90014.15,0.0002,buy,29350274
1766405631367,BTCUSDT,90049.99,0.00017,buy,29350275
1766405764153,BTCUSDT,90049.97,0.00657,buy,29350276
1766405764153,BTCUSDT,90050.0,0.09878,buy,29350277
1766405764757,BTCUSDT,90050.0,0.05486,buy,29350278
1766405765257,BTCUSDT,90049.99,0.00024,buy,29350279
1766405765257,BTCUSDT,90050.0,0.18064,buy,29350280
1766405766631,BTCUSDT,90073.01,0.00016,buy,29350281
1766405766631,BTCUSDT,90073.02,0.0003,buy,29350282
1766405767653,BTCUSDT,90099.98,0.006,buy,29350283
1766405767653,BTCUSDT,90099.99,0.00021,buy,29350284
1766405767653,BTCUSDT,90100.0,0.00797,buy,29350285
1766405767680,BTCUSDT,90100.0,0.01418,buy,29350286
1766405767750,BTCUSDT,90100.0,0.01418,buy,29350287
1766405768160,BTCUSDT,90100.0,0.00043,buy,29350288
1766405770102,BTCUSDT,90099.99,0.00014,buy,29350289
1766405770102,BTCUSDT,90100.0,0.00029,buy,29350290
1766405770190,BTCUSDT,90100.0,0.01418,buy,29350291
1766405770703,BTCUSDT,90100.0,0.06451,buy,29350292
1766405780419,BTCUSDT,90123.45,5e-05,buy,29350293
1766405780419,BTCUSDT,90132.85,0.00106,buy,29350294
1766405795655,BTCUSDT,90132.85,0.00014,buy,29350295
1766405837002,BTCUSDT,90132.84,0.00111,buy,29350296
1766405837002,BTCUSDT,90132.85,0.00263,buy,29350297
1766405886068,BTCUSDT,89865.36,0.00222,sell,29350298
1766406150681,BTCUSDT,90166.66,0.0015,buy,29350299
1766406150681,BTCUSDT,90167.27,0.00084,buy,29350300
1766406152155,BTCUSDT,90187.81,0.00114,buy,29350301
1766406152155,BTCUSDT,90191.0,0.00012,buy,29350302
1766406179952,BTCUSDT,89914.89,0.0001,sell,29350303
1766406200640,BTCUSDT,89915.52,0.00166,sell,29350304
1766406200640,BTCUSDT,89915.51,0.00037,sell,29350305
1766406224781,BTCUSDT,89916.12,0.00287,sell,29350306
1766406315058,BTCUSDT,89917.6,0.0035,sell,29350307
1766406431311,BTCUSDT,89919.77,0.00064,sell,29350308
1766406455289,BTCUSDT,90215.1,0.00553,buy,29350309
1766406513674,BTCUSDT,90215.19,0.00012,buy,29350310
1766406520380,BTCUSDT,90221.99,0.00038,buy,29350311
1766406522387,BTCUSDT,90221.99,5e-05,buy,29350312
1766406529353,BTCUSDT,90221.99,0.00727,buy,29350313
1766406529423,BTCUSDT,90224.02,0.00299,buy,29350314
1766406569013,BTCUSDT,89981.11,0.00263,sell,29350315
1766406570019,BTCUSDT,89981.13,0.00392,sell,29350316
1766406586498,BTCUSDT,89981.4,0.00417,sell,29350317
1766406587445,BTCUSDT,89981.4,0.00329,sell,29350318
1766406620351,BTCUSDT,90250.94,0.01,buy,29350319
1766406620351,BTCUSDT,90250.97,0.0003,buy,29350320
1766406620351,BTCUSDT,90268.75,0.00011,buy,29350321
1766406620351,BTCUSDT,90275.86,3e-05,buy,29350322
1766406620351,BTCUSDT,90298.9,0.00061,buy,29350323
1766406622864,BTCUSDT,89982.32,0.0041,sell,29350324
1766406623811,BTCUSDT,89982.34,0.00277,sell,29350325
1766406667618,BTCUSDT,90298.87,0.00105,buy,29350326
1766406667618,BTCUSDT,90298.91,0.00016,buy,29350327
1766406667618,BTCUSDT,90300.0,2e-05,buy,29350328
1766406667618,BTCUSDT,90300.71,0.0005,buy,29350329
1766406670219,BTCUSDT,90380.83,0.00017,buy,29350330
1766406673789,BTCUSDT,90011.42,0.00228,sell,29350331
1766406674607,BTCUSDT,90011.44,0.00382,sell,29350332
1766406679389,BTCUSDT,90011.63,0.00078,sell,29350333
1766406722596,BTCUSDT,90013.26,0.002,sell,29350334
1766406722694,BTCUSDT,90013.27,0.00316,sell,29350335
1766406764477,BTCUSDT,90377.33,0.00032,buy,29350336
1766406766134,BTCUSDT,90380.88,0.0011,buy,29350337
1766406766134,BTCUSDT,90380.89,0.00127,buy,29350338
1766406780760,BTCUSDT,90079.2,0.00158,sell,29350339
1766406781513,BTCUSDT,90384.34,0.00031,buy,29350340
1766406782888,BTCUSDT,90384.34,0.00037,buy,29350341
1766406782888,BTCUSDT,90384.35,0.0003,buy,29350342
1766406785581,BTCUSDT,90411.18,0.00416,buy,29350343
1766406785593,BTCUSDT,90411.18,0.00416,buy,29350344
1766406785796,BTCUSDT,90411.18,0.00416,buy,29350345
1766406785815,BTCUSDT,90411.18,0.00091,buy,29350346
1766406785815,BTCUSDT,90411.19,0.00063,buy,29350347
1766406788810,BTCUSDT,90419.25,7e-05,buy,29350348
1766406789792,BTCUSDT,90428.13,8e-05,buy,29350349
1766406790375,BTCUSDT,90428.12,0.0082,buy,29350350
1766406790375,BTCUSDT,90436.94,0.00055,buy,29350351
1766406790931,BTCUSDT,90443.99,0.00016,buy,29350352
1766406790931,BTCUSDT,90444.0,2e-05,buy,29350353
1766406790931,BTCUSDT,90448.97,0.00095,buy,29350354
1766406791126,BTCUSDT,90448.97,0.04218,buy,29350355
1766406791126,BTCUSDT,90449.24,0.00114,buy,29350356
1766406791126,BTCUSDT,90450.43,0.00036,buy,29350357
1766406791126,BTCUSDT,90452.66,0.00025,buy,29350358
1766406792320,BTCUSDT,90463.26,0.00066,buy,29350359
1766406792320,BTCUSDT,90463.27,0.00018,buy,29350360
1766406792553,BTCUSDT,90485.91,0.00038,buy,29350361
1766406792553,BTCUSDT,90488.36,0.00075,buy,29350362
1766406792823,BTCUSDT,90488.36,0.00013,buy,29350363
1766406792932,BTCUSDT,90494.36,9e-05,buy,29350364
1766406792932,BTCUSDT,90500.0,0.00104,buy,29350365
1766406793087,BTCUSDT,90500.0,0.00113,buy,29350366
1766406793106,BTCUSDT,90500.0,0.00113,buy,29350367
1766406793126,BTCUSDT,90500.0,0.00113,buy,29350368
1766406793146,BTCUSDT,90500.0,0.00113,buy,29350369
1766406794426,BTCUSDT,90500.0,0.00113,buy,29350370
1766406794443,BTCUSDT,90500.0,0.00113,buy,29350371
1766406794895,BTCUSDT,90500.0,0.49615,buy,29350372
1766406794920,BTCUSDT,90500.0,0.00113,buy,29350373
1766406794929,BTCUSDT,90500.0,0.00113,buy,29350374
1766406795034,BTCUSDT,90500.0,0.00113,buy,29350375
1766406807102,BTCUSDT,90197.47,0.00296,sell,29350376
1766406808046,BTCUSDT,90197.57,0.00223,sell,29350377
1766406808070,BTCUSDT,90499.92,8e-05,buy,29350378
1766406809101,BTCUSDT,90197.67,0.00345,sell,29350379
1766406810106,BTCUSDT,90197.6,9e-05,sell,29350380
1766406810106,BTCUSDT,90197.43,0.00367,sell,29350381
1766406811099,BTCUSDT,90197.45,0.00447,sell,29350382
1766406812127,BTCUSDT,90197.43,0.00439,sell,29350383
1766406813187,BTCUSDT,90197.47,0.00359,sell,29350384
1766406856515,BTCUSDT,90198.04,0.00827,sell,29350385
1766406864426,BTCUSDT,90198.08,0.00239,sell,29350386
1766406919400,BTCUSDT,90198.18,0.00219,sell,29350387
1766406919400,BTCUSDT,90198.13,0.00899,sell,29350388
1766406919400,BTCUSDT,90198.12,0.01337,sell,29350389
1766406919400,BTCUSDT,90198.11,0.00445,sell,29350390
1766406919400,BTCUSDT,90198.09,0.00602,sell,29350391
1766406940975,BTCUSDT,90115.04,0.00166,sell,29350392
1766406941190,BTCUSDT,90114.95,2e-05,sell,29350393
1766406941425,BTCUSDT,90106.75,0.00166,sell,29350394
1766406948667,BTCUSDT,90106.76,0.00166,sell,29350395
1766406948885,BTCUSDT,90106.76,0.00055,sell,29350396
1766406962689,BTCUSDT,90198.08,0.00282,buy,29350397
1766407361301,BTCUSDT,89946.78,0.00166,sell,29350398
1766407361301,BTCUSDT,89946.77,0.00392,sell,29350399
1766407420179,BTCUSDT,90267.43,0.0001,buy,29350400
1766407620807,BTCUSDT,89950.06,0.00019,sell,29350401
1766407920199,BTCUSDT,90256.49,0.00022,buy,29350402
1766408240466,BTCUSDT,90252.24,0.00111,buy,29350403
1766408276867,BTCUSDT,90252.19,0.01325,buy,29350404
1766408448426,BTCUSDT,90386.57,0.00226,buy,29350405
1766409005350,BTCUSDT,90323.84,2e-05,buy,29350406
1766409065369,BTCUSDT,90322.43,0.0011,buy,29350407
1766409200469,BTCUSDT,90319.02,0.00011,buy,29350408
1766409365289,BTCUSDT,90313.75,0.00077,buy,29350409
1766409607133,BTCUSDT,90007.71,0.00344,sell,29350410
1766409607133,BTCUSDT,90007.43,0.02223,sell,29350411
1766409607133,BTCUSDT,90007.07,0.0114,sell,29350412
1766409693666,BTCUSDT,89997.04,0.00308,sell,29350413
1766409700202,BTCUSDT,89951.99,0.00089,buy,29350414
1766409768885,BTCUSDT,90203.12,0.00067,buy,29350415
1766409895364,BTCUSDT,89917.34,0.00012,sell,29350416
1766410205420,BTCUSDT,89923.22,0.00323,sell,29350417
1766410280505,BTCUSDT,89924.15,0.00075,sell,29350418
1766410369228,BTCUSDT,89923.98,0.00985,sell,29350419
1766410406733,BTCUSDT,89916.0,0.0001,sell,29350420
1766410406733,BTCUSDT,89915.0,0.0001,sell,29350421
1766410406733,BTCUSDT,89914.0,0.0001,sell,29350422
1766410410207,BTCUSDT,89909.81,0.00063,sell,29350423
1766410410207,BTCUSDT,89892.53,7e-05,sell,29350424
1766410577773,BTCUSDT,89868.51,0.00421,sell,29350425
1766410577878,BTCUSDT,89888.0,0.001,buy,29350426
1766410602277,BTCUSDT,89888.0,0.001,buy,29350427
1766410633702,BTCUSDT,89900.0,0.001,buy,29350428
1766410689694,BTCUSDT,89869.05,0.00396,sell,29350429
1766410697022,BTCUSDT,90120.69,0.00126,buy,29350430
1766410726341,BTCUSDT,90119.93,9e-05,buy,29350431
1766410879732,BTCUSDT,89810.37,0.00011,sell,29350432
1766410896774,BTCUSDT,90025.52,0.0001,buy,29350433
1766410915242,BTCUSDT,89758.72,0.00059,sell,29350434
1766410956448,BTCUSDT,90023.8,0.0001,buy,29350435
1766410977396,BTCUSDT,89758.46,0.00301,sell,29350436
1766411165377,BTCUSDT,89950.02,6e-05,buy,29350437
1766411280212,BTCUSDT,89947.81,0.00166,buy,29350438
1766411280212,BTCUSDT,89947.82,0.00059,buy,29350439
1766411330454,BTCUSDT,89946.69,0.00022,buy,29350440
1766411602017,BTCUSDT,89977.14,4e-05,buy,29350441
1766411677349,BTCUSDT,89975.72,0.00023,buy,29350442
1766412035273,BTCUSDT,89970.48,3e-05,buy,29350443
1766412184420,BTCUSDT,89999.88,0.00249,buy,29350444
1766412215369,BTCUSDT,89999.86,6e-05,buy,29350445
1766412268103,BTCUSDT,89999.81,0.02162,buy,29350446
1766412268103,BTCUSDT,89999.83,0.01466,buy,29350447
1766412268103,BTCUSDT,89999.84,0.01563,buy,29350448
1766412268103,BTCUSDT,89999.85,0.00355,buy,29350449
1766412268103,BTCUSDT,90000.0,0.0032,buy,29350450
1766412269158,BTCUSDT,90000.0,0.00053,buy,29350451
1766412270260,BTCUSDT,90000.0,0.00526,buy,29350452
1766412273145,BTCUSDT,90000.0,0.5235,buy,29350453
1766412273161,BTCUSDT,90000.0,0.00675,buy,29350454
1766412273231,BTCUSDT,90000.0,0.02914,buy,29350455
1766412273725,BTCUSDT,90000.0,0.28594,buy,29350456
1766412274302,BTCUSDT,90000.0,0.5235,buy,29350457
1766412274903,BTCUSDT,90000.0,0.05539,buy,29350458
1766412275172,BTCUSDT,90000.0,0.00288,buy,29350459
1766412275349,BTCUSDT,90000.0,0.00048,buy,29350460
1766412275503,BTCUSDT,90000.0,0.43273,buy,29350461
1766412275551,BTCUSDT,90000.0,0.00364,buy,29350462
1766412276178,BTCUSDT,90000.0,0.00041,buy,29350463
1766412276704,BTCUSDT,90000.0,0.12441,buy,29350464
1766412277185,BTCUSDT,90000.0,0.00033,buy,29350465
1766412277222,BTCUSDT,90000.0,0.01434,buy,29350466
1766412277816,BTCUSDT,90000.0,0.05741,buy,29350467
1766412278192,BTCUSDT,89999.99,7e-05,buy,29350468
1766412278969,BTCUSDT,89999.99,0.00457,buy,29350469
1766412278969,BTCUSDT,90000.0,0.00667,buy,29350470
1766412279198,BTCUSDT,90000.0,0.00052,buy,29350471
1766412279325,BTCUSDT,90000.0,0.00364,buy,29350472
1766412280170,BTCUSDT,90000.0,0.24198,buy,29350473
1766412281206,BTCUSDT,90000.0,0.00013,buy,29350474
1766412281702,BTCUSDT,90000.0,0.38952,buy,29350475
1766412281772,BTCUSDT,90000.0,0.00791,buy,29350476
1766412282434,BTCUSDT,90000.0,0.00791,buy,29350477
1766412282905,BTCUSDT,90000.0,0.41849,buy,29350478
1766412283213,BTCUSDT,90000.0,0.02014,buy,29350479
1766412283722,BTCUSDT,90000.0,0.41591,buy,29350480
1766412284321,BTCUSDT,90000.0,0.26667,buy,29350481
1766412284924,BTCUSDT,90000.0,0.17175,buy,29350482
1766412285523,BTCUSDT,90000.0,0.16052,buy,29350483
1766412285692,BTCUSDT,90000.0,0.00103,buy,29350484
1766412286124,BTCUSDT,90000.0,0.08429,buy,29350485
1766412286220,BTCUSDT,90000.0,0.00022,buy,29350486
1766412286726,BTCUSDT,90000.0,0.07697,buy,29350487
1766412287227,BTCUSDT,90000.0,0.00424,buy,29350488
1766412291234,BTCUSDT,90000.0,0.0004,buy,29350489
1766412292240,BTCUSDT,90000.0,0.00021,buy,29350490
1766412295247,BTCUSDT,90000.0,7e-05,buy,29350491
1766412295902,BTCUSDT,90000.0,2e-05,buy,29350492
1766412296254,BTCUSDT,90000.0,3e-05,buy,29350493
1766412298557,BTCUSDT,90000.0,0.02386,buy,29350494
1766412298686,BTCUSDT,90000.0,0.1196,buy,29350495
1766412299261,BTCUSDT,90000.0,0.00027,buy,29350496
1766412299286,BTCUSDT,90000.0,0.32098,buy,29350497
1766412300267,BTCUSDT,90000.0,5e-05,buy,29350498
1766412300415,BTCUSDT,90000.0,0.08528,buy,29350499
1766412301016,BTCUSDT,90000.0,0.04294,buy,29350500
1766412301617,BTCUSDT,90000.0,0.02638,buy,29350501
1766412302217,BTCUSDT,90000.0,0.03156,buy,29350502
1766412466539,BTCUSDT,90143.75,0.00173,buy,29350503
1766412486386,BTCUSDT,90000.37,0.00673,sell,29350504
1766412486788,BTCUSDT,90000.37,0.00493,sell,29350505
1766412486788,BTCUSDT,90000.36,0.01659,sell,29350506
1766412486788,BTCUSDT,90000.35,0.00432,sell,29350507
1766412655394,BTCUSDT,89827.14,0.00067,sell,29350508
1766412722674,BTCUSDT,90137.41,0.00033,buy,29350509
1766412800386,BTCUSDT,90135.59,0.00012,buy,29350510
1766412830398,BTCUSDT,90134.94,6e-05,buy,29350511
1766412903366,BTCUSDT,90133.03,0.0002,buy,29350512
1766412905315,BTCUSDT,90133.0,0.00011,buy,29350513
1766412942068,BTCUSDT,90132.46,0.00139,buy,29350514
1766413037517,BTCUSDT,89832.19,0.00222,sell,29350515
1766413211855,BTCUSDT,89848.71,9e-05,sell,29350516
1766413278941,BTCUSDT,89850.06,0.00223,sell,29350517
1766413415319,BTCUSDT,90155.34,0.00055,buy,29350518
1766413535248,BTCUSDT,90152.6,0.00111,buy,29350519
1766413793019,BTCUSDT,89858.51,2e-05,sell,29350520
1766413814895,BTCUSDT,89857.66,0.01236,sell,29350521
1766413851415,BTCUSDT,89761.07,0.0005,sell,29350522
1766413931066,BTCUSDT,90130.0,0.01184,buy,29350523
1766413931325,BTCUSDT,90130.01,0.0153,buy,29350524
1766413940118,BTCUSDT,90130.0,0.00333,buy,29350525
1766413941377,BTCUSDT,90130.0,0.00017,buy,29350526
1766413944943,BTCUSDT,90130.0,0.00053,buy,29350527
1766413947521,BTCUSDT,90130.0,7e-05,buy,29350528
1766413949177,BTCUSDT,90130.0,7e-05,buy,29350529
1766413951577,BTCUSDT,90130.0,2e-05,buy,29350530
1766413952584,BTCUSDT,90130.0,8e-05,buy,29350531
1766414031679,BTCUSDT,89854.27,0.01392,sell,29350532
1766414031679,BTCUSDT,89853.2,0.01534,sell,29350533
1766414031679,BTCUSDT,89853.17,0.00041,sell,29350534
1766414031828,BTCUSDT,89853.17,0.01398,sell,29350535
1766414044596,BTCUSDT,89708.7,0.0001,sell,29350536
1766414044596,BTCUSDT,89706.1,0.00015,sell,29350537
1766414064776,BTCUSDT,89674.76,0.00012,sell,29350538
1766414089079,BTCUSDT,90089.54,0.0001,buy,29350539
1766414249337,BTCUSDT,89942.94,0.00667,buy,29350540
1766414289176,BTCUSDT,89598.63,0.00213,sell,29350541
1766414295283,BTCUSDT,89594.39,0.00134,sell,29350542
1766414295283,BTCUSDT,89594.38,0.00091,sell,29350543
1766414298206,BTCUSDT,89594.36,0.0054,sell,29350544
1766414298206,BTCUSDT,89594.19,3e-05,sell,29350545
1766414300430,BTCUSDT,89584.07,0.00167,sell,29350546
1766414324577,BTCUSDT,89837.46,0.0001,buy,29350547
1766414349154,BTCUSDT,89475.15,0.00167,sell,29350548
1766414349154,BTCUSDT,89475.13,0.01604,sell,29350549
1766414349154,BTCUSDT,89475.01,0.00058,sell,29350550
1766414349154,BTCUSDT,89474.18,0.00115,sell,29350551
1766414383374,BTCUSDT,89741.58,0.0001,buy,29350552
1766414583356,BTCUSDT,89659.85,0.00457,buy,29350553
1766414583356,BTCUSDT,89659.87,0.00777,buy,29350554
1766414583356,BTCUSDT,89659.91,0.01314,buy,29350555
1766414583356,BTCUSDT,89659.93,0.00051,buy,29350556
1766414592455,BTCUSDT,89659.85,0.00497,buy,29350557
1766414594318,BTCUSDT,89659.85,8e-05,buy,29350558
1766414596392,BTCUSDT,89659.85,0.00075,buy,29350559
1766414597400,BTCUSDT,89659.85,3e-05,buy,29350560
1766414597853,BTCUSDT,89659.85,0.00666,buy,29350561
1766414682854,BTCUSDT,89818.3,0.00047,buy,29350562
1766414686864,BTCUSDT,89818.3,6e-05,buy,29350563
1766414692161,BTCUSDT,89818.3,0.00701,buy,29350564
1766414833103,BTCUSDT,89818.28,0.01537,buy,29350565
1766414837597,BTCUSDT,89424.59,0.01368,sell,29350566
1766414859947,BTCUSDT,90078.24,0.0001,buy,29350567
1766414882124,BTCUSDT,90078.24,0.00025,buy,29350568
1766414883387,BTCUSDT,90183.25,0.00014,buy,29350569
1766414883387,BTCUSDT,90183.26,0.00214,buy,29350570
1766414910906,BTCUSDT,90211.06,0.00101,buy,29350571
1766414918602,BTCUSDT,89910.91,0.0001,sell,29350572
1766414918676,BTCUSDT,89910.91,0.0001,sell,29350573
1766415298344,BTCUSDT,90177.2,0.00554,buy,29350574
1766415300022,BTCUSDT,90215.19,0.00012,buy,29350575
1766415301037,BTCUSDT,90224.01,0.00019,buy,29350576
1766415301037,BTCUSDT,90224.02,0.00301,buy,29350577
1766415301037,BTCUSDT,90225.0,0.0002,buy,29350578
1766415515305,BTCUSDT,90264.18,0.00034,buy,29350579
1766415692892,BTCUSDT,90242.36,0.00011,buy,29350580
1766415713694,BTCUSDT,89979.3,0.02116,sell,29350581
1766415714176,BTCUSDT,89979.3,0.00496,sell,29350582
1766415714176,BTCUSDT,89979.29,0.00811,sell,29350583
1766415720231,BTCUSDT,89979.3,0.01141,sell,29350584
1766415740466,BTCUSDT,90161.92,0.00017,buy,29350585
1766415740518,BTCUSDT,90161.92,0.00022,buy,29350586
1766415785829,BTCUSDT,89845.4,0.00065,sell,29350587
1766415794924,BTCUSDT,89845.47,0.00278,sell,29350588
1766415890413,BTCUSDT,90157.59,2e-05,buy,29350589
1766415990109,BTCUSDT,90155.61,0.0008,buy,29350590
1766416021471,BTCUSDT,90155.75,0.00079,buy,29350591
1766416025316,BTCUSDT,90155.74,0.00055,buy,29350592
1766416070407,BTCUSDT,90155.71,0.01107,buy,29350593
1766416076716,BTCUSDT,90155.71,0.00314,buy,29350594
1766416076716,BTCUSDT,90155.72,0.00185,buy,29350595
1766416082272,BTCUSDT,90155.71,0.00111,buy,29350596
1766416085414,BTCUSDT,90155.69,0.00028,buy,29350597
1766416092801,BTCUSDT,90155.67,0.00087,buy,29350598
1766416115307,BTCUSDT,90155.56,0.00018,buy,29350599
1766416190366,BTCUSDT,90155.34,0.00022,buy,29350600
1766416203957,BTCUSDT,90155.34,0.00498,buy,29350601
1766416203957,BTCUSDT,90155.35,0.00285,buy,29350602
1766416203957,BTCUSDT,90155.37,0.01652,buy,29350603
1766416203957,BTCUSDT,90155.38,0.00837,buy,29350604
1766416214198,BTCUSDT,90268.25,0.0133,buy,29350605
1766416214198,BTCUSDT,90268.32,0.00327,buy,29350606
1766416214198,BTCUSDT,90268.51,0.01305,buy,29350607
1766416214198,BTCUSDT,90268.75,0.00011,buy,29350608
1766416235314,BTCUSDT,90411.03,3e-05,buy,29350609
1766416239283,BTCUSDT,90410.97,0.00011,buy,29350610
1766416274706,BTCUSDT,90015.39,0.0001,sell,29350611
1766416274785,BTCUSDT,90015.39,4e-05,sell,29350612
1766416274785,BTCUSDT,90015.38,6e-05,sell,29350613
1766416280421,BTCUSDT,90376.42,0.00011,buy,29350614
1766416280481,BTCUSDT,90376.42,0.00072,buy,29350615
1766416325344,BTCUSDT,90355.57,0.00055,buy,29350616
1766416359048,BTCUSDT,90014.65,0.01845,sell,29350617
1766416359268,BTCUSDT,90014.65,0.00899,sell,29350618
1766416366850,BTCUSDT,89880.88,0.00166,sell,29350619
1766416366850,BTCUSDT,89880.61,0.01719,sell,29350620
1766416371465,BTCUSDT,89810.37,0.00011,sell,29350621
1766416428880,BTCUSDT,89758.61,0.0174,sell,29350622
1766416428880,BTCUSDT,89758.46,0.00301,sell,29350623
1766416469463,BTCUSDT,89674.76,0.00012,sell,29350624
1766416833123,BTCUSDT,89918.98,0.001,buy,29350625
1766416982273,BTCUSDT,89731.38,0.00056,buy,29350626
1766416997244,BTCUSDT,89411.31,0.00167,sell,29350627
1766416997244,BTCUSDT,89411.3,0.00059,sell,29350628
1766416997244,BTCUSDT,89411.21,0.00064,sell,29350629
1766416997296,BTCUSDT,89410.0,0.0001,sell,29350630
1766416997884,BTCUSDT,89365.82,6e-05,sell,29350631
1766416997969,BTCUSDT,89365.82,1e-05,sell,29350632
1766416997969,BTCUSDT,89365.52,3e-05,sell,29350633
1766416998110,BTCUSDT,89354.31,0.00011,sell,29350634
1766416999886,BTCUSDT,89295.31,0.00302,sell,29350635
1766416999886,BTCUSDT,89290.0,0.0001,sell,29350636
1766417046120,BTCUSDT,89481.65,0.0001,buy,29350637
1766417071148,BTCUSDT,89481.49,0.00252,buy,29350638
1766417072153,BTCUSDT,89481.49,5e-05,buy,29350639
1766417073159,BTCUSDT,89481.49,0.00031,buy,29350640
1766417074166,BTCUSDT,89481.47,6e-05,buy,29350641
1766417075173,BTCUSDT,89481.47,9e-05,buy,29350642
1766417077183,BTCUSDT,89481.47,6e-05,buy,29350643
1766417078388,BTCUSDT,89481.47,0.02054,buy,29350644
1766417078388,BTCUSDT,89481.48,0.01015,buy,29350645
1766417080398,BTCUSDT,89481.47,0.00869,buy,29350646
1766417083003,BTCUSDT,89481.47,0.00869,buy,29350647
1766417088696,BTCUSDT,89481.48,0.00239,buy,29350648
1766417090111,BTCUSDT,89481.48,0.00086,buy,29350649
1766417090111,BTCUSDT,89481.49,0.02264,buy,29350650
1766417094215,BTCUSDT,89481.48,0.0168,buy,29350651
1766417499531,BTCUSDT,89312.72,2e-05,sell,29350652
1766417784684,BTCUSDT,89215.57,0.00115,sell,29350653
1766417812455,BTCUSDT,89431.15,0.0001,buy,29350654
1766418045350,BTCUSDT,89428.62,0.00373,buy,29350655
1766418045925,BTCUSDT,89428.62,0.00285,buy,29350656
1766418156897,BTCUSDT,89431.15,0.00347,sell,29350657
1766418156908,BTCUSDT,89208.55,0.00347,sell,29350658
1766418213854,BTCUSDT,89441.69,0.00329,buy,29350659
1766418425288,BTCUSDT,89439.52,0.00045,buy,29350660
1766418753972,BTCUSDT,89720.87,0.0021,buy,29350661
1766418968590,BTCUSDT,89758.46,0.003,buy,29350662
1766418969732,BTCUSDT,89758.46,2e-05,buy,29350663
1766419229401,BTCUSDT,89810.37,0.0001,buy,29350664
1766419237278,BTCUSDT,89810.37,1e-05,buy,29350665
1766419237278,BTCUSDT,89818.2,0.0005,buy,29350666
1766419310405,BTCUSDT,89861.6,2e-05,buy,29350667
1766419325304,BTCUSDT,89861.15,0.00017,buy,29350668
1766419413786,BTCUSDT,89892.53,6e-05,buy,29350669
1766419460468,BTCUSDT,89892.53,1e-05,buy,29350670
1766419460468,BTCUSDT,89909.81,0.00054,buy,29350671
1766419512315,BTCUSDT,89686.59,4e-05,sell,29350672
1766419512315,BTCUSDT,89686.58,6e-05,sell,29350673
1766419519078,BTCUSDT,89909.51,0.00042,buy,29350674
1766419645620,BTCUSDT,89908.56,2e-05,buy,29350675
1766419655319,BTCUSDT,89908.48,6e-05,buy,29350676
1766419663762,BTCUSDT,89908.41,2e-05,buy,29350677
1766419775352,BTCUSDT,89907.29,0.00011,buy,29350678
1766419790377,BTCUSDT,89907.07,0.00028,buy,29350679
1766419805302,BTCUSDT,89906.73,0.00055,buy,29350680
1766419811176,BTCUSDT,89691.43,6e-05,sell,29350681
1766419911595,BTCUSDT,89905.82,0.00238,buy,29350682
1766419912779,BTCUSDT,89909.81,6e-05,buy,29350683
1766419951063,BTCUSDT,89696.3,0.00111,sell,29350684
1766419970364,BTCUSDT,89909.81,4e-05,buy,29350685
1766419970364,BTCUSDT,89915.81,0.00107,buy,29350686
1766419985273,BTCUSDT,89915.7,0.00056,buy,29350687
1766420064967,BTCUSDT,90039.14,0.00012,buy,29350688
1766420096423,BTCUSDT,89701.05,0.0001,sell,29350689
1766420128987,BTCUSDT,90037.71,9e-05,buy,29350690
1766420135251,BTCUSDT,90037.51,5e-05,buy,29350691
1766420135251,BTCUSDT,90037.52,1e-05,buy,29350692
1766420135291,BTCUSDT,90037.52,6e-05,buy,29350693
1766420155909,BTCUSDT,90037.29,0.00021,buy,29350694
1766420313675,BTCUSDT,89831.67,0.00066,sell,29350695
1766420333993,BTCUSDT,89988.54,0.00011,sell,29350696
1766420660318,BTCUSDT,89999.02,0.00018,buy,29350697
1766420752174,BTCUSDT,89997.99,0.6886,buy,29350698
1766420881786,BTCUSDT,90000.0,0.00269,buy,29350699
1766420882658,BTCUSDT,90000.0,0.23842,buy,29350700
1766420882793,BTCUSDT,90000.0,0.00014,buy,29350701
1766420882803,BTCUSDT,90000.0,0.10006,buy,29350702
1766420882803,BTCUSDT,90001.0,0.00142,buy,29350703
1766421062169,BTCUSDT,90135.32,0.07712,buy,29350704
1766421107727,BTCUSDT,89851.55,0.01494,sell,29350705
1766421689245,BTCUSDT,89819.81,0.00022,buy,29350706
1766421689245,BTCUSDT,89819.82,0.00601,buy,29350707
1766421689550,BTCUSDT,89754.32,0.0001,buy,29350708
1766421977240,BTCUSDT,89535.47,0.00022,sell,29350709
1766422818676,BTCUSDT,89796.15,0.00022,buy,29350710
1766422950267,BTCUSDT,89431.15,0.00027,sell,29350711
1766422950267,BTCUSDT,89411.21,0.00011,sell,29350712
1766422970312,BTCUSDT,89693.15,0.00056,buy,29350713
1766423085099,BTCUSDT,89690.26,0.00056,buy,29350714
1766423085571,BTCUSDT,89411.21,0.00053,sell,29350715
1766423107880,BTCUSDT,89365.82,6e-05,sell,29350716
1766423110137,BTCUSDT,89365.82,1e-05,sell,29350717
1766423110137,BTCUSDT,89354.32,0.00017,sell,29350718
1766423133250,BTCUSDT,89354.32,0.01346,sell,29350719
1766423133250,BTCUSDT,89354.31,0.00011,sell,29350720
1766423133460,BTCUSDT,89354.31,0.00354,sell,29350721
1766423175088,BTCUSDT,89295.31,0.00302,sell,29350722
1766423255362,BTCUSDT,89504.24,0.00056,buy,29350723
1766423270368,BTCUSDT,89486.89,0.00056,buy,29350724
1766423270380,BTCUSDT,89486.89,0.00028,buy,29350725
1766423345305,BTCUSDT,89443.86,0.00112,buy,29350726
1766423405299,BTCUSDT,89442.21,0.00112,buy,29350727
1766423406446,BTCUSDT,89208.0,0.00059,sell,29350728
1766423409477,BTCUSDT,89208.0,1e-05,sell,29350729
1766423465277,BTCUSDT,89391.23,0.00011,buy,29350730
1766423705312,BTCUSDT,89385.02,0.00022,buy,29350731
1766424287964,BTCUSDT,89152.98,0.0004,sell,29350732
1766424333331,BTCUSDT,89373.33,0.0001,buy,29350733
1766424463476,BTCUSDT,89380.82,4e-05,buy,29350734
1766424635774,BTCUSDT,89388.92,0.00193,buy,29350735
1766424701836,BTCUSDT,89387.0,0.06337,sell,29350736
1766424862915,BTCUSDT,89174.13,0.00037,sell,29350737
1766424921267,BTCUSDT,89397.84,0.00017,buy,29350738
1766424995317,BTCUSDT,89396.84,0.00112,buy,29350739
1766425320504,BTCUSDT,89192.6,0.00011,sell,29350740
1766426331481,BTCUSDT,89483.18,0.001,buy,29350741
1766426331481,BTCUSDT,89483.19,0.00041,buy,29350742
1766426400932,BTCUSDT,89481.3,0.00013,buy,29350743
1766426411211,BTCUSDT,89481.04,0.00043,buy,29350744
1766426465356,BTCUSDT,89479.61,0.00022,buy,29350745
1766426495343,BTCUSDT,89479.23,0.00011,buy,29350746
1766426524818,BTCUSDT,89478.75,3e-05,buy,29350747
1766426664163,BTCUSDT,89165.98,8e-05,sell,29350748
1766426848711,BTCUSDT,89466.68,0.00028,buy,29350749
1766426867722,BTCUSDT,89465.8,0.00056,buy,29350750
1766426900388,BTCUSDT,89464.37,0.00022,buy,29350751
1766426900414,BTCUSDT,89464.37,3e-05,buy,29350752
1766426900447,BTCUSDT,89464.37,4e-05,buy,29350753
1766426961638,BTCUSDT,89169.58,3e-05,sell,29350754
1766426961638,BTCUSDT,89169.57,0.00046,sell,29350755
1766427022583,BTCUSDT,89170.87,9e-05,sell,29350756
1766427035304,BTCUSDT,89457.56,0.00028,buy,29350757
1766427080402,BTCUSDT,89455.25,0.00056,buy,29350758
1766427110409,BTCUSDT,89455.06,0.00028,buy,29350759
1766427155347,BTCUSDT,89454.12,0.00112,buy,29350760
1766427215319,BTCUSDT,89451.98,0.00011,buy,29350761
1766427294542,BTCUSDT,89183.66,0.00075,sell,29350762
1766427320474,BTCUSDT,89449.04,6e-05,buy,29350763
1766427381552,BTCUSDT,89535.21,4e-05,buy,29350764
1766427500411,BTCUSDT,89530.61,0.00013,buy,29350765
1766427607596,BTCUSDT,89210.18,3e-05,sell,29350766
1766427748317,BTCUSDT,89476.14,0.00018,buy,29350767
1766427983063,BTCUSDT,89219.22,0.00024,sell,29350768
1766428161394,BTCUSDT,89464.28,0.00052,buy,29350769
1766428205477,BTCUSDT,89463.95,0.00341,buy,29350770
1766428404321,BTCUSDT,89289.65,6e-05,sell,29350771
1766428405229,BTCUSDT,89289.65,0.00168,sell,29350772
1766428405646,BTCUSDT,89289.65,0.00167,sell,29350773
1766428405826,BTCUSDT,89289.65,0.00167,sell,29350774
1766428405826,BTCUSDT,89289.64,0.0043,sell,29350775
1766428405928,BTCUSDT,89289.64,0.00167,sell,29350776
1766428406165,BTCUSDT,89289.35,0.01425,sell,29350777
1766428696776,BTCUSDT,89449.84,0.00094,buy,29350778
1766428755568,BTCUSDT,89449.48,0.00017,buy,29350779
1766428919788,BTCUSDT,89447.25,0.00013,buy,29350780
1766429257811,BTCUSDT,89289.74,0.00034,sell,29350781
1766429728678,BTCUSDT,89299.32,0.0006,sell,29350782
1766429910176,BTCUSDT,89140.13,0.00024,sell,29350783
1766429910291,BTCUSDT,89140.13,0.00024,sell,29350784
1766429976012,BTCUSDT,89408.34,0.0002,buy,29350785
1766430013889,BTCUSDT,89395.53,0.00019,buy,29350786
1766430015724,BTCUSDT,89137.55,0.00012,sell,29350787
1766430016731,BTCUSDT,89133.85,0.00089,sell,29350788
1766430050411,BTCUSDT,89385.76,0.00112,buy,29350789
1766430059042,BTCUSDT,89377.87,0.00112,buy,29350790
1766430072505,BTCUSDT,89107.86,0.00017,sell,29350791
1766430072505,BTCUSDT,89100.01,0.01473,sell,29350792
1766430072505,BTCUSDT,89100.0,0.0027,sell,29350793
1766430072510,BTCUSDT,89100.0,0.2338,sell,29350794
1766430072697,BTCUSDT,89100.0,0.02978,sell,29350795
1766430072775,BTCUSDT,89100.0,0.03024,sell,29350796
1766430072828,BTCUSDT,89100.0,0.03673,sell,29350797
1766430072887,BTCUSDT,89100.0,0.00345,sell,29350798
1766430095289,BTCUSDT,89295.68,0.00011,buy,29350799
1766430107042,BTCUSDT,89034.76,0.00037,sell,29350800
1766430107110,BTCUSDT,89000.0,0.00037,sell,29350801
1766430117933,BTCUSDT,89289.65,0.0001,buy,29350802
1766430131877,BTCUSDT,89000.01,0.05077,sell,29350803
1766430131877,BTCUSDT,89000.0,0.00462,sell,29350804
1766430136480,BTCUSDT,88995.31,4e-05,sell,29350805
1766430140440,BTCUSDT,89220.8,0.00017,buy,29350806
1766430178577,BTCUSDT,88957.72,0.00115,sell,29350807
1766430194569,BTCUSDT,88940.67,0.00025,sell,29350808
1766430195811,BTCUSDT,88928.52,0.03403,sell,29350809
1766430196057,BTCUSDT,88928.0,0.00025,sell,29350810
1766430208098,BTCUSDT,88915.38,0.00024,sell,29350811
1766430208194,BTCUSDT,88915.38,0.0004,sell,29350812
1766430211723,BTCUSDT,88915.39,0.00024,sell,29350813
1766430235038,BTCUSDT,89163.64,0.0001,buy,29350814
1766430295454,BTCUSDT,88900.57,0.00011,sell,29350815
1766430295760,BTCUSDT,88894.71,0.00021,sell,29350816
1766430297715,BTCUSDT,88839.1,7e-05,sell,29350817
1766430297715,BTCUSDT,88834.54,0.00027,sell,29350818
1766430302776,BTCUSDT,88834.54,0.00277,sell,29350819
1766430333408,BTCUSDT,88990.39,0.0005,buy,29350820
1766430425311,BTCUSDT,88986.3,0.00112,buy,29350821
1766430425509,BTCUSDT,88986.28,0.0119,buy,29350822
1766430635350,BTCUSDT,88928.9,0.00056,buy,29350823
1766430890471,BTCUSDT,88920.26,0.00017,buy,29350824
1766430890517,BTCUSDT,88920.26,0.00034,buy,29350825
1766430905309,BTCUSDT,88919.77,0.00112,buy,29350826
1766430920417,BTCUSDT,88919.24,3e-05,buy,29350827
1766431168878,BTCUSDT,88909.36,6e-05,buy,29350828
1766431425517,BTCUSDT,88902.44,3e-05,buy,29350829
1766431541089,BTCUSDT,88700.61,0.00116,sell,29350830
1766431545277,BTCUSDT,88650.0,0.00303,sell,29350831
1766431546283,BTCUSDT,88649.99,0.00042,sell,29350832
1766431547289,BTCUSDT,88645.22,0.00128,sell,29350833
1766431592352,BTCUSDT,88868.35,0.0001,buy,29350834
1766431604840,BTCUSDT,88603.57,4e-05,sell,29350835
1766431612591,BTCUSDT,88603.57,8e-05,sell,29350836
1766431622435,BTCUSDT,88600.0,0.00014,sell,29350837
1766431633705,BTCUSDT,88600.0,1e-05,sell,29350838
1766431643039,BTCUSDT,88592.99,0.00784,sell,29350839
1766431660811,BTCUSDT,88565.51,0.00021,sell,29350840
1766431670312,BTCUSDT,88801.89,0.00112,buy,29350841
1766431699273,BTCUSDT,88800.47,0.00151,buy,29350842
1766431801480,BTCUSDT,88565.51,9e-05,sell,29350843
1766431940477,BTCUSDT,88777.42,6e-05,buy,29350844
1766431959913,BTCUSDT,88537.08,0.00049,sell,29350845
1766431999259,BTCUSDT,88763.32,0.0001,buy,29350846
1766432055035,BTCUSDT,88537.08,0.00109,sell,29350847
1766432075378,BTCUSDT,88731.81,2e-05,buy,29350848
1766432083484,BTCUSDT,88731.49,4e-05,buy,29350849
1766432094426,BTCUSDT,88500.0,0.05662,sell,29350850
1766432094988,BTCUSDT,88497.78,0.00025,sell,29350851
1766432094988,BTCUSDT,88492.22,0.00089,sell,29350852
1766432094988,BTCUSDT,88492.17,0.00038,sell,29350853
1766432094988,BTCUSDT,88482.92,0.00506,sell,29350854
1766432094988,BTCUSDT,88455.17,3e-05,sell,29350855
1766432094988,BTCUSDT,88450.0,0.00025,sell,29350856
1766432094988,BTCUSDT,88449.14,0.00011,sell,29350857
1766432094988,BTCUSDT,88442.71,0.00086,sell,29350858
1766432106363,BTCUSDT,88422.29,0.00064,sell,29350859
1766432156614,BTCUSDT,88376.16,7e-05,sell,29350860
1766432180768,BTCUSDT,88596.08,2e-05,buy,29350861
1766432195971,BTCUSDT,88595.3,0.00034,buy,29350862
1766432221057,BTCUSDT,88376.15,0.00305,sell,29350863
1766432238451,BTCUSDT,88312.49,0.00033,sell,29350864
1766432705248,BTCUSDT,88573.67,0.00028,buy,29350865
1766432779983,BTCUSDT,88570.36,0.00033,buy,29350866
1766432789837,BTCUSDT,88569.91,0.00111,buy,29350867
1766432882577,BTCUSDT,88312.39,7e-05,sell,29350868
1766432882577,BTCUSDT,88306.6,4e-05,sell,29350869
1766432900515,BTCUSDT,88534.46,0.00113,buy,29350870
1766433185651,BTCUSDT,88170.28,0.00043,sell,29350871
1766433274155,BTCUSDT,88169.51,0.00142,sell,29350872
1766433275177,BTCUSDT,88150.0,0.00025,sell,29350873
1766433318142,BTCUSDT,88122.99,0.00029,sell,29350874
1766433319148,BTCUSDT,88122.99,1e-05,sell,29350875
1766433330726,BTCUSDT,88109.71,0.0005,sell,29350876
1766433340296,BTCUSDT,88072.79,0.00012,sell,29350877
1766433340296,BTCUSDT,88057.09,0.00025,sell,29350878
1766433340296,BTCUSDT,88055.81,0.02292,sell,29350879
1766433340296,BTCUSDT,88000.02,0.05739,sell,29350880
1766433635308,BTCUSDT,88121.84,0.00034,buy,29350881
1766433651993,BTCUSDT,88121.25,9e-05,buy,29350882
1766433732420,BTCUSDT,88117.99,0.00059,buy,29350883
1766433746905,BTCUSDT,88117.32,3e-05,buy,29350884
1766433875288,BTCUSDT,88191.1,2e-05,buy,29350885
1766433906207,BTCUSDT,88190.95,0.00057,buy,29350886
1766434047922,BTCUSDT,88012.93,3e-05,sell,29350887
1766434085314,BTCUSDT,88188.54,4e-05,buy,29350888
1766434103171,BTCUSDT,88188.53,0.01443,buy,29350889
1766434103171,BTCUSDT,88188.63,0.01348,buy,29350890
1766434103171,BTCUSDT,88188.7,0.01544,buy,29350891
1766434103171,BTCUSDT,88188.71,0.0127,buy,29350892
1766434103188,BTCUSDT,88241.76,0.0018,buy,29350893
1766434145273,BTCUSDT,88279.21,0.00226,buy,29350894
1766434175344,BTCUSDT,88278.09,5e-05,buy,29350895
1766434240838,BTCUSDT,88275.49,0.00011,buy,29350896
1766434250417,BTCUSDT,88275.1,8e-05,buy,29350897
1766434265275,BTCUSDT,88274.56,0.00057,buy,29350898
1766434295309,BTCUSDT,88273.51,3e-05,buy,29350899
1766434385365,BTCUSDT,88269.91,0.00028,buy,29350900
1766434415277,BTCUSDT,88269.04,6e-05,buy,29350901
1766434460517,BTCUSDT,88267.71,0.00113,buy,29350902
1766434592646,BTCUSDT,88030.07,0.01348,sell,29350903
1766434592869,BTCUSDT,88030.05,0.0098,sell,29350904
1766434615082,BTCUSDT,88000.0,0.00466,sell,29350905
1766434619083,BTCUSDT,87996.23,0.01024,sell,29350906
1766434920099,BTCUSDT,88000.0,0.7032,buy,29350907
1766435118686,BTCUSDT,88000.0,0.01122,sell,29350908
1766435358268,BTCUSDT,87955.14,0.00025,sell,29350909
1766435360354,BTCUSDT,88145.15,0.00011,buy,29350910
1766435635463,BTCUSDT,88141.17,0.00035,buy,29350911
1766435750317,BTCUSDT,88264.08,0.00023,buy,29350912
1766435885449,BTCUSDT,87971.1,4e-05,sell,29350913
1766435960521,BTCUSDT,88255.9,0.00011,buy,29350914
1766435964443,BTCUSDT,87973.66,0.00033,sell,29350915
1766436236146,BTCUSDT,88079.51,6e-05,sell,29350916
1766436255642,BTCUSDT,88250.44,0.00109,buy,29350917
1766436255642,BTCUSDT,88250.49,0.01053,buy,29350918
1766436259181,BTCUSDT,88290.18,0.01689,buy,29350919
1766436263229,BTCUSDT,88290.18,0.00882,buy,29350920
1766436278716,BTCUSDT,88363.11,0.00113,buy,29350921
1766436365217,BTCUSDT,88420.54,0.00228,buy,29350922
1766436494946,BTCUSDT,88158.18,0.00102,sell,29350923
1766436523386,BTCUSDT,88159.22,2e-05,sell,29350924
1766436535697,BTCUSDT,88159.61,0.00029,sell,29350925
1766437060589,BTCUSDT,88406.05,0.00288,buy,29350926
1766437268692,BTCUSDT,88446.81,0.00566,buy,29350927
1766437490440,BTCUSDT,88449.12,8e-05,buy,29350928
1766437520409,BTCUSDT,88448.91,0.00062,buy,29350929
1766437521762,BTCUSDT,88448.89,9e-05,buy,29350930
1766437550414,BTCUSDT,88449.12,0.00056,buy,29350931
1766437595286,BTCUSDT,88449.14,6e-05,buy,29350932
1766437636145,BTCUSDT,88449.14,5e-05,buy,29350933
1766437644313,BTCUSDT,88208.15,0.00011,sell,29350934
1766437705987,BTCUSDT,88502.79,0.00023,buy,29350935
1766437745369,BTCUSDT,88501.59,0.00034,buy,29350936
1766437790385,BTCUSDT,88500.19,0.00056,buy,29350937
1766437997775,BTCUSDT,88491.86,0.00015,buy,29350938
1766438105315,BTCUSDT,88487.1,0.00034,buy,29350939
1766438105369,BTCUSDT,88487.1,0.00028,buy,29350940
1766438161106,BTCUSDT,88221.97,6e-05,sell,29350941
1766438161106,BTCUSDT,88221.96,0.00025,sell,29350942
1766438161106,BTCUSDT,88221.94,0.00195,sell,29350943
1766438435315,BTCUSDT,88475.39,0.00056,buy,29350944
1766438570142,BTCUSDT,88229.94,6e-05,sell,29350945
1766438621023,BTCUSDT,88230.68,6e-05,sell,29350946
1766438765289,BTCUSDT,88465.64,0.00034,buy,29350947
1766438809515,BTCUSDT,88464.22,0.00034,buy,29350948
1766439185846,BTCUSDT,88505.29,0.00055,buy,29350949
1766439515305,BTCUSDT,88588.49,0.00101,buy,29350950
1766439550623,BTCUSDT,88587.69,9e-05,buy,29350951
1766439662832,BTCUSDT,88603.54,0.00017,buy,29350952
1766439679501,BTCUSDT,88603.56,0.00017,buy,29350953
1766439785318,BTCUSDT,88603.56,0.00113,buy,29350954
1766439894195,BTCUSDT,88603.04,0.01991,buy,29350955
1766439969038,BTCUSDT,88601.33,6e-05,buy,29350956
1766440016073,BTCUSDT,88599.71,0.00011,buy,29350957
1766440097436,BTCUSDT,88385.69,0.01305,sell,29350958
1766440180292,BTCUSDT,88268.85,0.00032,sell,29350959
1766440180768,BTCUSDT,88593.8,0.00032,buy,29350960
1766440317312,BTCUSDT,88588.66,0.0001,buy,29350961
1766440483813,BTCUSDT,88225.27,0.00054,sell,29350962
1766440572383,BTCUSDT,88515.89,5e-05,buy,29350963
1766440674313,BTCUSDT,88226.56,0.00013,sell,29350964
1766440857915,BTCUSDT,88503.71,0.00056,buy,29350965
1766440865632,BTCUSDT,88227.81,0.00021,sell,29350966
1766440924919,BTCUSDT,88501.27,0.00331,buy,29350967
1766440986449,BTCUSDT,88225.05,6e-05,sell,29350968
1766440990437,BTCUSDT,88225.04,0.00047,sell,29350969
1766441105342,BTCUSDT,88467.65,2e-05,buy,29350970
1766441180472,BTCUSDT,88464.64,0.00056,buy,29350971
1766441218267,BTCUSDT,88462.93,0.00011,buy,29350972
1766441301440,BTCUSDT,88459.54,2e-05,buy,29350973
1766441308481,BTCUSDT,88226.03,0.00219,sell,29350974
1766441308481,BTCUSDT,88226.02,0.00219,sell,29350975
1766441309119,BTCUSDT,88459.17,0.00282,buy,29350976
1766441310276,BTCUSDT,88226.02,0.01034,sell,29350977
1766441311476,BTCUSDT,88225.98,0.00312,sell,29350978
1766441313587,BTCUSDT,88225.0,2e-05,sell,29350979
1766441345274,BTCUSDT,88449.62,6e-05,buy,29350980
1766441480378,BTCUSDT,88428.44,6e-05,buy,29350981
1766441761162,BTCUSDT,88165.42,9e-05,sell,29350982
1766441795301,BTCUSDT,88417.18,0.00023,buy,29350983
1766441802704,BTCUSDT,88166.14,0.0001,sell,29350984
1766441989239,BTCUSDT,88443.85,0.00021,buy,29350985
1766442105295,BTCUSDT,88441.85,0.00268,buy,29350986
1766442216907,BTCUSDT,88439.5,0.0005,buy,29350987
1766442826665,BTCUSDT,88226.59,0.00053,sell,29350988
1766443765783,BTCUSDT,88532.51,0.00057,buy,29350989
1766443907705,BTCUSDT,88603.37,0.01318,buy,29350990
1766443907705,BTCUSDT,88603.57,0.00012,buy,29350991
1766444009255,BTCUSDT,88725.08,0.00096,buy,29350992
1766444009255,BTCUSDT,88725.09,0.00198,buy,29350993
1766444009255,BTCUSDT,88725.09,0.01327,buy,29350994
1766444240387,BTCUSDT,88827.42,0.00028,buy,29350995
1766444315278,BTCUSDT,88824.5,0.00056,buy,29350996
1766444360516,BTCUSDT,88822.99,0.00056,buy,29350997
1766444405386,BTCUSDT,88821.33,0.00056,buy,29350998
1766444462368,BTCUSDT,88819.05,0.00112,buy,29350999
1766444466803,BTCUSDT,88818.85,0.00025,buy,29351000
1766444495252,BTCUSDT,88817.77,0.00056,buy,29351001
1766444525345,BTCUSDT,88816.79,0.00056,buy,29351002
1766444566820,BTCUSDT,88550.0,0.03926,buy,29351003
1766444585275,BTCUSDT,88767.28,0.00028,buy,29351004
1766444676065,BTCUSDT,88763.79,0.00112,buy,29351005
1766444725744,BTCUSDT,88761.89,6e-05,buy,29351006
1766444750390,BTCUSDT,88760.91,6e-05,buy,29351007
1766445050415,BTCUSDT,88751.18,0.00028,buy,29351008
1766445080416,BTCUSDT,88749.95,4e-05,buy,29351009
1766445095273,BTCUSDT,88749.42,0.00022,buy,29351010
1766445290361,BTCUSDT,88743.1,0.00011,buy,29351011
1766445320470,BTCUSDT,88742.1,0.00056,buy,29351012
1766445571567,BTCUSDT,88512.57,0.00034,sell,29351013
1766445575275,BTCUSDT,88732.86,0.00028,buy,29351014
1766445638836,BTCUSDT,88512.72,0.00034,sell,29351015
1766445770446,BTCUSDT,88727.9,5e-05,buy,29351016
1766445770446,BTCUSDT,88727.91,0.00051,buy,29351017
1766445781215,BTCUSDT,88727.5,0.00013,buy,29351018
1766445859577,BTCUSDT,88514.82,0.00109,sell,29351019
1766445878167,BTCUSDT,88723.67,0.00025,buy,29351020
1766445938593,BTCUSDT,88721.46,0.02088,buy,29351021
1766446008648,BTCUSDT,88718.66,0.02085,buy,29351022
1766446103176,BTCUSDT,88600.0,0.09048,buy,29351023
1766446950911,BTCUSDT,88635.45,0.00016,buy,29351024
1766447118069,BTCUSDT,88629.06,0.00022,buy,29351025
1766447373587,BTCUSDT,88407.54,0.00034,sell,29351026
1766447376406,BTCUSDT,88407.54,0.01046,sell,29351027
1766447376406,BTCUSDT,88407.52,0.01227,sell,29351028
1766447376406,BTCUSDT,88407.51,0.00316,sell,29351029
1766447376406,BTCUSDT,88407.41,0.00816,sell,29351030
1766447521186,BTCUSDT,88270.31,2e-05,sell,29351031
1766447545755,BTCUSDT,88611.57,8e-05,buy,29351032
1766447765247,BTCUSDT,88606.56,0.00068,buy,29351033
1766447938075,BTCUSDT,88304.51,0.11985,sell,29351034
1766448004429,BTCUSDT,88601.69,0.00245,buy,29351035
1766448005369,BTCUSDT,88601.68,2e-05,buy,29351036
1766448290584,BTCUSDT,88358.25,6e-05,sell,29351037
1766448312166,BTCUSDT,88358.89,0.00039,sell,29351038
1766448312857,BTCUSDT,88752.8,0.00038,buy,29351039
1766448470357,BTCUSDT,88746.58,0.00112,buy,29351040
1766448485287,BTCUSDT,88746.04,0.00011,buy,29351041
1766448860501,BTCUSDT,88731.03,0.00011,buy,29351042
1766449379483,BTCUSDT,88713.69,5e-05,buy,29351043
1766449815401,BTCUSDT,88705.01,2e-05,buy,29351044
1766449925373,BTCUSDT,88702.8,0.00336,buy,29351045
1766450224091,BTCUSDT,88833.24,0.00836,buy,29351046
1766450225099,BTCUSDT,88834.53,0.01992,buy,29351047
1766450226106,BTCUSDT,88834.54,0.00305,buy,29351048
1766450227113,BTCUSDT,88839.1,6e-05,buy,29351049
1766450228120,BTCUSDT,88839.09,0.00105,buy,29351050
1766450308439,BTCUSDT,88839.1,1e-05,buy,29351051
1766450308477,BTCUSDT,88888.88,0.00023,buy,29351052
1766450329078,BTCUSDT,88888.88,2e-05,buy,29351053
1766450329286,BTCUSDT,88900.57,0.0001,buy,29351054
1766450356856,BTCUSDT,88900.56,0.04053,buy,29351055
1766450371044,BTCUSDT,88900.56,2e-05,buy,29351056
1766450380438,BTCUSDT,88900.57,0.03999,buy,29351057
1766450424959,BTCUSDT,88739.95,0.00041,sell,29351058
1766450454685,BTCUSDT,88740.11,2e-05,sell,29351059
1766450737663,BTCUSDT,88898.19,8e-05,buy,29351060
1766450774969,BTCUSDT,88580.24,6e-05,sell,29351061
1766450780369,BTCUSDT,88896.36,6e-05,buy,29351062
1766450829413,BTCUSDT,88894.35,0.00012,buy,29351063
1766451028145,BTCUSDT,88887.39,0.00036,buy,29351064
1766451076193,BTCUSDT,88886.29,0.00018,buy,29351065
1766451149611,BTCUSDT,88594.56,3e-05,sell,29351066
1766451190107,BTCUSDT,88596.73,2e-05,sell,29351067
1766451371055,BTCUSDT,88607.04,2e-05,sell,29351068
1766451483995,BTCUSDT,88878.33,2e-05,buy,29351069
1766451483995,BTCUSDT,88878.34,3e-05,buy,29351070
1766451517262,BTCUSDT,88877.6,2e-05,buy,29351071
1766451647927,BTCUSDT,88873.89,0.00168,buy,29351072
1766451647927,BTCUSDT,88873.9,0.00378,buy,29351073
1766451665352,BTCUSDT,88873.08,0.00019,buy,29351074
1766451695274,BTCUSDT,88872.03,0.00017,buy,29351075
1766451740414,BTCUSDT,88870.7,0.00034,buy,29351076
1766451740468,BTCUSDT,88870.7,0.00017,buy,29351077
1766451818275,BTCUSDT,88869.32,0.00017,buy,29351078
1766451845292,BTCUSDT,88868.8,6e-05,buy,29351079
1766451845394,BTCUSDT,88868.8,0.00011,buy,29351080
1766451850426,BTCUSDT,88869.1,0.00013,buy,29351081
1766451965316,BTCUSDT,88868.47,0.00034,buy,29351082
1766452007812,BTCUSDT,88867.91,0.00015,buy,29351083
1766452062851,BTCUSDT,88866.74,0.00011,buy,29351084
1766452095346,BTCUSDT,88865.81,7e-05,buy,29351085
1766452163052,BTCUSDT,88642.05,0.00047,sell,29351086
1766452415286,BTCUSDT,88853.1,4e-05,buy,29351087
1766452443605,BTCUSDT,88642.93,0.00032,sell,29351088
1766452475303,BTCUSDT,88850.64,6e-05,buy,29351089
1766452700216,BTCUSDT,88841.28,0.00011,buy,29351090
1766452722639,BTCUSDT,88508.62,0.00013,sell,29351091
1766452730409,BTCUSDT,88840.12,0.00112,buy,29351092
1766453255357,BTCUSDT,88819.47,0.00011,buy,29351093
1766453585344,BTCUSDT,88807.24,0.00011,buy,29351094
1766455311740,BTCUSDT,88699.49,0.00014,buy,29351095
1766455330987,BTCUSDT,88474.05,0.01558,sell,29351096
1766455330987,BTCUSDT,88474.04,0.00108,sell,29351097
1766455331994,BTCUSDT,88474.05,0.04407,sell,29351098
1766455331994,BTCUSDT,88474.04,0.00108,sell,29351099
1766455333000,BTCUSDT,88474.04,0.01069,sell,29351100
1766455333000,BTCUSDT,88474.02,0.00108,sell,29351101
1766455347011,BTCUSDT,88449.14,0.00011,sell,29351102
1766455474373,BTCUSDT,88377.19,0.00214,sell,29351103
1766455474949,BTCUSDT,88377.19,0.0082,sell,29351104
1766455474949,BTCUSDT,88376.15,0.00601,sell,29351105
1766455490369,BTCUSDT,88666.74,0.00056,buy,29351106
1766455535290,BTCUSDT,88665.04,0.00023,buy,29351107
1766455610369,BTCUSDT,88662.27,0.00073,buy,29351108
1766455697774,BTCUSDT,88659.89,0.00225,buy,29351109
1766455715351,BTCUSDT,88659.8,0.00011,buy,29351110
1766455775370,BTCUSDT,88658.57,0.00011,buy,29351111
1766455805314,BTCUSDT,88657.87,0.00011,buy,29351112
1766455865353,BTCUSDT,88655.87,0.00113,buy,29351113
1766456060474,BTCUSDT,88650.75,0.00011,buy,29351114
1766456087765,BTCUSDT,88650.2,3e-05,buy,29351115
1766456105306,BTCUSDT,88649.64,0.00011,buy,29351116
1766456211422,BTCUSDT,88647.51,0.02909,buy,29351117
1766456215939,BTCUSDT,88647.5,0.00675,buy,29351118
1766456379747,BTCUSDT,88680.99,0.01248,buy,29351119
1766456379975,BTCUSDT,88681.01,0.00413,buy,29351120
1766456825353,BTCUSDT,88829.68,0.00022,buy,29351121
1766457605354,BTCUSDT,88695.21,2e-05,buy,29351122
1766457648602,BTCUSDT,88394.69,0.01544,sell,29351123
1766457648602,BTCUSDT,88394.68,0.01416,sell,29351124
1766457648602,BTCUSDT,88394.66,0.025,sell,29351125
1766457907242,BTCUSDT,88541.28,0.00224,buy,29351126
1766457907890,BTCUSDT,88312.39,6e-05,sell,29351127
1766457943345,BTCUSDT,88312.39,1e-05,sell,29351128
1766458523077,BTCUSDT,88401.28,0.0019,buy,29351129
1766458617008,BTCUSDT,88397.53,0.0019,buy,29351130
1766458671278,BTCUSDT,88395.64,0.0019,buy,29351131
1766458714575,BTCUSDT,88394.08,0.0019,buy,29351132
1766458751483,BTCUSDT,88392.54,0.0019,buy,29351133
1766458798391,BTCUSDT,88390.3,0.0019,buy,29351134
1766458845204,BTCUSDT,88388.16,0.0019,buy,29351135
1766458876847,BTCUSDT,88386.64,2e-05,buy,29351136
1766458878966,BTCUSDT,88386.52,0.00136,buy,29351137
1766458939784,BTCUSDT,88150.95,0.00095,sell,29351138
1766459000444,BTCUSDT,88377.59,8e-05,buy,29351139
1766459090417,BTCUSDT,88325.4,0.00028,buy,29351140
1766459105807,BTCUSDT,88072.79,0.00012,sell,29351141
1766459107058,BTCUSDT,88316.71,0.00014,buy,29351142
1766459120410,BTCUSDT,88298.72,0.00011,buy,29351143
1766459207732,BTCUSDT,88010.53,0.00969,sell,29351144
1766459214164,BTCUSDT,88000.0,0.00011,sell,29351145
1766459225342,BTCUSDT,88243.96,0.00113,buy,29351146
1766459234706,BTCUSDT,87952.89,0.01142,sell,29351147
1766459235169,BTCUSDT,87952.88,0.00038,sell,29351148
1766459235714,BTCUSDT,87931.94,0.00065,sell,29351149
1766459235714,BTCUSDT,87920.14,0.00878,sell,29351150
1766459235714,BTCUSDT,87920.12,0.00307,sell,29351151
1766459235714,BTCUSDT,87878.26,0.0003,sell,29351152
1766459235714,BTCUSDT,87869.79,0.00158,sell,29351153
1766459235714,BTCUSDT,87855.21,0.00088,sell,29351154
1766459240464,BTCUSDT,88118.01,0.00014,buy,29351155
1766459243280,BTCUSDT,87855.21,1e-05,sell,29351156
1766459251826,BTCUSDT,87824.85,0.00223,sell,29351157
1766459330412,BTCUSDT,88103.81,0.00113,buy,29351158
1766459598591,BTCUSDT,88100.97,0.00358,buy,29351159
1766459598605,BTCUSDT,88100.97,0.01009,buy,29351160
1766459600320,BTCUSDT,88152.54,0.00023,buy,29351161
1766459600791,BTCUSDT,87837.6,0.00014,sell,29351162
1766459837121,BTCUSDT,88220.43,0.00233,buy,29351163
1766459849687,BTCUSDT,88220.43,0.0132,buy,29351164
1766459894126,BTCUSDT,88278.95,0.00207,buy,29351165
1766459932203,BTCUSDT,88003.47,0.0003,sell,29351166
1766460203035,BTCUSDT,88279.7,0.00093,buy,29351167
1766460552370,BTCUSDT,88274.99,0.00169,buy,29351168
1766460552370,BTCUSDT,88275.0,0.00053,buy,29351169
1766462560568,BTCUSDT,88345.16,4e-05,buy,29351170
1766462570387,BTCUSDT,88345.02,0.00017,buy,29351171
1766462585369,BTCUSDT,88344.67,0.00113,buy,29351172
1766462690395,BTCUSDT,88342.16,2e-05,buy,29351173
1766462763013,BTCUSDT,88340.41,0.0019,buy,29351174
1766462780481,BTCUSDT,88340.07,6e-05,buy,29351175
1766462855251,BTCUSDT,88338.45,0.00056,buy,29351176
1766463050468,BTCUSDT,88340.41,0.00028,buy,29351177
1766463118320,BTCUSDT,88340.16,0.00023,buy,29351178
1766463148073,BTCUSDT,88340.42,6e-05,buy,29351179
1766463215289,BTCUSDT,88346.57,0.00011,buy,29351180
1766463240969,BTCUSDT,88346.33,0.00011,buy,29351181
1766463635847,BTCUSDT,88342.33,6e-05,buy,29351182
1766463636073,BTCUSDT,88342.33,0.00109,buy,29351183
1766463713878,BTCUSDT,88341.48,3e-05,buy,29351184
1766464115288,BTCUSDT,88338.81,2e-05,buy,29351185
1766464205278,BTCUSDT,88337.92,2e-05,buy,29351186
1766464400417,BTCUSDT,88333.77,2e-05,buy,29351187
1766464400652,BTCUSDT,88333.77,0.03969,buy,29351188
1766464562312,BTCUSDT,88330.24,0.00023,buy,29351189
1766464562960,BTCUSDT,87983.72,0.01127,sell,29351190
1766464563577,BTCUSDT,88330.22,0.00014,buy,29351191
1766464569362,BTCUSDT,87983.75,4e-05,sell,29351192
1766464569362,BTCUSDT,87983.74,0.0001,sell,29351193
1766464638718,BTCUSDT,87986.18,0.00032,sell,29351194
1766464774337,BTCUSDT,87989.39,0.00035,sell,29351195
1766465111859,BTCUSDT,88317.59,8e-05,buy,29351196
1766465140043,BTCUSDT,87995.27,4e-05,sell,29351197
1766465363606,BTCUSDT,88312.54,2e-05,buy,29351198
1766465448776,BTCUSDT,88310.91,0.00011,buy,29351199
1766465849879,BTCUSDT,87988.78,0.00083,sell,29351200
1766466035305,BTCUSDT,88248.71,6e-05,buy,29351201
1766466106646,BTCUSDT,88247.06,0.00424,buy,29351202
1766466110410,BTCUSDT,88246.99,0.00017,buy,29351203
1766466131940,BTCUSDT,88246.47,0.00424,buy,29351204
1766466150843,BTCUSDT,88246.08,0.00424,buy,29351205
1766466179446,BTCUSDT,88245.23,0.00424,buy,29351206
1766466198442,BTCUSDT,88225.85,0.00424,buy,29351207
1766466200439,BTCUSDT,88225.81,0.00011,buy,29351208
1766466246773,BTCUSDT,88224.42,0.00424,buy,29351209
1766466277490,BTCUSDT,88196.83,0.0012,buy,29351210
1766466279745,BTCUSDT,88196.75,0.00424,buy,29351211
1766466289753,BTCUSDT,88196.48,0.00397,buy,29351212
1766466290412,BTCUSDT,88196.44,0.00113,buy,29351213
1766466304780,BTCUSDT,88196.1,0.00397,buy,29351214
1766466330910,BTCUSDT,88195.26,0.0001,buy,29351215
1766466429694,BTCUSDT,87900.01,0.0148,sell,29351216
1766466430705,BTCUSDT,87900.0,0.08033,sell,29351217
1766466431711,BTCUSDT,87900.0,1e-05,sell,29351218
1766466474513,BTCUSDT,87900.01,0.00865,sell,29351219
1766466650473,BTCUSDT,88117.86,6e-05,buy,29351220
1766466694641,BTCUSDT,88116.89,0.0002,buy,29351221
1766466978357,BTCUSDT,87900.0,0.0001,sell,29351222
1766467030457,BTCUSDT,87900.04,0.0003,sell,29351223
1766467081361,BTCUSDT,88107.9,0.0006,buy,29351224
1766467083113,BTCUSDT,87900.49,0.0003,sell,29351225
1766467135098,BTCUSDT,87901.04,0.0003,sell,29351226
1766467187769,BTCUSDT,87901.61,0.0003,sell,29351227
1766467240452,BTCUSDT,87902.18,0.0003,sell,29351228
1766467263542,BTCUSDT,88104.42,0.00174,buy,29351229
1766467293217,BTCUSDT,87902.85,0.0003,sell,29351230
1766467293501,BTCUSDT,88103.84,0.00014,buy,29351231
1766467345529,BTCUSDT,87903.44,0.0003,sell,29351232
1766467397459,BTCUSDT,87904.09,0.0003,sell,29351233
1766467490291,BTCUSDT,87905.65,0.00063,sell,29351234
1766467790410,BTCUSDT,88097.4,0.00113,buy,29351235
1766467888132,BTCUSDT,88095.53,0.06243,buy,29351236
1766467943746,BTCUSDT,87825.11,0.0001,sell,29351237
1766467983078,BTCUSDT,87825.15,0.00341,sell,29351238
1766467983078,BTCUSDT,87824.92,0.01207,sell,29351239
1766467983369,BTCUSDT,87824.73,0.0004,sell,29351240
1766467983369,BTCUSDT,87800.0,0.02386,sell,29351241
1766467983377,BTCUSDT,87800.0,0.58117,sell,29351242
1766467983385,BTCUSDT,87800.0,0.00032,sell,29351243
1766467983461,BTCUSDT,87800.0,0.00052,sell,29351244
1766467983821,BTCUSDT,87800.01,0.02108,sell,29351245
1766467983821,BTCUSDT,87800.0,0.01437,sell,29351246
1766467983822,BTCUSDT,87800.0,0.00032,sell,29351247
1766467983962,BTCUSDT,87800.0,0.012,sell,29351248
1766467984795,BTCUSDT,87800.0,0.03105,sell,29351249
1766467985027,BTCUSDT,87800.0,0.02795,sell,29351250
1766467988501,BTCUSDT,87800.01,0.00292,sell,29351251
1766467989507,BTCUSDT,87800.0,0.01367,sell,29351252
1766467989507,BTCUSDT,87785.71,0.00025,sell,29351253
1766467989507,BTCUSDT,87785.68,7e-05,sell,29351254
1766467989507,BTCUSDT,87784.33,0.00085,sell,29351255
1766467989507,BTCUSDT,87777.99,0.00774,sell,29351256
1766467991625,BTCUSDT,87750.0,0.00072,sell,29351257
1766467995411,BTCUSDT,88021.67,0.00014,buy,29351258
1766468046207,BTCUSDT,87739.9,0.00018,sell,29351259
1766468076372,BTCUSDT,87960.33,0.0003,buy,29351260
1766468092568,BTCUSDT,87682.68,0.00029,sell,29351261
1766468166240,BTCUSDT,87929.32,0.00011,buy,29351262
1766468180240,BTCUSDT,87682.69,0.0003,sell,29351263
1766468286051,BTCUSDT,87683.66,7e-05,sell,29351264
1766468292438,BTCUSDT,87926.05,0.00011,buy,29351265
1766468356377,BTCUSDT,87748.9,0.00024,sell,29351266
1766468390437,BTCUSDT,87923.59,0.00023,buy,29351267
1766468405442,BTCUSDT,87749.01,0.00156,sell,29351268
1766468406113,BTCUSDT,87923.21,0.0003,buy,29351269
1766468444312,BTCUSDT,87922.29,9e-05,buy,29351270
1766468543861,BTCUSDT,87920.12,6e-05,buy,29351271
1766468548332,BTCUSDT,87920.02,0.00011,buy,29351272
1766468660902,BTCUSDT,87917.75,0.00073,buy,29351273
1766468863651,BTCUSDT,87913.24,2e-05,buy,29351274
1766468906680,BTCUSDT,87682.68,1e-05,sell,29351275
1766469013764,BTCUSDT,87909.23,0.0003,buy,29351276
1766469065397,BTCUSDT,87732.19,9e-05,sell,29351277
1766469065397,BTCUSDT,87655.11,0.00021,sell,29351278
1766469307883,BTCUSDT,87904.85,5e-05,buy,29351279
1766469610029,BTCUSDT,87685.18,0.00065,sell,29351280
1766469692546,BTCUSDT,87898.72,0.0003,buy,29351281
1766469692842,BTCUSDT,87898.72,0.0003,buy,29351282
1766469799903,BTCUSDT,87895.91,0.00012,buy,29351283
1766469818772,BTCUSDT,87895.46,0.00045,buy,29351284
1766469919494,BTCUSDT,87893.2,0.0011,buy,29351285
1766470329317,BTCUSDT,87884.73,6e-05,buy,29351286
1766470371695,BTCUSDT,87683.84,0.0003,sell,29351287
1766470388792,BTCUSDT,87683.84,0.00554,sell,29351288
1766470400473,BTCUSDT,87883.06,3e-05,buy,29351289
1766470403145,BTCUSDT,87654.33,0.00058,sell,29351290
1766470403145,BTCUSDT,87654.32,0.00025,sell,29351291
1766470405415,BTCUSDT,87645.65,0.0255,sell,29351292
1766470413541,BTCUSDT,87645.64,7e-05,sell,29351293
1766470415287,BTCUSDT,87882.64,0.00011,buy,29351294
1766470415851,BTCUSDT,87630.46,0.00041,sell,29351295
1766470416275,BTCUSDT,87630.45,0.00055,sell,29351296
1766470416857,BTCUSDT,87630.45,0.00075,sell,29351297
1766470416857,BTCUSDT,87618.6,0.00026,sell,29351298
1766470417349,BTCUSDT,87560.92,0.00018,sell,29351299
1766470417863,BTCUSDT,87560.92,0.00018,sell,29351300
1766470417863,BTCUSDT,87545.18,0.00013,sell,29351301
1766470417863,BTCUSDT,87544.83,3e-05,sell,29351302
1766470417863,BTCUSDT,87513.02,0.00114,sell,29351303
1766470424938,BTCUSDT,87812.37,0.0003,buy,29351304
1766470515555,BTCUSDT,87802.99,0.00223,buy,29351305
1766470645581,BTCUSDT,87466.45,0.00308,sell,29351306
1766470652263,BTCUSDT,87444.31,0.00065,sell,29351307
1766470660163,BTCUSDT,87416.89,0.00457,sell,29351308
1766470660163,BTCUSDT,87416.88,0.00038,sell,29351309
1766470663545,BTCUSDT,87718.12,0.00098,buy,29351310
1766470670146,BTCUSDT,87415.99,0.0005,sell,29351311
1766470671152,BTCUSDT,87347.49,0.00113,sell,29351312
1766470671152,BTCUSDT,87347.47,0.00028,sell,29351313
1766470672159,BTCUSDT,87328.96,0.00189,sell,29351314
1766470672159,BTCUSDT,87289.33,0.00018,sell,29351315
1766470677311,BTCUSDT,87263.32,0.00223,sell,29351316
1766470697398,BTCUSDT,87263.29,0.00029,sell,29351317
1766470697398,BTCUSDT,87263.0,2e-05,sell,29351318
1766470700171,BTCUSDT,87549.81,0.00014,buy,29351319
1766470701923,BTCUSDT,87549.75,0.00014,buy,29351320
1766470746596,BTCUSDT,87258.96,6e-05,sell,29351321
1766470748603,BTCUSDT,87258.96,1e-05,sell,29351322
1766470748603,BTCUSDT,87253.49,0.00371,sell,29351323
1766470750627,BTCUSDT,87244.57,0.00029,sell,29351324
1766470751633,BTCUSDT,87244.58,0.00099,sell,29351325
1766470751633,BTCUSDT,87244.57,1e-05,sell,29351326
1766470751633,BTCUSDT,87222.79,0.00089,sell,29351327
1766470754331,BTCUSDT,87509.08,0.00126,buy,29351328
1766470824306,BTCUSDT,87506.79,0.00011,buy,29351329
1766470910293,BTCUSDT,87504.62,0.00011,buy,29351330
1766470965968,BTCUSDT,87209.16,0.0023,sell,29351331
1766470981666,BTCUSDT,87209.17,0.0023,sell,29351332
1766470987675,BTCUSDT,87207.53,0.00099,sell,29351333
1766470988681,BTCUSDT,87207.52,0.00158,sell,29351334
1766471141204,BTCUSDT,87182.68,0.00574,sell,29351335
1766471142210,BTCUSDT,87182.29,0.00026,sell,29351336
1766471142212,BTCUSDT,87163.68,0.00052,sell,29351337
1766471142212,BTCUSDT,87142.86,0.00025,sell,29351338
1766471143802,BTCUSDT,87130.85,0.00085,sell,29351339
1766471202949,BTCUSDT,87354.03,0.00011,buy,29351340
1766471421870,BTCUSDT,87079.46,0.00166,sell,29351341
1766471719696,BTCUSDT,87086.64,6e-05,sell,29351342
1766471992209,BTCUSDT,87340.21,6e-05,buy,29351343
1766472195718,BTCUSDT,87345.48,0.02357,buy,29351344
1766472620876,BTCUSDT,87346.85,0.01274,buy,29351345
1766472621098,BTCUSDT,87346.85,0.01475,buy,29351346
1766473259341,BTCUSDT,87480.34,0.00098,buy,29351347
1766473265369,BTCUSDT,87480.31,0.00011,buy,29351348
1766473370360,BTCUSDT,87479.77,6e-05,buy,29351349
1766473403610,BTCUSDT,87479.56,0.00014,buy,29351350
1766473404094,BTCUSDT,87479.55,0.00014,buy,29351351
1766473470514,BTCUSDT,87279.77,0.00128,sell,29351352
1766473895308,BTCUSDT,87606.8,0.00011,buy,29351353
1766473955313,BTCUSDT,87605.44,0.00011,buy,29351354
1766475231275,BTCUSDT,87610.9,0.00011,buy,29351355
1766475311399,BTCUSDT,87412.34,0.00011,sell,29351356
1766475365319,BTCUSDT,87610.84,0.0135,buy,29351357
1766475365319,BTCUSDT,87610.91,0.02379,buy,29351358
1766475365319,BTCUSDT,87616.3,0.00827,buy,29351359
1766475535404,BTCUSDT,87614.24,8e-05,buy,29351360
1766475579300,BTCUSDT,87613.77,5e-05,buy,29351361
1766476107563,BTCUSDT,87607.55,0.00078,buy,29351362
1766476108872,BTCUSDT,87607.55,0.00014,buy,29351363
1766476109436,BTCUSDT,87607.53,0.00014,buy,29351364
1766476250403,BTCUSDT,87606.35,0.00342,buy,29351365
1766476268241,BTCUSDT,87606.34,0.01281,buy,29351366
1766476361156,BTCUSDT,87652.54,0.00017,buy,29351367
1766476380238,BTCUSDT,87652.54,0.00951,buy,29351368
1766476381362,BTCUSDT,87652.55,0.02679,buy,29351369
1766476436479,BTCUSDT,87652.55,2e-05,buy,29351370
1766476876510,BTCUSDT,87528.0,0.00467,sell,29351371
1766476940322,BTCUSDT,87707.32,0.00023,buy,29351372
1766476948485,BTCUSDT,87528.3,0.00033,sell,29351373
1766476970476,BTCUSDT,87706.77,0.0001,buy,29351374
1766476970476,BTCUSDT,87706.78,0.00024,buy,29351375
1766477075720,BTCUSDT,87510.47,0.0003,sell,29351376
1766477121125,BTCUSDT,87703.61,0.00031,buy,29351377
1766477128188,BTCUSDT,87703.47,0.0003,buy,29351378
1766477165307,BTCUSDT,87702.83,6e-05,buy,29351379
1766477171861,BTCUSDT,87511.14,0.0003,sell,29351380
1766477285380,BTCUSDT,87701.07,6e-05,buy,29351381
1766477510452,BTCUSDT,87698.38,0.00057,buy,29351382
1766477630381,BTCUSDT,87696.07,0.00028,buy,29351383
1766477690343,BTCUSDT,87694.79,6e-05,buy,29351384
1766477919732,BTCUSDT,87698.52,0.0003,buy,29351385
1766477972441,BTCUSDT,87698.18,0.0003,buy,29351386
1766478025829,BTCUSDT,87697.45,0.0003,buy,29351387
1766478078797,BTCUSDT,87696.74,0.0003,buy,29351388
1766478132712,BTCUSDT,87695.65,0.0003,buy,29351389
1766478185493,BTCUSDT,87694.54,0.0003,buy,29351390
1766478620011,BTCUSDT,87697.26,0.00016,buy,29351391
1766478661809,BTCUSDT,87532.9,0.0003,sell,29351392
1766478714223,BTCUSDT,87696.48,0.0003,buy,29351393
1766479340607,BTCUSDT,87543.35,6e-05,sell,29351394
1766479623394,BTCUSDT,87513.16,0.00382,sell,29351395
1766479624399,BTCUSDT,87510.45,0.06414,sell,29351396
1766479909376,BTCUSDT,87510.45,0.0137,sell,29351397
1766479909376,BTCUSDT,87510.44,0.00022,sell,29351398
1766480258767,BTCUSDT,87433.44,2e-05,sell,29351399
1766480269356,BTCUSDT,87679.24,0.00031,buy,29351400
1766480290091,BTCUSDT,87433.93,0.00031,sell,29351401
1766480290820,BTCUSDT,87678.8,0.0003,buy,29351402
1766480311518,BTCUSDT,87434.01,0.0003,sell,29351403
1766480312185,BTCUSDT,87678.43,0.0003,buy,29351404
1766480333143,BTCUSDT,87434.03,0.0003,sell,29351405
1766480333814,BTCUSDT,87678.02,0.0003,buy,29351406
1766480354483,BTCUSDT,87434.09,0.0003,sell,29351407
1766480355152,BTCUSDT,87677.5,0.0003,buy,29351408
1766480375830,BTCUSDT,87434.26,0.0003,sell,29351409
1766480376492,BTCUSDT,87677.07,0.00029,buy,29351410
1766480376492,BTCUSDT,87677.08,1e-05,buy,29351411
1766480397154,BTCUSDT,87434.44,0.00029,sell,29351412
1766480397813,BTCUSDT,87676.56,0.00029,buy,29351413
1766480397813,BTCUSDT,87676.57,1e-05,buy,29351414
1766480418477,BTCUSDT,87434.62,0.0003,sell,29351415
1766480419175,BTCUSDT,87676.14,0.0003,buy,29351416
1766480439848,BTCUSDT,87434.98,0.0003,sell,29351417
1766480440518,BTCUSDT,87675.32,0.0003,buy,29351418
1766480461187,BTCUSDT,87435.36,0.0003,sell,29351419
1766480461856,BTCUSDT,87674.36,0.0003,buy,29351420
1766480482515,BTCUSDT,87435.63,0.0003,sell,29351421
1766480483186,BTCUSDT,87673.71,0.0003,buy,29351422
1766480503880,BTCUSDT,87436.28,0.00029,sell,29351423
1766480504560,BTCUSDT,87672.97,0.0003,buy,29351424
1766480525242,BTCUSDT,87437.08,0.0003,sell,29351425
1766480525919,BTCUSDT,87672.37,0.0003,buy,29351426
1766480546598,BTCUSDT,87437.35,0.0003,sell,29351427
1766480547272,BTCUSDT,87671.61,0.00029,buy,29351428
1766480555317,BTCUSDT,87671.29,0.00023,buy,29351429
1766480567937,BTCUSDT,87437.9,0.00029,sell,29351430
1766480568602,BTCUSDT,87670.83,0.00029,buy,29351431
1766480589269,BTCUSDT,87438.96,0.00029,sell,29351432
1766480589927,BTCUSDT,87670.3,0.00029,buy,29351433
1766480610602,BTCUSDT,87440.24,0.00029,sell,29351434
1766480611279,BTCUSDT,87669.64,0.00029,buy,29351435
1766480631936,BTCUSDT,87440.7,0.00028,sell,29351436
1766480632602,BTCUSDT,87668.98,0.00029,buy,29351437
1766480653275,BTCUSDT,87441.43,0.00029,sell,29351438
1766480653946,BTCUSDT,87668.23,0.00029,buy,29351439
1766480674626,BTCUSDT,87441.91,0.00029,sell,29351440
1766480675305,BTCUSDT,87667.56,0.00029,buy,29351441
1766480695975,BTCUSDT,87442.35,0.00029,sell,29351442
1766480696650,BTCUSDT,87666.98,0.00029,buy,29351443
1766480717326,BTCUSDT,87442.72,0.00029,sell,29351444
1766480717997,BTCUSDT,87666.4,0.00029,buy,29351445
1766480738656,BTCUSDT,87443.1,0.00029,sell,29351446
1766480739323,BTCUSDT,87665.78,0.00029,buy,29351447
1766480759996,BTCUSDT,87443.58,0.00028,sell,29351448
1766480760706,BTCUSDT,87665.17,0.00029,buy,29351449
1766480781378,BTCUSDT,87444.11,0.00029,sell,29351450
1766480782050,BTCUSDT,87664.68,0.00029,buy,29351451
1766480802721,BTCUSDT,87444.76,0.00029,sell,29351452
1766480803397,BTCUSDT,87664.19,0.00028,buy,29351453
1766480824081,BTCUSDT,87445.41,0.00028,sell,29351454
1766480824762,BTCUSDT,87663.76,0.00027,buy,29351455
1766480824762,BTCUSDT,87663.77,1e-05,buy,29351456
1766480845475,BTCUSDT,87445.91,0.00028,sell,29351457
1766480846138,BTCUSDT,87663.46,0.00028,buy,29351458
1766480870379,BTCUSDT,87662.91,0.00114,buy,29351459
1766480896796,BTCUSDT,87446.87,0.00028,sell,29351460
1766480897460,BTCUSDT,87662.16,0.00028,buy,29351461
1766480900472,BTCUSDT,87662.12,0.00011,buy,29351462
1766480948119,BTCUSDT,87448.04,0.00027,sell,29351463
1766480948793,BTCUSDT,87660.77,0.00028,buy,29351464
1766480999456,BTCUSDT,87449.69,0.00028,sell,29351465
1766481000132,BTCUSDT,87659.45,0.00028,buy,29351466
1766481050813,BTCUSDT,87451.6,0.00028,sell,29351467
1766481051474,BTCUSDT,87657.93,0.00028,buy,29351468
1766481102172,BTCUSDT,87453.04,0.00028,sell,29351469
1766481102842,BTCUSDT,87656.53,0.00028,buy,29351470
1766481153519,BTCUSDT,87454.33,0.00028,sell,29351471
1766481154174,BTCUSDT,87655.18,0.00028,buy,29351472
1766481204844,BTCUSDT,87455.79,0.00028,sell,29351473
1766481467160,BTCUSDT,87646.49,0.00256,buy,29351474
1766482089583,BTCUSDT,87623.12,5e-05,buy,29351475
1766482884075,BTCUSDT,87577.42,0.00017,buy,29351476
1766482986270,BTCUSDT,87258.74,0.00022,sell,29351477
1766482992431,BTCUSDT,87573.48,0.00028,buy,29351478
1766483013119,BTCUSDT,87260.46,0.00027,sell,29351479
1766483013796,BTCUSDT,87572.97,0.00028,buy,29351480
1766483034466,BTCUSDT,87261.77,0.00028,sell,29351481
1766483035169,BTCUSDT,87572.35,0.00028,buy,29351482
1766483055835,BTCUSDT,87263.28,0.00028,sell,29351483
1766483056502,BTCUSDT,87571.72,0.00028,buy,29351484
1766483077164,BTCUSDT,87264.57,0.00028,sell,29351485
1766483077828,BTCUSDT,87571.27,0.00027,buy,29351486
1766483098490,BTCUSDT,87265.99,0.00027,sell,29351487
1766483099143,BTCUSDT,87570.77,0.00027,buy,29351488
1766483119832,BTCUSDT,87267.34,0.00027,sell,29351489
1766483120510,BTCUSDT,87570.22,0.00027,buy,29351490
1766483141177,BTCUSDT,87268.75,0.00026,sell,29351491
1766483141840,BTCUSDT,87569.65,0.00027,buy,29351492
1766483153109,BTCUSDT,87569.39,0.00023,buy,29351493
1766483162511,BTCUSDT,87270.13,0.00027,sell,29351494
1766483163181,BTCUSDT,87569.13,0.00027,buy,29351495
1766483183870,BTCUSDT,87271.52,0.00027,sell,29351496
1766483184557,BTCUSDT,87568.55,0.00027,buy,29351497
1766483205241,BTCUSDT,87273.04,0.00027,sell,29351498
1766483205911,BTCUSDT,87568.24,0.00027,buy,29351499
1766483226587,BTCUSDT,87274.43,0.00027,sell,29351500
1766483227261,BTCUSDT,87567.71,0.00027,buy,29351501
1766483247919,BTCUSDT,87275.79,0.00027,sell,29351502
1766483248569,BTCUSDT,87567.32,0.00027,buy,29351503
1766483269247,BTCUSDT,87277.18,0.00026,sell,29351504
1766483269914,BTCUSDT,87566.7,0.00027,buy,29351505
1766483290590,BTCUSDT,87278.51,0.00027,sell,29351506
1766483291259,BTCUSDT,87566.01,0.00027,buy,29351507
1766483311918,BTCUSDT,87279.97,0.00027,sell,29351508
1766483312580,BTCUSDT,87565.58,0.00027,buy,29351509
1766483333238,BTCUSDT,87281.16,0.00027,sell,29351510
1766483333911,BTCUSDT,87565.07,0.00026,buy,29351511
1766483354580,BTCUSDT,87282.39,0.00026,sell,29351512
1766483355251,BTCUSDT,87564.49,0.00026,buy,29351513
1766483375913,BTCUSDT,87283.72,0.00026,sell,29351514
1766483376601,BTCUSDT,87564.05,0.00026,buy,29351515
1766483397283,BTCUSDT,87284.86,0.00025,sell,29351516
1766483397951,BTCUSDT,87563.55,0.00026,buy,29351517
1766483418623,BTCUSDT,87286.09,0.00026,sell,29351518
1766483419308,BTCUSDT,87563.02,0.00026,buy,29351519
1766483439984,BTCUSDT,87287.25,0.00026,sell,29351520
1766483440673,BTCUSDT,87562.6,0.00026,buy,29351521
1766483461357,BTCUSDT,87288.5,0.00026,sell,29351522
1766483462015,BTCUSDT,87562.12,0.00026,buy,29351523
1766483482676,BTCUSDT,87289.79,0.00026,sell,29351524
1766483483331,BTCUSDT,87561.79,0.00026,buy,29351525
1766483504002,BTCUSDT,87291.18,0.00026,sell,29351526
1766483504666,BTCUSDT,87561.41,0.00026,buy,29351527
1766483525337,BTCUSDT,87292.53,0.00024,sell,29351528
1766483525337,BTCUSDT,87292.52,1e-05,sell,29351529
1766483525996,BTCUSDT,87561.01,0.00026,buy,29351530
1766483546657,BTCUSDT,87293.97,0.00026,sell,29351531
1766483547342,BTCUSDT,87560.57,0.00026,buy,29351532
1766483559618,BTCUSDT,87560.43,0.00043,buy,29351533
1766483568008,BTCUSDT,87295.3,0.00026,sell,29351534
1766483568667,BTCUSDT,87560.24,0.00026,buy,29351535
1766483584848,BTCUSDT,87559.94,0.00059,buy,29351536
1766483589354,BTCUSDT,87296.65,0.00026,sell,29351537
1766483590020,BTCUSDT,87559.8,0.00025,buy,29351538
1766483610688,BTCUSDT,87298.07,0.00025,sell,29351539
1766483611358,BTCUSDT,87559.42,0.00025,buy,29351540
1766483632021,BTCUSDT,87299.42,0.00025,sell,29351541
1766483632688,BTCUSDT,87559.01,0.00025,buy,29351542
1766483653357,BTCUSDT,87300.72,0.00025,sell,29351543
1766483654041,BTCUSDT,87558.43,0.00025,buy,29351544
1766483674726,BTCUSDT,87302.18,0.00024,sell,29351545
1766483675385,BTCUSDT,87558.02,0.00025,buy,29351546
1766483696044,BTCUSDT,87303.62,0.00025,sell,29351547
1766483696736,BTCUSDT,87557.6,0.00025,buy,29351548
1766483717422,BTCUSDT,87305.06,0.00025,sell,29351549
1766483718085,BTCUSDT,87557.18,0.00025,buy,29351550
1766483738749,BTCUSDT,87306.4,0.00025,sell,29351551
1766483739419,BTCUSDT,87556.65,0.00025,buy,29351552
1766483760097,BTCUSDT,87307.77,0.00025,sell,29351553
1766483760782,BTCUSDT,87556.36,0.00025,buy,29351554
1766483781445,BTCUSDT,87309.24,0.00025,sell,29351555
1766483782112,BTCUSDT,87556.42,0.00025,buy,29351556
1766483802780,BTCUSDT,87310.77,0.00025,sell,29351557
1766483803441,BTCUSDT,87556.37,0.00025,buy,29351558
1766483824102,BTCUSDT,87312.31,0.00024,sell,29351559
1766483824767,BTCUSDT,87556.31,0.00025,buy,29351560
1766483845429,BTCUSDT,87313.89,0.00025,sell,29351561
1766483846090,BTCUSDT,87556.29,0.00025,buy,29351562
1766483866746,BTCUSDT,87315.43,0.00025,sell,29351563
1766483867423,BTCUSDT,87597.2,0.00025,buy,29351564
1766483888095,BTCUSDT,87316.79,0.00025,sell,29351565
1766483888766,BTCUSDT,87596.73,0.00024,buy,29351566
1766483909454,BTCUSDT,87318.2,0.00024,sell,29351567
1766483910135,BTCUSDT,87596.08,0.00024,buy,29351568
1766483930804,BTCUSDT,87319.65,0.00024,sell,29351569
1766483931474,BTCUSDT,87595.57,0.00024,buy,29351570
1766483952136,BTCUSDT,87321.31,0.00023,sell,29351571
1766483952799,BTCUSDT,87595.29,0.00024,buy,29351572
1766483973466,BTCUSDT,87322.88,0.00024,sell,29351573
1766483974132,BTCUSDT,87594.88,0.00024,buy,29351574
1766483994803,BTCUSDT,87324.53,0.00024,sell,29351575
1766483995478,BTCUSDT,87594.46,0.00024,buy,29351576
1766484016158,BTCUSDT,87326.01,0.00024,sell,29351577
1766484016830,BTCUSDT,87593.91,0.00024,buy,29351578
1766484037496,BTCUSDT,87327.48,0.00024,sell,29351579
1766484038189,BTCUSDT,87593.36,0.00024,buy,29351580
1766484050391,BTCUSDT,87593.12,0.00114,buy,29351581
1766484058864,BTCUSDT,87328.65,0.00024,sell,29351582
1766484059530,BTCUSDT,87592.94,0.00024,buy,29351583
1766484080197,BTCUSDT,87330.15,0.00024,sell,29351584
1766484080884,BTCUSDT,87592.42,0.00024,buy,29351585
1766484101564,BTCUSDT,87331.64,0.00023,sell,29351586
1766484102240,BTCUSDT,87592.05,0.00024,buy,29351587
1766484122908,BTCUSDT,87333.2,0.00024,sell,29351588
1766484123595,BTCUSDT,87594.55,0.00024,buy,29351589
1766484144272,BTCUSDT,87334.64,0.00024,sell,29351590
1766484144938,BTCUSDT,87594.25,0.00024,buy,29351591
1766484155342,BTCUSDT,87594.18,0.00011,buy,29351592
1766484165624,BTCUSDT,87335.72,0.00024,sell,29351593
1766484166309,BTCUSDT,87594.16,0.00024,buy,29351594
1766484186972,BTCUSDT,87336.73,0.00024,sell,29351595
1766484187633,BTCUSDT,87594.15,0.00023,buy,29351596
1766484208311,BTCUSDT,87337.83,0.00023,sell,29351597
1766484209006,BTCUSDT,87614.3,0.00023,buy,29351598
1766484229705,BTCUSDT,87338.82,0.00023,sell,29351599
1766484230373,BTCUSDT,87614.18,0.00023,buy,29351600
1766484251043,BTCUSDT,87340.01,0.00022,sell,29351601
1766484251716,BTCUSDT,87613.99,0.00023,buy,29351602
1766484272576,BTCUSDT,87341.25,0.00023,sell,29351603
1766484273243,BTCUSDT,87613.9,0.00023,buy,29351604
1766484293924,BTCUSDT,87342.7,0.00023,sell,29351605
1766484294670,BTCUSDT,87614.29,0.00023,buy,29351606
1766484315400,BTCUSDT,87344.25,0.00023,sell,29351607
1766484316165,BTCUSDT,87616.67,0.00023,buy,29351608
1766484336872,BTCUSDT,87345.86,0.00023,sell,29351609
1766484337534,BTCUSDT,87616.67,0.00023,buy,29351610
1766484358184,BTCUSDT,87347.4,0.00023,sell,29351611
1766484358838,BTCUSDT,87616.67,0.00023,buy,29351612
1766484379498,BTCUSDT,87349.08,0.00023,sell,29351613
1766484380157,BTCUSDT,87616.48,0.00023,buy,29351614
1766484400819,BTCUSDT,87350.51,0.00023,sell,29351615
1766484401470,BTCUSDT,87615.83,0.00023,buy,29351616
1766484440417,BTCUSDT,87615.04,6e-05,buy,29351617
1766484519000,BTCUSDT,87613.56,0.00029,buy,29351618
1766484629428,BTCUSDT,87610.91,0.0003,buy,29351619
1766484643266,BTCUSDT,87366.76,0.00043,sell,29351620
1766484819797,BTCUSDT,87606.69,0.00017,buy,29351621
1766485047084,BTCUSDT,87601.93,4e-05,buy,29351622
1766485426977,BTCUSDT,87594.21,0.01028,buy,29351623
1766485980866,BTCUSDT,87710.48,0.00026,buy,29351624
1766486130415,BTCUSDT,87702.39,0.0001,buy,29351625
1766487064472,BTCUSDT,87680.99,0.00084,buy,29351626
1766487126883,BTCUSDT,87680.2,0.00026,buy,29351627
1766487328291,BTCUSDT,87492.3,0.00016,sell,29351628
1766488085318,BTCUSDT,87683.82,6e-05,buy,29351629
1766488318679,BTCUSDT,87683.79,4e-05,buy,29351630
1766488490437,BTCUSDT,87683.79,8e-05,buy,29351631
1766488788495,BTCUSDT,87778.84,2e-05,buy,29351632
1766488789536,BTCUSDT,87785.68,6e-05,buy,29351633
1766488793638,BTCUSDT,87785.68,1e-05,buy,29351634
1766488793638,BTCUSDT,87785.71,0.00025,buy,29351635
1766488939710,BTCUSDT,87907.23,0.00066,buy,29351636
1766488943123,BTCUSDT,87561.59,0.00014,sell,29351637
1766488951212,BTCUSDT,87602.6,2e-05,sell,29351638
1766489158574,BTCUSDT,87653.28,3e-05,sell,29351639
1766489405312,BTCUSDT,87890.84,2e-05,buy,29351640
1766489405312,BTCUSDT,87890.85,0.00032,buy,29351641
1766490285383,BTCUSDT,87857.74,2e-05,buy,29351642
1766490307470,BTCUSDT,87857.05,0.00017,buy,29351643
1766490320816,BTCUSDT,87856.77,0.00017,buy,29351644
1766491108845,BTCUSDT,87715.06,6e-05,sell,29351645
1766491148773,BTCUSDT,87857.07,0.00358,buy,29351646
1766491148773,BTCUSDT,87857.08,0.00055,buy,29351647
1766491240314,BTCUSDT,87871.46,0.00014,buy,29351648
1766491280415,BTCUSDT,87870.21,2e-05,buy,29351649
1766491340421,BTCUSDT,87868.47,0.00028,buy,29351650
1766491349185,BTCUSDT,87722.47,0.0017,sell,29351651
1766491349185,BTCUSDT,87722.46,0.01096,sell,29351652
1766491349185,BTCUSDT,87722.42,0.01177,sell,29351653
1766491349245,BTCUSDT,87722.42,0.00335,sell,29351654
1766491349245,BTCUSDT,87722.4,0.02077,sell,29351655
1766491430470,BTCUSDT,87865.6,0.00091,buy,29351656
1766491475317,BTCUSDT,87863.85,0.00011,buy,29351657
1766491595319,BTCUSDT,87860.6,0.00011,buy,29351658
1766491756705,BTCUSDT,87863.21,0.00322,buy,29351659
1766491768496,BTCUSDT,87863.21,0.00902,buy,29351660
1766491805352,BTCUSDT,87926.94,6e-05,buy,29351661
1766491805409,BTCUSDT,87926.94,6e-05,buy,29351662
1766491912776,BTCUSDT,87920.75,0.00034,sell,29351663
1766491970422,BTCUSDT,87923.5,6e-05,buy,29351664
1766492166474,BTCUSDT,87921.28,0.00016,buy,29351665
1766492274614,BTCUSDT,87686.18,0.00171,sell,29351666
1766492274614,BTCUSDT,87686.17,0.03412,sell,29351667
1766492274624,BTCUSDT,87686.17,0.02126,sell,29351668
1766492274624,BTCUSDT,87685.91,0.00525,sell,29351669
1766492274624,BTCUSDT,87685.87,0.00543,sell,29351670
1766492276792,BTCUSDT,87685.88,0.00171,sell,29351671
1766492276792,BTCUSDT,87685.87,0.00736,sell,29351672
1766492276792,BTCUSDT,87685.86,0.01312,sell,29351673
1766492276792,BTCUSDT,87685.81,0.00172,sell,29351674
1766492276818,BTCUSDT,87685.81,0.00873,sell,29351675
1766492312204,BTCUSDT,87673.63,0.00171,sell,29351676
1766492312204,BTCUSDT,87673.62,0.02455,sell,29351677
1766492314107,BTCUSDT,87673.55,0.00858,sell,29351678
1766492316598,BTCUSDT,87663.7,0.0009,sell,29351679
1766492418769,BTCUSDT,87664.59,0.00039,sell,29351680
1766492435351,BTCUSDT,87908.91,0.00113,buy,29351681
1766492456019,BTCUSDT,87777.0,0.005,sell,29351682
1766492488509,BTCUSDT,87700.0,0.005,sell,29351683
1766492510684,BTCUSDT,87665.11,0.00928,sell,29351684
1766493225555,BTCUSDT,87522.47,5e-05,sell,29351685
1766493723941,BTCUSDT,87887.23,0.00234,buy,29351686
1766493878233,BTCUSDT,87887.18,0.00017,buy,29351687
1766493890812,BTCUSDT,87626.85,0.00028,sell,29351688
1766493921203,BTCUSDT,87897.02,0.00221,buy,29351689
1766495140293,BTCUSDT,87697.68,0.00051,sell,29351690
1766495315369,BTCUSDT,87904.16,0.00057,buy,29351691
1766495405413,BTCUSDT,87901.14,2e-05,buy,29351692
1766495450312,BTCUSDT,87899.43,0.00113,buy,29351693
1766495600473,BTCUSDT,87896.04,0.00011,buy,29351694
1766495982217,BTCUSDT,87886.0,3e-05,buy,29351695
1766496011819,BTCUSDT,87885.46,4e-05,buy,29351696
1766496040994,BTCUSDT,87884.88,4e-05,buy,29351697
1766496067947,BTCUSDT,87884.46,5e-05,buy,29351698
1766496102073,BTCUSDT,87883.65,6e-05,buy,29351699
1766496560418,BTCUSDT,87867.26,0.00057,buy,29351700
1766496718751,BTCUSDT,87866.28,0.00215,buy,29351701
1766496984945,BTCUSDT,87517.27,0.00679,sell,29351702
1766496994639,BTCUSDT,87400.65,0.00024,sell,29351703
1766497068376,BTCUSDT,87718.72,0.00011,buy,29351704
1766497131607,BTCUSDT,87402.44,0.00011,sell,29351705
1766497194495,BTCUSDT,87712.63,0.00011,buy,29351706
1766497258075,BTCUSDT,87404.97,0.00011,sell,29351707
1766497264409,BTCUSDT,87405.18,0.00151,sell,29351708
1766497264409,BTCUSDT,87405.17,0.00512,sell,29351709
1766497331862,BTCUSDT,87408.63,0.00572,sell,29351710
1766497459111,BTCUSDT,87706.81,0.01604,buy,29351711
1766497459111,BTCUSDT,87706.87,0.01294,buy,29351712
1766497459111,BTCUSDT,87706.92,0.0106,buy,29351713
1766497631812,BTCUSDT,87705.82,0.00285,buy,29351714
1766497752667,BTCUSDT,87704.74,3e-05,buy,29351715
1766497949203,BTCUSDT,87476.76,0.0024,sell,29351716
1766497958502,BTCUSDT,87476.77,0.00096,sell,29351717
1766497960505,BTCUSDT,87476.77,0.00038,sell,29351718
1766497964360,BTCUSDT,87476.77,0.00016,sell,29351719
1766498330412,BTCUSDT,87695.32,0.00057,buy,29351720
1766498435364,BTCUSDT,87693.79,3e-05,buy,29351721
1766498696211,BTCUSDT,87718.21,2e-05,buy,29351722
1766498877807,BTCUSDT,87719.32,0.01114,buy,29351723
1766498878812,BTCUSDT,87719.32,0.00774,buy,29351724
1766499095344,BTCUSDT,87846.47,0.00035,buy,29351725
1766499122716,BTCUSDT,87846.41,0.00034,buy,29351726
1766499125438,BTCUSDT,87520.17,5e-05,sell,29351727
1766499200409,BTCUSDT,87845.7,0.00012,buy,29351728
1766499230384,BTCUSDT,87845.42,6e-05,buy,29351729
1766499395262,BTCUSDT,87843.14,0.00057,buy,29351730
1766499395314,BTCUSDT,87843.14,6e-05,buy,29351731
1766499461913,BTCUSDT,87564.98,0.00037,sell,29351732
1766499540716,BTCUSDT,87402.97,0.001,sell,29351733
1766499589237,BTCUSDT,87835.06,8e-05,buy,29351734
1766500340519,BTCUSDT,87814.19,0.00011,buy,29351735
1766500393766,BTCUSDT,87493.66,0.00279,sell,29351736
1766500393964,BTCUSDT,87650.0,0.02277,sell,29351737
1766500393966,BTCUSDT,87650.0,0.00053,sell,29351738
1766500393969,BTCUSDT,87650.0,0.00167,sell,29351739
1766500393975,BTCUSDT,87650.0,0.00925,sell,29351740
1766500399758,BTCUSDT,87463.75,0.00112,sell,29351741
1766500403221,BTCUSDT,87463.75,0.00112,sell,29351742
1766500408473,BTCUSDT,87463.75,0.00026,sell,29351743
1766500452407,BTCUSDT,87762.99,0.0017,buy,29351744
1766500452407,BTCUSDT,87763.0,0.00027,buy,29351745
1766500659259,BTCUSDT,87484.5,0.0002,sell,29351746
1766500669677,BTCUSDT,87484.5,0.00772,sell,29351747
1766500671791,BTCUSDT,87484.5,0.00818,sell,29351748
1766500683336,BTCUSDT,87411.12,0.00037,sell,29351749
1766500690687,BTCUSDT,87703.9,0.00011,buy,29351750
1766500718500,BTCUSDT,87411.22,0.01246,sell,29351751
1766500718971,BTCUSDT,87411.19,0.00149,sell,29351752
1766500719388,BTCUSDT,87411.19,0.00149,sell,29351753
1766500719506,BTCUSDT,87411.19,0.00833,sell,29351754
1766500772549,BTCUSDT,87400.02,0.00969,sell,29351755
1766500774746,BTCUSDT,87400.0,0.0004,sell,29351756
1766500901085,BTCUSDT,87601.02,6e-05,buy,29351757
1766500942510,BTCUSDT,87600.35,0.00027,buy,29351758
1766500943278,BTCUSDT,87297.27,0.00011,sell,29351759
1766501006518,BTCUSDT,87602.91,0.00011,buy,29351760
1766501070317,BTCUSDT,87343.78,0.00011,sell,29351761
1766501102074,BTCUSDT,87344.09,0.00057,sell,29351762
1766501133796,BTCUSDT,87596.64,0.00011,buy,29351763
1766501193640,BTCUSDT,87263.0,2e-05,sell,29351764
1766501193640,BTCUSDT,87258.96,7e-05,sell,29351765
1766501202356,BTCUSDT,87236.93,0.00104,sell,29351766
1766501270448,BTCUSDT,87460.82,6e-05,buy,29351767
1766501382036,BTCUSDT,87236.93,0.0304,sell,29351768
1766501383095,BTCUSDT,87236.93,0.01709,sell,29351769
1766501384175,BTCUSDT,87236.93,0.02101,sell,29351770
1766501385176,BTCUSDT,87236.93,0.021,sell,29351771
1766501385866,BTCUSDT,87236.93,0.0132,sell,29351772
1766501387494,BTCUSDT,87236.93,0.05026,sell,29351773
1766501387765,BTCUSDT,87236.93,0.80884,sell,29351774
1766501388769,BTCUSDT,87236.93,0.00109,sell,29351775
1766501395281,BTCUSDT,87143.02,2e-05,sell,29351776
1766501395281,BTCUSDT,87142.86,0.00025,sell,29351777
1766501400866,BTCUSDT,87118.24,0.0002,sell,29351778
1766501400866,BTCUSDT,87118.23,0.00201,sell,29351779
1766501401304,BTCUSDT,87118.22,0.00047,sell,29351780
1766501621320,BTCUSDT,87097.06,0.00047,sell,29351781
1766501621320,BTCUSDT,87097.05,0.00046,sell,29351782
1766501622674,BTCUSDT,87073.96,0.00115,sell,29351783
1766501622674,BTCUSDT,87072.78,0.00133,sell,29351784
1766501659526,BTCUSDT,87021.51,0.00088,sell,29351785
1766501659526,BTCUSDT,87020.74,0.00013,sell,29351786
1766501660543,BTCUSDT,87000.0,0.00015,sell,29351787
1766501660688,BTCUSDT,87000.01,0.00449,sell,29351788
1766501660688,BTCUSDT,87000.0,0.00551,sell,29351789
1766501662789,BTCUSDT,87000.01,7e-05,sell,29351790
1766501664368,BTCUSDT,87273.87,2e-05,buy,29351791
1766501671762,BTCUSDT,87000.0,0.01138,sell,29351792
1766501689402,BTCUSDT,86962.99,0.00781,sell,29351793
1766501689402,BTCUSDT,86959.39,0.00065,sell,29351794
1766501689402,BTCUSDT,86955.18,0.0004,sell,29351795
1766501689854,BTCUSDT,86950.0,0.00035,sell,29351796
1766501693086,BTCUSDT,86915.9,0.00012,sell,29351797
1766501693466,BTCUSDT,86955.0,0.01341,buy,29351798
1766501698175,BTCUSDT,86955.0,0.0105,buy,29351799
1766501699626,BTCUSDT,86955.0,0.01052,buy,29351800
1766501705271,BTCUSDT,86954.93,2e-05,buy,29351801
1766501710506,BTCUSDT,86915.85,0.00843,sell,29351802
1766501710506,BTCUSDT,86915.84,0.00036,sell,29351803
1766501711873,BTCUSDT,86954.8,0.5,buy,29351804
1766501714963,BTCUSDT,86884.15,0.00153,sell,29351805
1766501718306,BTCUSDT,86845.64,0.00013,sell,29351806
1766501718306,BTCUSDT,86845.02,0.00173,sell,29351807
1766501719367,BTCUSDT,86808.65,0.0003,sell,29351808
1766501721572,BTCUSDT,86771.54,0.00051,sell,29351809
1766501721572,BTCUSDT,86771.53,0.00091,sell,29351810
1766501722853,BTCUSDT,86748.16,0.00017,sell,29351811
1766501725012,BTCUSDT,86748.16,0.00088,sell,29351812
1766501725012,BTCUSDT,86748.15,0.00026,sell,29351813
1766501725012,BTCUSDT,86747.16,2e-05,sell,29351814
1766501726138,BTCUSDT,86732.26,0.00199,sell,29351815
1766501726138,BTCUSDT,86732.25,7e-05,sell,29351816
1766501730567,BTCUSDT,86725.33,0.00123,sell,29351817
1766501731778,BTCUSDT,86954.07,0.00071,buy,29351818
1766501815486,BTCUSDT,86700.0,0.01,sell,29351819
1766501819349,BTCUSDT,86634.51,0.0009,sell,29351820
1766501819349,BTCUSDT,86634.5,0.0091,sell,29351821
1766501821024,BTCUSDT,86634.51,0.0006,sell,29351822
1766501821024,BTCUSDT,86634.48,3e-05,sell,29351823
1766501821024,BTCUSDT,86627.3,0.00131,sell,29351824
1766501824844,BTCUSDT,86611.31,0.00016,sell,29351825
1766501827118,BTCUSDT,86916.53,0.00011,buy,29351826
1766501930858,BTCUSDT,86912.97,0.00057,buy,29351827
1766502065343,BTCUSDT,86928.49,0.00115,buy,29351828
1766502129450,BTCUSDT,86622.06,0.00046,sell,29351829
1766502139397,BTCUSDT,86927.2,0.03038,buy,29351830
1766502140393,BTCUSDT,86927.2,0.00017,buy,29351831
1766502140481,BTCUSDT,86927.2,0.00023,buy,29351832
1766502140529,BTCUSDT,86927.2,0.02861,buy,29351833
1766502141208,BTCUSDT,86927.19,0.00333,buy,29351834
1766502143642,BTCUSDT,86927.19,1e-05,buy,29351835
1766502155762,BTCUSDT,86927.19,0.00029,buy,29351836
1766502159786,BTCUSDT,86927.19,0.00951,buy,29351837
1766502275281,BTCUSDT,86923.46,0.00115,buy,29351838
1766502290370,BTCUSDT,86923.01,2e-05,buy,29351839
1766502302596,BTCUSDT,86954.98,0.01121,buy,29351840
1766502302990,BTCUSDT,86955.0,0.05899,buy,29351841
1766502303256,BTCUSDT,86955.0,0.00969,buy,29351842
1766502304266,BTCUSDT,86954.99,0.00731,buy,29351843
1766502304266,BTCUSDT,86955.0,0.00269,buy,29351844
1766502305392,BTCUSDT,86955.0,0.02323,buy,29351845
1766502306227,BTCUSDT,86955.0,0.03606,buy,29351846
1766502306917,BTCUSDT,86955.0,0.02294,buy,29351847
1766502308947,BTCUSDT,86955.0,0.01087,buy,29351848
1766502310044,BTCUSDT,86955.0,0.01361,buy,29351849
1766502310608,BTCUSDT,86955.0,0.00728,buy,29351850
1766502311658,BTCUSDT,86955.0,0.01103,buy,29351851
1766502312794,BTCUSDT,86955.0,0.01285,buy,29351852
1766502316954,BTCUSDT,86955.0,0.01202,buy,29351853
1766502318008,BTCUSDT,86955.0,0.38114,buy,29351854
1766502481045,BTCUSDT,86806.52,9e-05,sell,29351855
1766502483807,BTCUSDT,87147.95,0.00114,buy,29351856
1766502519628,BTCUSDT,86806.75,2e-05,sell,29351857
1766502519628,BTCUSDT,86806.74,0.0002,sell,29351858
1766502582564,BTCUSDT,87083.95,0.00011,buy,29351859
1766502606352,BTCUSDT,87083.9,0.00627,buy,29351860
1766502635318,BTCUSDT,87210.77,3e-05,buy,29351861
1766502638737,BTCUSDT,87210.65,0.00011,buy,29351862
1766502646447,BTCUSDT,86846.21,0.00011,sell,29351863
1766502680381,BTCUSDT,87208.85,0.00011,buy,29351864
1766502709248,BTCUSDT,87207.61,0.00011,buy,29351865
1766502725367,BTCUSDT,87206.56,0.00057,buy,29351866
1766503020421,BTCUSDT,87206.56,0.00149,buy,29351867
1766503040489,BTCUSDT,87258.45,0.00049,buy,29351868
1766503040489,BTCUSDT,87258.96,7e-05,buy,29351869
1766503040489,BTCUSDT,87263.0,2e-05,buy,29351870
1766503091492,BTCUSDT,87387.27,9e-05,buy,29351871
1766503202855,BTCUSDT,87383.78,0.00105,buy,29351872
1766503203868,BTCUSDT,87416.88,0.00038,buy,29351873
1766503208267,BTCUSDT,87444.31,0.00065,buy,29351874
1766503235417,BTCUSDT,87543.8,0.00114,buy,29351875
1766503535348,BTCUSDT,87429.0,6e-05,buy,29351876
1766503811695,BTCUSDT,87410.53,0.00039,buy,29351877
1766503823861,BTCUSDT,87182.0,6e-05,sell,29351878
1766503985074,BTCUSDT,87191.7,0.00025,sell,29351879
1766504039045,BTCUSDT,87490.1,0.00053,buy,29351880
1766504061174,BTCUSDT,87195.2,7e-05,sell,29351881
1766504210587,BTCUSDT,87481.95,0.00012,buy,29351882
1766505400463,BTCUSDT,87263.11,0.00459,sell,29351883
1766505770382,BTCUSDT,87544.83,3e-05,buy,29351884
1766505770382,BTCUSDT,87545.18,3e-05,buy,29351885
1766505774318,BTCUSDT,87545.18,0.0001,buy,29351886
1766505795321,BTCUSDT,87650.0,0.0003,buy,29351887
1766505812981,BTCUSDT,87705.27,0.01263,buy,29351888
1766505812981,BTCUSDT,87705.28,0.00123,buy,29351889
1766505815646,BTCUSDT,87778.84,2e-05,buy,29351890
1766505818399,BTCUSDT,87785.68,7e-05,buy,29351891
1766505818399,BTCUSDT,87785.71,0.00025,buy,29351892
1766505822900,BTCUSDT,87872.61,0.00146,buy,29351893
1766505828822,BTCUSDT,87931.94,0.00065,buy,29351894
1766505829057,BTCUSDT,87949.99,0.0017,buy,29351895
1766505829057,BTCUSDT,87950.0,0.0002,buy,29351896
1766505829057,BTCUSDT,87952.88,0.00038,buy,29351897
1766505829563,BTCUSDT,87647.55,0.00014,sell,29351898
1766505831501,BTCUSDT,88000.0,0.00454,buy,29351899
1766505835832,BTCUSDT,87648.1,0.00014,sell,29351900
1766505841544,BTCUSDT,88072.79,0.00013,buy,29351901
1766505842358,BTCUSDT,87781.79,0.00014,sell,29351902
1766505844645,BTCUSDT,87781.92,0.00331,sell,29351903
1766505860029,BTCUSDT,88096.14,0.0001,buy,29351904
1766505904972,BTCUSDT,88222.01,0.00332,buy,29351905
1766505906143,BTCUSDT,87872.3,0.00014,sell,29351906
1766505909413,BTCUSDT,87872.51,0.00014,sell,29351907
1766505914796,BTCUSDT,88221.55,9e-05,buy,29351908
1766505935343,BTCUSDT,88220.3,7e-05,buy,29351909
1766505948243,BTCUSDT,87873.43,6e-05,sell,29351910
1766505962166,BTCUSDT,87872.41,0.01007,sell,29351911
1766505963194,BTCUSDT,87872.41,0.01613,sell,29351912
1766505963194,BTCUSDT,87872.4,0.00096,sell,29351913
1766506010474,BTCUSDT,88129.84,0.00057,buy,29351914
1766506024188,BTCUSDT,87827.46,0.00332,sell,29351915
1766506060177,BTCUSDT,88127.71,2e-05,buy,29351916
1766506127983,BTCUSDT,87830.02,0.01259,sell,29351917
1766506128993,BTCUSDT,87830.02,0.00047,sell,29351918
1766506174709,BTCUSDT,88086.7,7e-05,buy,29351919
1766506205268,BTCUSDT,88084.93,0.00332,buy,29351920
1766506264172,BTCUSDT,87628.37,0.00332,sell,29351921
1766506381387,BTCUSDT,87946.2,0.00113,buy,29351922
1766506463611,BTCUSDT,87916.53,0.00012,buy,29351923
1766506475316,BTCUSDT,87915.7,0.00085,buy,29351924
1766506505351,BTCUSDT,87913.87,0.00028,buy,29351925
1766506520443,BTCUSDT,87913.33,6e-05,buy,29351926
1766506520468,BTCUSDT,87913.33,0.00057,buy,29351927
1766506535317,BTCUSDT,87912.75,6e-05,buy,29351928
1766506565438,BTCUSDT,87911.43,4e-05,buy,29351929
1766506753653,BTCUSDT,87978.87,0.01297,buy,29351930
1766507409460,BTCUSDT,87978.87,0.00397,sell,29351931
1766507433010,BTCUSDT,87987.77,0.00026,buy,29351932
1766507516780,BTCUSDT,87735.13,0.01391,sell,29351933
1766507516780,BTCUSDT,87735.12,0.00609,sell,29351934
1766507517881,BTCUSDT,87735.12,0.01698,sell,29351935
1766507518931,BTCUSDT,87735.12,0.01996,sell,29351936
1766507521130,BTCUSDT,87735.12,0.01309,sell,29351937
1766507521929,BTCUSDT,87735.12,0.0141,sell,29351938
1766507552931,BTCUSDT,87735.12,0.01667,sell,29351939
1766507554071,BTCUSDT,87735.12,0.01467,sell,29351940
1766507555239,BTCUSDT,87735.12,0.01195,sell,29351941
1766507558243,BTCUSDT,87735.12,0.01994,sell,29351942
1766507560232,BTCUSDT,87735.12,0.01636,sell,29351943
1766507561005,BTCUSDT,87735.12,0.02789,sell,29351944
1766507569046,BTCUSDT,87735.12,0.01355,sell,29351945
1766507572688,BTCUSDT,87735.12,0.01319,sell,29351946
1766507575568,BTCUSDT,87735.12,0.01606,sell,29351947
1766507578872,BTCUSDT,87735.12,0.011,sell,29351948
1766507584342,BTCUSDT,87735.12,0.00027,sell,29351949
1766507710776,BTCUSDT,87735.17,0.01334,sell,29351950
1766507710776,BTCUSDT,87735.12,0.00566,sell,29351951
1766507712458,BTCUSDT,87735.12,0.01457,sell,29351952
1766507714347,BTCUSDT,87735.12,0.44832,sell,29351953
1766507714630,BTCUSDT,87735.12,0.0294,sell,29351954
1766507784988,BTCUSDT,87735.12,0.11258,sell,29351955
1766507785994,BTCUSDT,87735.12,0.00017,sell,29351956
1766507787001,BTCUSDT,87735.12,0.02815,sell,29351957
1766507788008,BTCUSDT,87735.12,4e-05,sell,29351958
1766507791015,BTCUSDT,87735.12,0.00704,sell,29351959
1766507796022,BTCUSDT,87735.12,0.00177,sell,29351960
1766507988541,BTCUSDT,87735.12,5e-05,sell,29351961
1766508128695,BTCUSDT,87737.49,0.00038,sell,29351962
1766508220494,BTCUSDT,87740.15,0.00074,sell,29351963
1766508427699,BTCUSDT,87930.79,0.00447,buy,29351964
1766508427699,BTCUSDT,87930.79,0.00823,buy,29351965
1766508428466,BTCUSDT,88000.0,0.00568,buy,29351966
1766508700713,BTCUSDT,88082.48,0.0131,buy,29351967
1766508700713,BTCUSDT,88082.5,0.00153,buy,29351968
1766508702324,BTCUSDT,88085.35,0.01044,buy,29351969
1766508703524,BTCUSDT,88085.43,0.005,buy,29351970
1766508902968,BTCUSDT,88085.43,0.00152,sell,29351971
1766508904667,BTCUSDT,88152.71,0.0001,buy,29351972
1766508908349,BTCUSDT,88085.43,0.00061,sell,29351973
1766508912138,BTCUSDT,88085.43,0.00307,sell,29351974
1766508915921,BTCUSDT,88085.43,0.00024,sell,29351975
1766508933503,BTCUSDT,88085.43,0.02029,sell,29351976
1766508935273,BTCUSDT,88085.43,0.01686,sell,29351977
1766508938083,BTCUSDT,88085.43,0.00036,sell,29351978
1766508941186,BTCUSDT,88085.43,0.00248,sell,29351979
1766508941783,BTCUSDT,88085.43,0.00296,sell,29351980
1766508942090,BTCUSDT,88085.43,9e-05,sell,29351981
1766509032542,BTCUSDT,88085.43,3e-05,sell,29351982
1766509033007,BTCUSDT,88085.43,0.00374,sell,29351983
1766509054664,BTCUSDT,88085.43,0.00293,sell,29351984
1766509082185,BTCUSDT,88085.43,0.00239,sell,29351985
1766509113542,BTCUSDT,88149.49,5e-05,buy,29351986
1766509149310,BTCUSDT,88085.43,0.00362,sell,29351987
1766509149340,BTCUSDT,88085.43,0.00289,sell,29351988
1766509149387,BTCUSDT,88085.43,0.00756,sell,29351989
1766509150501,BTCUSDT,88085.43,0.00093,sell,29351990
1766509151249,BTCUSDT,88085.43,0.00297,sell,29351991
1766509151270,BTCUSDT,88085.43,0.0042,sell,29351992
1766509151282,BTCUSDT,88085.43,0.00412,sell,29351993
1766509152352,BTCUSDT,88085.43,0.00053,sell,29351994
1766509160507,BTCUSDT,88085.43,0.00018,sell,29351995
1766509161108,BTCUSDT,88085.43,0.07226,sell,29351996
1766509280417,BTCUSDT,88146.0,0.00057,buy,29351997
1766509309654,BTCUSDT,88145.54,9e-05,buy,29351998
1766509318115,BTCUSDT,87978.93,0.00023,sell,29351999
1766509370410,BTCUSDT,88143.11,6e-05,buy,29352000
1766509370453,BTCUSDT,88143.11,0.00057,buy,29352001
1766509415314,BTCUSDT,88141.68,0.00057,buy,29352002
1766509445358,BTCUSDT,88141.48,0.00028,buy,29352003
1766509475344,BTCUSDT,88141.47,0.00226,buy,29352004
1766509486619,BTCUSDT,88141.46,0.00057,buy,29352005
1766509490363,BTCUSDT,87876.66,0.00083,sell,29352006
1766509670454,BTCUSDT,88221.2,0.00028,buy,29352007
1766509703363,BTCUSDT,88221.08,0.00867,buy,29352008
1766509704429,BTCUSDT,88222.86,0.00025,buy,29352009
1766509841128,BTCUSDT,88005.98,0.00034,sell,29352010
1766509850417,BTCUSDT,88281.13,0.00011,buy,29352011
1766509851795,BTCUSDT,88006.18,0.00014,sell,29352012
1766509902129,BTCUSDT,88006.58,0.00013,sell,29352013
1766509927595,BTCUSDT,88006.59,0.00016,sell,29352014
1766509940415,BTCUSDT,88276.56,0.00113,buy,29352015
1766509945971,BTCUSDT,88006.59,0.0036,sell,29352016
1766509974264,BTCUSDT,88001.0,0.01322,sell,29352017
1766509974291,BTCUSDT,88001.0,1e-05,sell,29352018
1766509974291,BTCUSDT,87981.96,0.00999,sell,29352019
1766510030410,BTCUSDT,88170.97,0.00028,buy,29352020
1766510105352,BTCUSDT,88165.94,0.00023,buy,29352021
1766510219103,BTCUSDT,87859.3,0.00113,sell,29352022
1766510521873,BTCUSDT,88147.38,8e-05,buy,29352023
1766510863415,BTCUSDT,88101.81,0.00079,buy,29352024
1766511017309,BTCUSDT,88017.2,5e-05,buy,29352025
1766511335349,BTCUSDT,88008.13,0.00057,buy,29352026
1766511590450,BTCUSDT,87954.26,0.00023,buy,29352027
1766511604086,BTCUSDT,87953.86,0.00331,buy,29352028
1766511604086,BTCUSDT,87953.87,0.0034,buy,29352029
1766511691162,BTCUSDT,87592.62,0.00022,sell,29352030
1766511694305,BTCUSDT,87951.33,0.00014,buy,29352031
1766512151267,BTCUSDT,87941.35,0.0002,buy,29352032
1766512190294,BTCUSDT,87940.66,2e-05,buy,29352033
1766512312960,BTCUSDT,87614.5,0.00046,sell,29352034
1766512313283,BTCUSDT,87614.5,0.00804,sell,29352035
1766512474151,BTCUSDT,87545.18,0.00012,sell,29352036
1766512474158,BTCUSDT,87545.18,1e-05,sell,29352037
1766512477784,BTCUSDT,87764.59,0.00014,buy,29352038
1766512485462,BTCUSDT,87444.32,0.00068,sell,29352039
1766512485462,BTCUSDT,87444.31,0.00065,sell,29352040
1766512485462,BTCUSDT,87416.9,0.00183,sell,29352041
1766512485680,BTCUSDT,87416.9,0.00067,sell,29352042
1766512488622,BTCUSDT,87416.9,0.00059,sell,29352043
1766512512825,BTCUSDT,87417.22,0.0001,sell,29352044
1766512525888,BTCUSDT,87417.14,0.00059,sell,29352045
1766512587361,BTCUSDT,87694.35,0.0005,buy,29352046
1766512607505,BTCUSDT,87693.88,0.00063,buy,29352047
1766512652220,BTCUSDT,87418.01,0.00171,sell,29352048
1766512652220,BTCUSDT,87417.98,0.02315,sell,29352049
1766512705847,BTCUSDT,87418.01,0.00776,sell,29352050
1766512705847,BTCUSDT,87418.0,0.03887,sell,29352051
1766512746350,BTCUSDT,87416.88,0.00038,sell,29352052
1766512785342,BTCUSDT,87280.0,3e-05,sell,29352053
1766512789591,BTCUSDT,87280.0,0.00017,sell,29352054
1766512790589,BTCUSDT,87263.0,2e-05,sell,29352055
1766512790589,BTCUSDT,87258.96,7e-05,sell,29352056
1766512790589,BTCUSDT,87255.66,0.00115,sell,29352057
1766512790912,BTCUSDT,87279.99,6e-05,buy,29352058
1766512809930,BTCUSDT,87250.0,0.00115,sell,29352059
1766512809930,BTCUSDT,87226.19,0.00077,sell,29352060
1766512828518,BTCUSDT,87279.68,0.00011,buy,29352061
1766512865289,BTCUSDT,87279.49,0.00023,buy,29352062
1766512880396,BTCUSDT,87279.47,3e-05,buy,29352063
1766512889137,BTCUSDT,87279.48,0.01084,buy,29352064
1766512890619,BTCUSDT,87279.48,0.00278,buy,29352065
1766512890619,BTCUSDT,87280.0,0.00722,buy,29352066
1766512894257,BTCUSDT,87280.0,0.01249,buy,29352067
1766512895266,BTCUSDT,87280.0,0.00011,buy,29352068
1766512895275,BTCUSDT,87280.0,0.01281,buy,29352069
1766512896292,BTCUSDT,87280.0,0.01383,buy,29352070
1766512925351,BTCUSDT,87464.65,2e-05,buy,29352071
1766512955497,BTCUSDT,87190.87,0.00011,sell,29352072
1766513018586,BTCUSDT,87461.9,0.00011,buy,29352073
1766513045341,BTCUSDT,87461.45,6e-05,buy,29352074
1766513082285,BTCUSDT,87198.6,0.00011,sell,29352075
1766513145306,BTCUSDT,87459.85,0.00011,buy,29352076
1766513208856,BTCUSDT,87207.9,0.00011,sell,29352077
1766513223596,BTCUSDT,87459.12,0.01227,buy,29352078
1766513244504,BTCUSDT,87498.25,0.00013,buy,29352079
1766513244504,BTCUSDT,87498.26,0.00016,buy,29352080
1766513267001,BTCUSDT,87497.57,0.00057,buy,29352081
1766513271965,BTCUSDT,87497.51,0.0001,buy,29352082
1766513271965,BTCUSDT,87498.49,1e-05,buy,29352083
1766513300378,BTCUSDT,87552.21,3e-05,buy,29352084
1766513300417,BTCUSDT,87552.21,5e-05,buy,29352085
1766513330375,BTCUSDT,87261.13,2e-05,sell,29352086
1766513357944,BTCUSDT,87575.97,4e-05,buy,29352087
1766513426850,BTCUSDT,87573.98,0.00021,buy,29352088
1766513446114,BTCUSDT,87268.05,0.00026,sell,29352089
1766513464986,BTCUSDT,87572.52,0.00011,buy,29352090
1766513528376,BTCUSDT,87273.2,0.00022,sell,29352091
1766513591047,BTCUSDT,87570.62,0.00287,buy,29352092
1766513591047,BTCUSDT,87570.68,0.00713,buy,29352093
1766513592066,BTCUSDT,87570.69,0.00011,buy,29352094
1766513592596,BTCUSDT,87570.69,0.01547,buy,29352095
1766513615299,BTCUSDT,87701.88,0.00011,buy,29352096
1766513720394,BTCUSDT,87698.99,6e-05,buy,29352097
1766513803308,BTCUSDT,87697.51,6e-05,buy,29352098
1766513803308,BTCUSDT,87697.52,0.00171,buy,29352099
1766513803308,BTCUSDT,87697.64,0.00092,buy,29352100
1766513856507,BTCUSDT,87778.84,2e-05,buy,29352101
1766513857553,BTCUSDT,87785.68,7e-05,buy,29352102
1766513909657,BTCUSDT,87407.47,0.00011,sell,29352103
1766513973306,BTCUSDT,87905.36,0.00011,buy,29352104
1766513976748,BTCUSDT,87447.56,0.00014,sell,29352105
1766514101920,BTCUSDT,87899.64,0.00011,buy,29352106
1766514166276,BTCUSDT,87487.42,0.00022,sell,29352107
1766514229666,BTCUSDT,87894.32,0.00011,buy,29352108
1766514293275,BTCUSDT,87496.97,0.00011,sell,29352109
1766514356336,BTCUSDT,87890.13,3e-05,buy,29352110
1766514356336,BTCUSDT,87890.14,8e-05,buy,29352111
1766514364499,BTCUSDT,87890.07,0.00105,buy,29352112
1766514364499,BTCUSDT,87890.08,2e-05,buy,29352113
1766514364499,BTCUSDT,87890.09,0.0017,buy,29352114
1766514364499,BTCUSDT,87890.15,0.00055,buy,29352115
1766514420141,BTCUSDT,87612.19,0.00011,sell,29352116
1766514483816,BTCUSDT,87930.31,0.00011,buy,29352117
1766514547456,BTCUSDT,87619.76,9e-05,sell,29352118
1766514547456,BTCUSDT,87619.68,2e-05,sell,29352119
1766514610516,BTCUSDT,87927.13,0.00011,buy,29352120
1766514619742,BTCUSDT,87926.76,2e-05,buy,29352121
1766514619742,BTCUSDT,87926.77,0.0017,buy,29352122
1766514619742,BTCUSDT,87926.78,0.00268,buy,29352123
1766514674155,BTCUSDT,87628.59,0.00011,sell,29352124
1766514715088,BTCUSDT,87923.5,0.00044,buy,29352125
1766514782001,BTCUSDT,87931.94,0.00065,buy,29352126
1766514932756,BTCUSDT,87952.88,0.00038,buy,29352127
1766514965355,BTCUSDT,88072.29,0.00028,buy,29352128
1766515035048,BTCUSDT,88072.79,0.00013,buy,29352129
1766515139339,BTCUSDT,88130.42,0.0017,buy,29352130
1766515139463,BTCUSDT,88131.46,0.0007,buy,29352131
1766515139463,BTCUSDT,88131.47,0.00228,buy,29352132
1766515139522,BTCUSDT,88131.47,0.00293,buy,29352133
1766515139542,BTCUSDT,88131.47,0.00146,buy,29352134
1766515143961,BTCUSDT,87852.52,0.00014,sell,29352135
1766515400173,BTCUSDT,88270.6,0.00102,buy,29352136
1766516068104,BTCUSDT,88186.49,0.00197,buy,29352137
1766516540476,BTCUSDT,88167.58,0.00017,buy,29352138
1766516645353,BTCUSDT,88162.59,0.00011,buy,29352139
1766516687740,BTCUSDT,87911.45,9e-05,sell,29352140
1766516690413,BTCUSDT,88160.85,0.00023,buy,29352141
1766516720386,BTCUSDT,88159.66,0.00079,buy,29352142
1766516720411,BTCUSDT,88159.66,6e-05,buy,29352143
1766516977210,BTCUSDT,87917.92,0.01276,sell,29352144
1766516979945,BTCUSDT,87879.98,0.0105,sell,29352145
1766516980583,BTCUSDT,88149.58,0.00072,buy,29352146
1766516987559,BTCUSDT,87857.06,0.00301,sell,29352147
1766516987559,BTCUSDT,87857.05,0.00699,sell,29352148
1766516988774,BTCUSDT,87857.05,0.0181,sell,29352149
1766516990533,BTCUSDT,87857.05,0.01326,sell,29352150
1766517005274,BTCUSDT,88123.2,0.00011,buy,29352151
1766517046767,BTCUSDT,87828.21,0.00367,sell,29352152
1766517289120,BTCUSDT,88072.45,0.00034,buy,29352153
1766517967201,BTCUSDT,87813.17,0.0048,sell,29352154
1766517967201,BTCUSDT,87813.15,0.0052,sell,29352155
1766517968969,BTCUSDT,88055.47,0.00014,buy,29352156
1766518143942,BTCUSDT,87935.61,0.00139,buy,29352157
1766518445396,BTCUSDT,87861.36,2e-05,buy,29352158
1766518482843,BTCUSDT,87859.81,0.0001,buy,29352159
1766518791819,BTCUSDT,87856.07,0.00413,buy,29352160
1766518791819,BTCUSDT,87856.08,0.00587,buy,29352161
1766518793637,BTCUSDT,87856.09,0.00305,buy,29352162
1766518793637,BTCUSDT,87856.15,0.00695,buy,29352163
1766518797002,BTCUSDT,87856.07,0.01379,buy,29352164
1766519153575,BTCUSDT,87856.07,0.00574,sell,29352165
1766519336173,BTCUSDT,87614.08,4e-05,sell,29352166
1766520035315,BTCUSDT,87915.3,3e-05,buy,29352167
1766520035315,BTCUSDT,87915.31,0.00031,buy,29352168
1766520115810,BTCUSDT,87900.13,0.00067,buy,29352169
1766520166421,BTCUSDT,87643.27,2e-05,sell,29352170
1766520168117,BTCUSDT,87643.3,0.00016,sell,29352171
1766520275312,BTCUSDT,87895.79,2e-05,buy,29352172
1766520361777,BTCUSDT,87646.45,0.0073,sell,29352173
1766520362002,BTCUSDT,87646.44,0.01431,sell,29352174
1766520485319,BTCUSDT,87779.95,0.00114,buy,29352175
1766520575350,BTCUSDT,87777.46,5e-05,buy,29352176
1766520642505,BTCUSDT,87775.86,0.00011,buy,29352177
1766520650450,BTCUSDT,87775.6,8e-05,buy,29352178
1766520665321,BTCUSDT,87775.12,2e-05,buy,29352179
1766520665321,BTCUSDT,87775.13,0.00055,buy,29352180
1766520674096,BTCUSDT,87774.89,0.00014,buy,29352181
1766520680416,BTCUSDT,87774.74,3e-05,buy,29352182
1766520736812,BTCUSDT,87773.3,0.00015,buy,29352183
1766520815280,BTCUSDT,87771.02,6e-05,buy,29352184
1766520957036,BTCUSDT,87767.27,0.00401,buy,29352185
1766520966147,BTCUSDT,87767.28,0.01261,buy,29352186
1766521083530,BTCUSDT,87901.35,0.00246,buy,29352187
1766521254164,BTCUSDT,87899.23,6e-05,buy,29352188
1766522157076,BTCUSDT,87877.33,0.0003,buy,29352189
1766522193045,BTCUSDT,87875.95,0.00013,buy,29352190
1766522255266,BTCUSDT,87873.68,0.00024,buy,29352191
1766522349925,BTCUSDT,87872.11,0.00649,buy,29352192
1766522349925,BTCUSDT,87872.15,0.00351,buy,29352193
1766522350220,BTCUSDT,87872.15,0.01052,buy,29352194
1766522428608,BTCUSDT,88015.72,0.01328,buy,29352195
1766522570376,BTCUSDT,88260.6,6e-05,buy,29352196
1766522575486,BTCUSDT,87837.85,0.00014,sell,29352197
1766522576575,BTCUSDT,87837.85,0.00014,sell,29352198
1766522733164,BTCUSDT,88258.62,0.00404,buy,29352199
1766522733327,BTCUSDT,88258.62,0.00318,buy,29352200
1766522734376,BTCUSDT,88258.63,0.00073,buy,29352201
1766522734571,BTCUSDT,88261.77,0.00408,buy,29352202
1766522735118,BTCUSDT,88261.76,0.00097,buy,29352203
1766522735118,BTCUSDT,88261.77,0.00151,buy,29352204
1766522735166,BTCUSDT,88261.77,0.04006,buy,29352205
1766522735166,BTCUSDT,88261.81,0.01932,buy,29352206
1766522735166,BTCUSDT,88261.81,0.00311,buy,29352207
1766522735383,BTCUSDT,88261.81,0.01756,buy,29352208
1766522736797,BTCUSDT,88261.8,0.00191,buy,29352209
1766522736797,BTCUSDT,88261.81,1e-05,buy,29352210
1766522743534,BTCUSDT,88286.25,0.03453,buy,29352211
1766522744128,BTCUSDT,88286.26,0.0003,buy,29352212
1766522745380,BTCUSDT,88299.99,0.00228,buy,29352213
1766522745909,BTCUSDT,88299.99,0.00855,buy,29352214
1766522751875,BTCUSDT,88300.0,6e-05,buy,29352215
1766522767287,BTCUSDT,88300.0,1e-05,buy,29352216
1766522780078,BTCUSDT,88312.39,7e-05,buy,29352217
1766522780078,BTCUSDT,88323.46,0.00026,buy,29352218
1766522781864,BTCUSDT,88062.57,0.00014,sell,29352219
1766522782125,BTCUSDT,88323.46,0.00103,buy,29352220
1766522986034,BTCUSDT,88292.77,0.00011,buy,29352221
1766522991616,BTCUSDT,88064.67,0.00011,sell,29352222
1766522994835,BTCUSDT,88064.76,0.0002,sell,29352223
1766523061921,BTCUSDT,88065.05,0.01722,sell,29352224
1766523061921,BTCUSDT,88065.04,0.00434,sell,29352225
1766523064930,BTCUSDT,88065.04,0.01236,sell,29352226
1766523064930,BTCUSDT,88064.76,0.00165,sell,29352227
1766523073301,BTCUSDT,88065.05,0.00022,sell,29352228
1766523082495,BTCUSDT,88065.05,0.0036,sell,29352229
1766523119020,BTCUSDT,88000.02,0.00569,sell,29352230
1766523124183,BTCUSDT,88000.0,0.00227,sell,29352231
1766523378767,BTCUSDT,87834.05,0.00562,sell,29352232
1766523397588,BTCUSDT,87834.05,0.00269,sell,29352233
1766523399084,BTCUSDT,87834.05,0.00269,sell,29352234
1766523401717,BTCUSDT,87834.05,0.00122,sell,29352235
1766523406739,BTCUSDT,87834.05,0.00049,sell,29352236
1766523411747,BTCUSDT,87834.05,0.0002,sell,29352237
1766523484918,BTCUSDT,87834.05,0.00225,sell,29352238
1766523484918,BTCUSDT,87834.02,0.04121,sell,29352239
1766523518361,BTCUSDT,87785.68,7e-05,sell,29352240
1766523534933,BTCUSDT,88004.31,0.00011,buy,29352241
1766523597998,BTCUSDT,87548.77,0.00011,sell,29352242
1766523678647,BTCUSDT,87551.97,0.00033,sell,29352243
1766523953982,BTCUSDT,87875.35,0.00034,buy,29352244
1766523965384,BTCUSDT,87874.99,0.00034,buy,29352245
1766523995279,BTCUSDT,87874.07,6e-05,buy,29352246
1766524107664,BTCUSDT,87830.8,0.00023,buy,29352247
1766524129694,BTCUSDT,87810.8,0.00011,buy,29352248
1766524135285,BTCUSDT,87545.23,0.00011,sell,29352249
1766524139327,BTCUSDT,87810.66,0.00014,buy,29352250
1766524145300,BTCUSDT,87810.52,0.00034,buy,29352251
1766524145491,BTCUSDT,87545.2,0.00014,sell,29352252
1766524190382,BTCUSDT,87809.13,7e-05,buy,29352253
1766524190414,BTCUSDT,87809.12,0.00057,buy,29352254
1766524250420,BTCUSDT,87807.4,0.00114,buy,29352255
1766524297807,BTCUSDT,87806.0,0.00024,buy,29352256
1766524385362,BTCUSDT,87803.31,0.00103,buy,29352257
1766524463611,BTCUSDT,87801.53,0.00073,buy,29352258
1766524505350,BTCUSDT,87800.87,0.00034,buy,29352259
1766524520468,BTCUSDT,87800.64,0.00028,buy,29352260
1766524595412,BTCUSDT,87550.13,0.00023,sell,29352261
1766524675938,BTCUSDT,87551.02,6e-05,sell,29352262
1766524701075,BTCUSDT,87551.39,9e-05,sell,29352263
1766524734037,BTCUSDT,87796.99,5e-05,buy,29352264
1766524734037,BTCUSDT,87797.0,0.00873,buy,29352265
1766524962857,BTCUSDT,87796.99,0.00799,buy,29352266
1766524963535,BTCUSDT,87796.99,0.00616,buy,29352267
1766525004226,BTCUSDT,87796.99,1e-05,buy,29352268
1766525004226,BTCUSDT,87797.0,0.00854,buy,29352269
1766525020077,BTCUSDT,87796.99,0.01446,buy,29352270
1766525021084,BTCUSDT,87797.0,0.60216,buy,29352271
1766525028457,BTCUSDT,87863.67,0.00544,buy,29352272
1766525042685,BTCUSDT,87863.66,0.00225,buy,29352273
1766525123276,BTCUSDT,87863.61,0.0008,buy,29352274
1766525345352,BTCUSDT,87862.3,0.0017,buy,29352275
1766525345352,BTCUSDT,87862.31,0.00056,buy,29352276
1766525349214,BTCUSDT,87618.92,8e-05,sell,29352277
1766525377768,BTCUSDT,87862.04,0.00247,buy,29352278
1766525852981,BTCUSDT,87631.67,0.00067,sell,29352279
1766526140415,BTCUSDT,87849.99,0.00028,buy,29352280
1766526548378,BTCUSDT,87840.58,5e-05,buy,29352281
1766526589349,BTCUSDT,87640.69,0.00032,sell,29352282
1766526589616,BTCUSDT,87839.6,0.00032,buy,29352283
1766526750213,BTCUSDT,87641.96,3e-05,sell,29352284
1766526849622,BTCUSDT,87833.29,0.00014,buy,29352285
1766526894213,BTCUSDT,87832.19,0.00575,buy,29352286
1766527232831,BTCUSDT,87827.12,0.0017,buy,29352287
1766527232831,BTCUSDT,87827.13,0.00049,buy,29352288
1766527256049,BTCUSDT,87826.8,0.00057,buy,29352289
1766527430456,BTCUSDT,87823.92,0.00011,buy,29352290
1766527505371,BTCUSDT,87823.04,2e-05,buy,29352291
1766527505404,BTCUSDT,87823.04,6e-05,buy,29352292
1766527620616,BTCUSDT,87821.26,0.00428,buy,29352293
1766527705294,BTCUSDT,87820.37,2e-05,buy,29352294
1766527835236,BTCUSDT,87653.68,2e-05,sell,29352295
1766527835236,BTCUSDT,87653.41,0.00066,sell,29352296
1766527836361,BTCUSDT,87653.35,0.00027,sell,29352297
1766527837121,BTCUSDT,87653.35,0.01257,sell,29352298
1766527837121,BTCUSDT,87653.31,0.01245,sell,29352299
1766527847179,BTCUSDT,87597.42,0.01335,sell,29352300
1766527848185,BTCUSDT,87597.4,0.00058,sell,29352301
1766527878630,BTCUSDT,87545.18,0.00012,sell,29352302
1766527880394,BTCUSDT,87816.96,0.00057,buy,29352303
1766527884498,BTCUSDT,87545.18,1e-05,sell,29352304
1766527985470,BTCUSDT,87444.31,0.00065,sell,29352305
1766527985470,BTCUSDT,87444.0,0.0001,sell,29352306
1766527986166,BTCUSDT,87731.73,0.00014,buy,29352307
1766528015352,BTCUSDT,87730.81,0.00051,buy,29352308
1766528156301,BTCUSDT,87727.19,0.00011,buy,29352309
1766528161966,BTCUSDT,87418.61,0.00011,sell,29352310
1766528213411,BTCUSDT,87725.45,0.00107,buy,29352311
1766528280889,BTCUSDT,87723.75,0.00046,buy,29352312
1766528831080,BTCUSDT,87711.3,4e-05,buy,29352313
1766528846959,BTCUSDT,87432.51,0.00051,sell,29352314
1766528865969,BTCUSDT,87426.53,0.00025,sell,29352315
1766528872058,BTCUSDT,87426.53,0.00022,sell,29352316
1766529052678,BTCUSDT,87426.53,0.00371,sell,29352317
1766529056551,BTCUSDT,87426.52,0.05837,sell,29352318
1766529057557,BTCUSDT,87416.89,0.02157,sell,29352319
1766529061191,BTCUSDT,87416.89,0.04113,sell,29352320
1766529062196,BTCUSDT,87416.89,0.02178,sell,29352321
1766529063203,BTCUSDT,87416.88,0.00038,sell,29352322
1766529173022,BTCUSDT,87644.03,0.00024,buy,29352323
1766529219666,BTCUSDT,87367.6,0.00023,sell,29352324
1766529349947,BTCUSDT,87366.0,0.00055,sell,29352325
1766529360957,BTCUSDT,87366.0,1e-05,sell,29352326
1766529608274,BTCUSDT,87515.56,0.00933,buy,29352327
1766529608503,BTCUSDT,87515.56,0.01782,buy,29352328
1766529610275,BTCUSDT,87515.56,2e-05,buy,29352329
1766529610275,BTCUSDT,87515.57,0.01418,buy,29352330
1766529975551,BTCUSDT,87680.45,2e-05,buy,29352331
1766530110313,BTCUSDT,87678.87,0.00066,buy,29352332
1766530142274,BTCUSDT,87678.43,0.00049,buy,29352333
1766530175265,BTCUSDT,87403.95,5e-05,sell,29352334
1766530247312,BTCUSDT,87676.54,0.00064,buy,29352335
1766530300111,BTCUSDT,87675.28,0.00069,buy,29352336
1766530304025,BTCUSDT,87405.29,0.01025,sell,29352337
1766530348375,BTCUSDT,87673.43,0.00068,buy,29352338
1766530383820,BTCUSDT,87672.56,0.00069,buy,29352339
1766530445341,BTCUSDT,87670.83,6e-05,buy,29352340
1766530448873,BTCUSDT,87670.71,0.00068,buy,29352341
1766530494203,BTCUSDT,87669.45,0.00069,buy,29352342
1766530496540,BTCUSDT,87669.39,0.0002,buy,29352343
1766530539013,BTCUSDT,87668.4,0.0002,buy,29352344
1766530575150,BTCUSDT,87667.49,0.00011,buy,29352345
1766530580815,BTCUSDT,87267.86,0.00011,sell,29352346
1766530595302,BTCUSDT,87667.05,0.00114,buy,29352347
1766530643051,BTCUSDT,87665.77,0.00021,buy,29352348
1766530691706,BTCUSDT,87660.36,0.00011,buy,29352349
1766530697373,BTCUSDT,87270.73,0.00011,sell,29352350
1766530721085,BTCUSDT,87659.6,0.00068,buy,29352351
1766530797406,BTCUSDT,87657.04,0.00011,buy,29352352
1766530803070,BTCUSDT,87272.69,0.00011,sell,29352353
1766530833939,BTCUSDT,87273.06,0.00171,sell,29352354
1766530833939,BTCUSDT,87273.05,0.00047,sell,29352355
1766530879933,BTCUSDT,87273.39,0.00062,sell,29352356
1766530879933,BTCUSDT,87273.38,0.01351,sell,29352357
1766530879933,BTCUSDT,87273.36,0.00446,sell,29352358
1766530879933,BTCUSDT,87273.35,0.01058,sell,29352359
1766530881676,BTCUSDT,87263.0,2e-05,sell,29352360
1766530885045,BTCUSDT,87258.97,0.00577,sell,29352361
1766530885045,BTCUSDT,87258.96,7e-05,sell,29352362
1766530888801,BTCUSDT,87532.19,0.00011,buy,29352363
1766530894456,BTCUSDT,87225.08,0.00011,sell,29352364
1766530895287,BTCUSDT,87532.02,0.00057,buy,29352365
1766530954689,BTCUSDT,87530.43,2e-05,buy,29352366
1766530985379,BTCUSDT,87529.38,0.00028,buy,29352367
1766531125688,BTCUSDT,87526.16,6e-05,buy,29352368
1766531150474,BTCUSDT,87525.71,6e-05,buy,29352369
1766531240504,BTCUSDT,87523.45,0.00114,buy,29352370
1766531367550,BTCUSDT,87519.63,0.0001,buy,29352371
1766531480410,BTCUSDT,87516.59,4e-05,buy,29352372
1766531495352,BTCUSDT,87516.24,0.00023,buy,29352373
1766531502888,BTCUSDT,87516.0,0.00055,buy,29352374
1766531705320,BTCUSDT,87510.53,0.00011,buy,29352375
1766531960440,BTCUSDT,87503.76,0.00023,buy,29352376
1766532208363,BTCUSDT,87497.59,0.00011,buy,29352377
1766532214030,BTCUSDT,87225.43,0.00011,sell,29352378
1766532255087,BTCUSDT,87476.45,0.00011,buy,29352379
1766532270772,BTCUSDT,87476.02,0.00011,buy,29352380
1766532319287,BTCUSDT,87225.01,0.00011,sell,29352381
1766532339380,BTCUSDT,87225.0,0.0001,sell,29352382
1766532343838,BTCUSDT,87150.43,0.00054,sell,29352383
1766532382477,BTCUSDT,87472.63,0.00011,buy,29352384
1766532422022,BTCUSDT,87471.58,0.0004,buy,29352385
1766532445817,BTCUSDT,87154.96,0.0001,sell,29352386
1766532509597,BTCUSDT,87470.08,0.00011,buy,29352387
1766532573958,BTCUSDT,87160.86,0.00011,sell,29352388
1766532636797,BTCUSDT,87621.01,0.00011,buy,29352389
1766532700107,BTCUSDT,87242.04,0.00011,sell,29352390
1766532824058,BTCUSDT,87617.85,0.00011,buy,29352391
1766532887177,BTCUSDT,87250.51,0.00011,sell,29352392
1766532950119,BTCUSDT,87614.83,0.00011,buy,29352393
1766532994867,BTCUSDT,87255.47,4e-05,sell,29352394
1766533052620,BTCUSDT,87612.76,0.00011,buy,29352395
1766533076380,BTCUSDT,87261.03,0.00011,sell,29352396
1766533106086,BTCUSDT,87611.73,0.00011,buy,29352397
1766533111746,BTCUSDT,87262.41,0.00011,sell,29352398
1766533139409,BTCUSDT,87610.8,0.00011,buy,29352399
1766533202639,BTCUSDT,87266.88,0.00011,sell,29352400
1766533265599,BTCUSDT,87607.88,0.00011,buy,29352401
1766533280440,BTCUSDT,87607.57,0.00022,buy,29352402
1766533280495,BTCUSDT,87607.57,0.00114,buy,29352403
1766533329058,BTCUSDT,87301.94,0.00011,sell,29352404
1766533391999,BTCUSDT,87605.04,0.00011,buy,29352405
1766533454989,BTCUSDT,87308.27,0.00011,sell,29352406
1766533462795,BTCUSDT,87308.65,0.00014,sell,29352407
1766533517895,BTCUSDT,87603.22,0.00011,buy,29352408
1766533580909,BTCUSDT,87313.86,0.00011,sell,29352409
1766533643859,BTCUSDT,87600.86,0.00011,buy,29352410
1766533706921,BTCUSDT,87319.16,0.00011,sell,29352411
1766533746608,BTCUSDT,87320.98,9e-05,sell,29352412
1766533769710,BTCUSDT,87598.44,0.00011,buy,29352413
1766533832589,BTCUSDT,87323.89,0.00011,sell,29352414
1766533895419,BTCUSDT,87595.81,0.00011,buy,29352415
1766533958618,BTCUSDT,87326.15,0.00011,sell,29352416
1766534021479,BTCUSDT,87593.32,0.00011,buy,29352417
1766534084500,BTCUSDT,87327.9,0.00011,sell,29352418
1766534143612,BTCUSDT,87328.71,4e-05,sell,29352419
1766534626467,BTCUSDT,87600.71,0.00011,buy,29352420
1766534632135,BTCUSDT,87342.73,0.00011,sell,29352421
1766534714329,BTCUSDT,87347.61,0.0004,sell,29352422
1766534714688,BTCUSDT,87347.61,0.00039,sell,29352423
1766534715309,BTCUSDT,87599.78,0.00041,buy,29352424
1766534811152,BTCUSDT,87599.01,0.00237,buy,29352425
1766535050411,BTCUSDT,87708.78,0.00057,buy,29352426
1766535170451,BTCUSDT,87642.73,0.00114,buy,29352427
1766535260415,BTCUSDT,87640.53,0.00011,buy,29352428
1766535385102,BTCUSDT,87637.5,0.00011,buy,29352429
1766535391006,BTCUSDT,87398.04,0.00011,sell,29352430
1766535522461,BTCUSDT,87633.76,0.00011,buy,29352431
1766535781328,BTCUSDT,87534.92,0.00035,buy,29352432
1766535889386,BTCUSDT,87532.34,0.0053,buy,29352433
1766536054078,BTCUSDT,87528.97,0.0053,buy,29352434
1766536094318,BTCUSDT,87528.24,0.00531,buy,29352435
1766536126382,BTCUSDT,87527.52,0.00532,buy,29352436
1766536155849,BTCUSDT,87302.78,0.00514,sell,29352437
1766536170178,BTCUSDT,87526.55,0.00531,buy,29352438
1766536198894,BTCUSDT,87525.92,0.00171,buy,29352439
1766536198894,BTCUSDT,87525.94,0.00356,buy,29352440
1766536239513,BTCUSDT,87525.08,0.00533,buy,29352441
1766536325438,BTCUSDT,87301.98,3e-05,sell,29352442
1766536415275,BTCUSDT,87520.67,0.00028,buy,29352443
1766536612769,BTCUSDT,87303.7,2e-05,sell,29352444
1766536689381,BTCUSDT,87515.99,0.00207,buy,29352445
1766536699302,BTCUSDT,87515.99,0.00051,buy,29352446
1766536789524,BTCUSDT,87515.88,0.00011,buy,29352447
1766536795194,BTCUSDT,87310.76,0.00011,sell,29352448
1766536823054,BTCUSDT,87311.94,0.00438,sell,29352449
1766536985962,BTCUSDT,87515.54,0.01992,buy,29352450
1766537044937,BTCUSDT,87515.54,0.00029,buy,29352451
1766537131512,BTCUSDT,87530.37,0.0029,buy,29352452
1766537138297,BTCUSDT,87530.37,1e-05,buy,29352453
1766537138297,BTCUSDT,87530.38,0.01227,buy,29352454
1766537138297,BTCUSDT,87530.39,0.6107,buy,29352455
1766537145872,BTCUSDT,87363.56,2e-05,sell,29352456
1766537467976,BTCUSDT,87655.65,0.00063,buy,29352457
1766537562343,BTCUSDT,87384.89,2e-05,sell,29352458
1766537701050,BTCUSDT,87652.8,2e-05,buy,29352459
1766537786150,BTCUSDT,87402.06,0.0014,sell,29352460
1766537845851,BTCUSDT,87418.18,4e-05,sell,29352461
1766537853367,BTCUSDT,87775.82,0.0001,buy,29352462
1766537861204,BTCUSDT,87418.95,0.0001,sell,29352463
1766537990495,BTCUSDT,87773.24,0.00063,buy,29352464
1766538050192,BTCUSDT,87772.61,0.00274,buy,29352465
1766538050193,BTCUSDT,87772.61,0.00603,buy,29352466
1766538050193,BTCUSDT,87772.77,0.0108,buy,29352467
1766538065314,BTCUSDT,87778.84,2e-05,buy,29352468
1766538065314,BTCUSDT,87779.97,0.00017,buy,29352469
1766538140394,BTCUSDT,87779.28,0.00035,buy,29352470
1766538155302,BTCUSDT,87778.92,0.00017,buy,29352471
1766538215468,BTCUSDT,87776.97,0.00017,buy,29352472
1766538230306,BTCUSDT,87776.56,0.00114,buy,29352473
1766538245368,BTCUSDT,87776.22,0.00011,buy,29352474
1766538245382,BTCUSDT,87776.22,6e-05,buy,29352475
1766538248794,BTCUSDT,87574.75,3e-05,sell,29352476
1766538273287,BTCUSDT,87775.82,0.0017,buy,29352477
1766538273287,BTCUSDT,87775.83,0.0036,buy,29352478
1766538311575,BTCUSDT,87775.36,0.00529,buy,29352479
1766538339908,BTCUSDT,87775.11,6e-05,buy,29352480
1766538395939,BTCUSDT,87577.44,0.00041,sell,29352481
1766538438943,BTCUSDT,87774.38,0.00402,buy,29352482
1766538439846,BTCUSDT,87780.0,0.00023,buy,29352483
1766538455376,BTCUSDT,87780.0,2e-05,buy,29352484
1766538455376,BTCUSDT,87785.68,7e-05,buy,29352485
1766538455376,BTCUSDT,87806.52,0.00519,buy,29352486
1766538456049,BTCUSDT,87579.82,0.00014,sell,29352487
1766538485371,BTCUSDT,87873.03,0.00114,buy,29352488
1766538495500,BTCUSDT,87872.93,0.00527,buy,29352489
1766538530449,BTCUSDT,87872.68,0.00011,buy,29352490
1766538541285,BTCUSDT,87872.5,0.00528,buy,29352491
1766538558512,BTCUSDT,87871.96,0.00528,buy,29352492
1766538595509,BTCUSDT,87871.37,0.0017,buy,29352493
1766538595509,BTCUSDT,87871.38,0.00358,buy,29352494
1766538606669,BTCUSDT,87586.24,3e-05,sell,29352495
1766538638041,BTCUSDT,87870.83,0.00528,buy,29352496
1766538643288,BTCUSDT,87587.77,2e-05,sell,29352497
1766538669778,BTCUSDT,87588.7,5e-05,sell,29352498
1766538678417,BTCUSDT,87870.14,0.00526,buy,29352499
1766538725218,BTCUSDT,87869.65,0.0053,buy,29352500
1766538755359,BTCUSDT,87869.32,0.00057,buy,29352501
1766538760153,BTCUSDT,87869.31,4e-05,buy,29352502
1766538760153,BTCUSDT,87869.32,0.00116,buy,29352503
1766538815273,BTCUSDT,87868.47,5e-05,buy,29352504
1766538815301,BTCUSDT,87868.47,0.00114,buy,29352505
1766538875370,BTCUSDT,87867.77,6e-05,buy,29352506
1766539065221,BTCUSDT,87596.7,0.0007,sell,29352507
1766539539213,BTCUSDT,87603.9,0.00016,sell,29352508
1766540178756,BTCUSDT,87610.62,0.0121,sell,29352509
1766540207519,BTCUSDT,87611.04,4e-05,sell,29352510
1766540337672,BTCUSDT,87612.59,6e-05,sell,29352511
1766540337672,BTCUSDT,87612.41,0.00244,sell,29352512
1766540337672,BTCUSDT,87612.39,0.00524,sell,29352513
1766540342208,BTCUSDT,87612.05,0.0031,sell,29352514
1766540345676,BTCUSDT,87612.05,0.00124,sell,29352515
1766540358335,BTCUSDT,87612.05,0.00049,sell,29352516
1766540362434,BTCUSDT,87612.05,0.0002,sell,29352517
1766540366848,BTCUSDT,87817.82,4e-05,buy,29352518
1766541037341,BTCUSDT,87372.1,0.0115,sell,29352519
1766541680466,BTCUSDT,87752.69,6e-05,buy,29352520
1766541709521,BTCUSDT,87752.06,5e-05,buy,29352521
1766541709521,BTCUSDT,87752.07,9e-05,buy,29352522
1766541935299,BTCUSDT,87739.52,0.00023,buy,29352523
1766541966302,BTCUSDT,87447.71,0.00981,sell,29352524
1766541966302,BTCUSDT,87447.69,0.00019,sell,29352525
1766541966632,BTCUSDT,87447.69,0.00101,sell,29352526
1766541967500,BTCUSDT,87447.69,0.01186,sell,29352527
1766541967500,BTCUSDT,87447.68,0.00276,sell,29352528
1766542115313,BTCUSDT,87722.26,0.00011,buy,29352529
1766542190466,BTCUSDT,87685.14,0.00011,buy,29352530
1766542252515,BTCUSDT,87666.31,0.02408,buy,29352531
1766542415219,BTCUSDT,87632.82,0.00011,buy,29352532
1766542460409,BTCUSDT,87630.28,0.00011,buy,29352533
1766542520385,BTCUSDT,87626.46,0.00011,buy,29352534
1766542615818,BTCUSDT,87321.97,0.00043,sell,29352535
1766542770615,BTCUSDT,87614.16,0.00013,buy,29352536
1766543038478,BTCUSDT,87331.95,0.00026,sell,29352537
1766543958321,BTCUSDT,87301.95,0.00077,sell,29352538
1766543958488,BTCUSDT,87301.95,0.00949,sell,29352539
1766543958488,BTCUSDT,87301.94,0.00051,sell,29352540
1766543959498,BTCUSDT,87301.94,0.01229,sell,29352541
1766543960539,BTCUSDT,87301.94,0.01343,sell,29352542
1766543960732,BTCUSDT,87301.94,0.00031,sell,29352543
1766543963826,BTCUSDT,87301.94,0.00207,sell,29352544
1766543963826,BTCUSDT,87293.44,0.00793,sell,29352545
1766543964930,BTCUSDT,87293.44,0.00565,sell,29352546
1766543975363,BTCUSDT,87554.07,9e-05,buy,29352547
1766544012615,BTCUSDT,87263.01,0.00104,sell,29352548
1766544012615,BTCUSDT,87263.0,2e-05,sell,29352549
1766544012615,BTCUSDT,87260.0,0.00015,sell,29352550
1766544013680,BTCUSDT,87258.96,7e-05,sell,29352551
1766544042943,BTCUSDT,87530.78,0.00011,buy,29352552
1766544106455,BTCUSDT,87200.24,0.00011,sell,29352553
1766544220398,BTCUSDT,87201.11,0.00075,sell,29352554
1766544220508,BTCUSDT,87201.11,0.00012,sell,29352555
1766544220508,BTCUSDT,87200.69,0.00988,sell,29352556
1766544221709,BTCUSDT,87200.01,0.00059,sell,29352557
1766544221709,BTCUSDT,87200.0,0.00941,sell,29352558
1766544225073,BTCUSDT,87200.0,0.0003,sell,29352559
1766544227622,BTCUSDT,87200.0,0.0003,sell,29352560
1766544230122,BTCUSDT,87200.0,0.00028,sell,29352561
1766544230145,BTCUSDT,87200.0,0.04307,sell,29352562
1766544230463,BTCUSDT,87170.02,0.00037,sell,29352563
1766544230649,BTCUSDT,87170.02,0.00028,sell,29352564
1766544230823,BTCUSDT,87170.02,0.00262,sell,29352565
1766544231152,BTCUSDT,87170.02,0.00105,sell,29352566
1766544231152,BTCUSDT,87170.0,0.00023,sell,29352567
1766544233145,BTCUSDT,87125.03,0.00115,sell,29352568
1766544310256,BTCUSDT,87300.0,0.001,buy,29352569
1766544350974,BTCUSDT,87024.6,0.0023,sell,29352570
1766544351980,BTCUSDT,87020.74,0.00013,sell,29352571
1766544389910,BTCUSDT,87000.07,0.01342,sell,29352572
1766544390916,BTCUSDT,87000.03,0.00215,sell,29352573
1766544391923,BTCUSDT,87000.03,0.06095,sell,29352574
1766544392930,BTCUSDT,87000.02,0.00247,sell,29352575
1766544392930,BTCUSDT,87000.0,0.00255,sell,29352576
1766544393937,BTCUSDT,87000.01,0.02792,sell,29352577
1766544394943,BTCUSDT,87000.0,0.05784,sell,29352578
1766544858362,BTCUSDT,87214.6,0.00011,buy,29352579
1766544957067,BTCUSDT,87213.89,0.00033,buy,29352580
1766545275090,BTCUSDT,87210.51,2e-05,buy,29352581
1766545354549,BTCUSDT,87000.89,0.00357,sell,29352582
1766545400468,BTCUSDT,87204.58,8e-05,buy,29352583
1766545402119,BTCUSDT,86959.39,0.00065,sell,29352584
1766545414276,BTCUSDT,86916.68,5e-05,sell,29352585
1766545490346,BTCUSDT,87189.55,0.00029,buy,29352586
1766545505175,BTCUSDT,86916.68,0.00044,sell,29352587
1766545535306,BTCUSDT,87151.69,0.00011,buy,29352588
1766545546443,BTCUSDT,86916.67,0.00029,sell,29352589
1766545625387,BTCUSDT,87147.38,0.00115,buy,29352590
1766545655271,BTCUSDT,87145.64,0.00069,buy,29352591
1766545745275,BTCUSDT,87142.55,0.00029,buy,29352592
1766545775317,BTCUSDT,87141.08,0.00042,buy,29352593
1766545778064,BTCUSDT,87140.86,0.00011,buy,29352594
1766545778140,BTCUSDT,86919.78,0.00011,sell,29352595
1766545825810,BTCUSDT,87139.94,0.00026,buy,29352596
1766545910364,BTCUSDT,87138.53,6e-05,buy,29352597
1766546000390,BTCUSDT,87137.23,0.00057,buy,29352598
1766546075275,BTCUSDT,87135.85,0.00017,buy,29352599
1766546120506,BTCUSDT,87135.11,0.00057,buy,29352600
1766546282884,BTCUSDT,87132.53,0.00386,buy,29352601
1766546504176,BTCUSDT,87206.86,0.01361,buy,29352602
1766546504200,BTCUSDT,87206.86,0.00257,buy,29352603
1766546504321,BTCUSDT,87206.86,0.00301,buy,29352604
1766546504497,BTCUSDT,87206.86,0.00219,buy,29352605
1766546945386,BTCUSDT,87331.36,0.00011,buy,29352606
1766547470390,BTCUSDT,87443.88,2e-05,buy,29352607
1766547510073,BTCUSDT,87443.12,0.00033,buy,29352608
1766547591841,BTCUSDT,87046.2,0.00031,sell,29352609
1766547800380,BTCUSDT,87073.25,0.00042,sell,29352610
1766547937064,BTCUSDT,87082.14,0.00024,sell,29352611
1766547949760,BTCUSDT,87082.79,0.00017,sell,29352612
1766548475265,BTCUSDT,87431.42,0.00114,buy,29352613
1766548505276,BTCUSDT,87431.25,0.00114,buy,29352614
1766548880489,BTCUSDT,87427.05,0.00114,buy,29352615
1766548970390,BTCUSDT,87425.98,0.00017,buy,29352616
1766548981858,BTCUSDT,87425.92,0.00023,buy,29352617
1766549033997,BTCUSDT,87166.71,2e-05,sell,29352618
1766549045313,BTCUSDT,87425.71,2e-05,buy,29352619
1766549090414,BTCUSDT,87425.49,2e-05,buy,29352620
1766549180473,BTCUSDT,87424.45,6e-05,buy,29352621
1766549255275,BTCUSDT,87424.06,0.00057,buy,29352622
1766549548569,BTCUSDT,87444.21,6e-05,buy,29352623
1766549615351,BTCUSDT,87444.3,0.00011,buy,29352624
1766549646344,BTCUSDT,87444.3,0.00011,buy,29352625
1766549705304,BTCUSDT,87444.31,0.00065,buy,29352626
1766549705304,BTCUSDT,87480.51,0.00049,buy,29352627
1766549805454,BTCUSDT,87424.06,6e-05,sell,29352628
1766552089090,BTCUSDT,87404.85,0.00205,buy,29352629
1766552137027,BTCUSDT,87403.5,0.00105,buy,29352630
1766552182875,BTCUSDT,87402.32,0.00042,buy,29352631
1766552308853,BTCUSDT,87376.89,6e-05,buy,29352632
1766552324873,BTCUSDT,87376.52,0.00025,buy,29352633
1766552364608,BTCUSDT,87375.49,0.00033,buy,29352634
1766552435272,BTCUSDT,87373.72,6e-05,buy,29352635
1766552510373,BTCUSDT,87372.05,0.00017,buy,29352636
1766552690421,BTCUSDT,87367.84,0.00114,buy,29352637
1766552985723,BTCUSDT,87000.88,0.00018,sell,29352638
1766552990234,BTCUSDT,87353.16,0.00014,buy,29352639
1766553050316,BTCUSDT,87351.59,6e-05,buy,29352640
1766553531568,BTCUSDT,87332.85,0.00114,buy,29352641
1766553688112,BTCUSDT,87329.32,0.00114,buy,29352642
1766553921768,BTCUSDT,87323.82,0.00353,buy,29352643
1766554006639,BTCUSDT,87322.9,0.00397,buy,29352644
1766554080250,BTCUSDT,87321.95,0.00112,buy,29352645
1766554515830,BTCUSDT,87312.9,0.00016,buy,29352646
1766554971110,BTCUSDT,87038.99,0.00115,sell,29352647
1766555005145,BTCUSDT,87000.01,0.01416,sell,29352648
1766555006290,BTCUSDT,87000.0,0.05172,sell,29352649
1766555035133,BTCUSDT,86959.39,0.00065,sell,29352650
1766555035571,BTCUSDT,86916.7,0.00172,sell,29352651
1766555035571,BTCUSDT,86916.69,0.0001,sell,29352652
1766555036577,BTCUSDT,86916.69,0.00652,sell,29352653
1766555036577,BTCUSDT,86916.67,0.0001,sell,29352654
1766555037582,BTCUSDT,86916.67,3e-05,sell,29352655
1766555041713,BTCUSDT,86884.15,0.00038,sell,29352656
1766555360520,BTCUSDT,87087.65,2e-05,buy,29352657
1766555583873,BTCUSDT,87084.41,0.00034,buy,29352658
1766555607980,BTCUSDT,87083.79,0.00959,buy,29352659
1766555624200,BTCUSDT,87083.6,4e-05,buy,29352660
1766555693893,BTCUSDT,87082.85,0.00014,buy,29352661
1766555698783,BTCUSDT,86824.76,0.00028,sell,29352662
1766555699543,BTCUSDT,87082.79,0.00014,buy,29352663
1766555750453,BTCUSDT,87082.14,0.00115,buy,29352664
1766555781327,BTCUSDT,87081.78,0.00574,buy,29352665
1766556102309,BTCUSDT,87077.81,0.00022,buy,29352666
1766556350315,BTCUSDT,87073.92,0.00011,buy,29352667
1766556409527,BTCUSDT,86857.88,0.00137,sell,29352668
1766556432929,BTCUSDT,86858.23,0.00776,sell,29352669
1766556507668,BTCUSDT,87071.23,0.00012,buy,29352670
1766556573029,BTCUSDT,86853.64,0.00012,sell,29352671
1766556635818,BTCUSDT,87068.27,0.00012,buy,29352672
1766556699228,BTCUSDT,86856.24,0.00011,sell,29352673
1766556724605,BTCUSDT,86856.65,0.001,sell,29352674
1766556728214,BTCUSDT,87066.81,6e-05,buy,29352675
1766556800404,BTCUSDT,87065.66,3e-05,buy,29352676
1766556830439,BTCUSDT,87064.98,0.00011,buy,29352677
1766557490415,BTCUSDT,87053.0,0.00115,buy,29352678
1766558019115,BTCUSDT,86840.63,0.00044,sell,29352679
1766558111066,BTCUSDT,86842.57,0.00052,sell,29352680
1766558400688,BTCUSDT,87190.83,0.00014,buy,29352681
1766558406353,BTCUSDT,86852.03,0.00014,sell,29352682
1766558506453,BTCUSDT,87188.48,0.0001,buy,29352683
1766558652194,BTCUSDT,87185.71,0.00029,buy,29352684
1766558930420,BTCUSDT,87181.04,0.00057,buy,29352685
1766559446694,BTCUSDT,86881.0,0.03,sell,29352686
1766559650467,BTCUSDT,87170.43,6e-05,buy,29352687
1766559665298,BTCUSDT,87170.18,0.00011,buy,29352688
1766559762615,BTCUSDT,87168.82,4e-05,buy,29352689
1766559770385,BTCUSDT,87168.68,6e-05,buy,29352690
1766559830124,BTCUSDT,86888.94,0.00049,sell,29352691
1766559920389,BTCUSDT,87166.79,0.00114,buy,29352692
1766560130420,BTCUSDT,87163.37,0.00011,buy,29352693
1766560280455,BTCUSDT,87161.54,0.00114,buy,29352694
1766560295263,BTCUSDT,87161.34,0.00011,buy,29352695
1766560355279,BTCUSDT,87160.66,0.00011,buy,29352696
1766560583122,BTCUSDT,87158.19,0.00016,buy,29352697
1766560597900,BTCUSDT,87157.99,0.00016,buy,29352698
1766561017781,BTCUSDT,87151.38,2e-05,buy,29352699
1766561480388,BTCUSDT,87142.71,0.00115,buy,29352700
1766561634722,BTCUSDT,87140.84,0.01721,buy,29352701
1766561662838,BTCUSDT,87140.51,5e-05,buy,29352702
1766561825373,BTCUSDT,87138.48,0.00092,buy,29352703
1766562254611,BTCUSDT,87162.64,0.00023,buy,29352704
1766562958448,BTCUSDT,86942.02,5e-05,sell,29352705
1766562958448,BTCUSDT,86942.01,0.00032,sell,29352706
1766562959069,BTCUSDT,87257.65,0.00014,buy,29352707
1766563340505,BTCUSDT,87138.48,0.00023,buy,29352708
1766563509396,BTCUSDT,87135.24,0.00011,buy,29352709
1766563565371,BTCUSDT,87132.92,6e-05,buy,29352710
1766563685306,BTCUSDT,87129.5,6e-05,buy,29352711
1766564390409,BTCUSDT,87117.45,6e-05,buy,29352712
1766565606394,BTCUSDT,86819.28,0.00378,sell,29352713
1766565609614,BTCUSDT,86819.28,0.004,sell,29352714
1766565662187,BTCUSDT,87022.16,0.00014,buy,29352715
1766566083746,BTCUSDT,87016.83,0.00325,buy,29352716
1766566100755,BTCUSDT,87016.51,0.0001,buy,29352717
1766566190418,BTCUSDT,87015.1,0.00115,buy,29352718
1766566658588,BTCUSDT,87006.0,0.00062,sell,29352719
1766566658589,BTCUSDT,87006.0,0.00931,sell,29352720
1766566658590,BTCUSDT,87006.0,0.00078,sell,29352721
1766566658590,BTCUSDT,87006.0,0.00077,sell,29352722
1766566765076,BTCUSDT,86818.48,6e-05,sell,29352723
1766566895289,BTCUSDT,86997.05,0.00115,buy,29352724
1766566955321,BTCUSDT,86996.11,0.00023,buy,29352725
1766568275306,BTCUSDT,86976.85,0.00057,buy,29352726
1766568997744,BTCUSDT,86808.65,0.00251,sell,29352727
1766569001932,BTCUSDT,86965.3,0.00014,buy,29352728
1766569199290,BTCUSDT,86773.99,0.00158,sell,29352729
1766570309313,BTCUSDT,86934.37,5e-05,buy,29352730
1766570840481,BTCUSDT,86928.08,6e-05,buy,29352731
1766571125340,BTCUSDT,87057.89,0.00287,buy,29352732
1766571620478,BTCUSDT,87101.15,0.00057,buy,29352733
1766572146846,BTCUSDT,87183.8,0.00057,buy,29352734
1766572153062,BTCUSDT,87057.89,0.00014,sell,29352735
1766572809310,BTCUSDT,87173.92,0.00011,buy,29352736
1766572907769,BTCUSDT,87173.33,5e-05,buy,29352737
1766572970418,BTCUSDT,87314.03,6e-05,buy,29352738
1766572974255,BTCUSDT,87060.17,0.00014,sell,29352739
1766572975377,BTCUSDT,87060.17,0.00014,sell,29352740
1766572976473,BTCUSDT,87060.19,0.00014,sell,29352741
1766574485344,BTCUSDT,87264.08,6e-05,buy,29352742
1766574503098,BTCUSDT,87066.92,0.00033,sell,29352743
1766574712566,BTCUSDT,87318.97,0.00016,buy,29352744
1766574727068,BTCUSDT,87318.97,0.00016,buy,29352745
1766574755420,BTCUSDT,87318.92,0.00114,buy,29352746
1766574890307,BTCUSDT,87318.78,8e-05,buy,29352747
1766575005816,BTCUSDT,87318.15,0.00115,buy,29352748
1766575041283,BTCUSDT,87318.01,2e-05,buy,29352749
1766575256145,BTCUSDT,87317.7,4e-05,buy,29352750
1766575884225,BTCUSDT,87317.64,0.0003,buy,29352751
1766575970449,BTCUSDT,87316.87,0.00057,buy,29352752
1766576690141,BTCUSDT,87119.21,0.00031,sell,29352753
1766577610855,BTCUSDT,87124.63,0.00024,sell,29352754
1766577680422,BTCUSDT,87301.3,2e-05,buy,29352755
1766577740489,BTCUSDT,87300.32,0.00029,buy,29352756
1766577875351,BTCUSDT,87298.03,0.00011,buy,29352757
1766578205418,BTCUSDT,87292.12,6e-05,buy,29352758
1766578205451,BTCUSDT,87292.12,6e-05,buy,29352759
1766578295354,BTCUSDT,87291.13,0.00011,buy,29352760
1766578370507,BTCUSDT,87290.68,6e-05,buy,29352761
1766578490368,BTCUSDT,87290.64,0.00029,buy,29352762
1766578592282,BTCUSDT,87339.96,0.00296,buy,29352763
1766578595467,BTCUSDT,87128.85,0.00014,sell,29352764
1766578623868,BTCUSDT,87339.96,0.00905,buy,29352765
1766578624875,BTCUSDT,87339.98,0.01119,buy,29352766
1766578625135,BTCUSDT,87340.0,0.0001,buy,29352767
1766578625881,BTCUSDT,87351.59,0.01488,buy,29352768
1766579996246,BTCUSDT,87351.58,0.01709,buy,29352769
1766579996337,BTCUSDT,87351.59,0.0041,buy,29352770
1766579997253,BTCUSDT,87351.59,0.05379,buy,29352771
1766579997710,BTCUSDT,87351.59,0.00412,buy,29352772
1766580005448,BTCUSDT,87351.58,0.00022,buy,29352773
1766580041727,BTCUSDT,87351.58,0.00266,buy,29352774
1766580041766,BTCUSDT,87351.58,0.00349,buy,29352775
1766580041766,BTCUSDT,87351.59,0.00064,buy,29352776
1766580041780,BTCUSDT,87351.59,0.00314,buy,29352777
1766580057920,BTCUSDT,87351.59,0.01847,buy,29352778
1766580065464,BTCUSDT,87416.88,0.00022,buy,29352779
1766580125594,BTCUSDT,87416.88,0.00022,buy,29352780
1766580185309,BTCUSDT,87444.27,0.00114,buy,29352781
1766580186021,BTCUSDT,87444.27,0.00022,buy,29352782
1766580716453,BTCUSDT,87439.98,0.00114,buy,29352783
1766581580384,BTCUSDT,87444.22,0.00011,buy,29352784
1766581799839,BTCUSDT,87443.07,0.00063,buy,29352785
1766581805373,BTCUSDT,87443.02,2e-05,buy,29352786
1766581820410,BTCUSDT,87442.87,0.00057,buy,29352787
1766581865314,BTCUSDT,87442.43,0.00114,buy,29352788
1766581901942,BTCUSDT,87442.17,0.00011,buy,29352789
1766582000400,BTCUSDT,87440.42,0.00011,buy,29352790
1766582022443,BTCUSDT,87440.18,0.00019,buy,29352791
1766582105363,BTCUSDT,87439.12,0.00023,buy,29352792
1766582199216,BTCUSDT,87436.91,0.00019,buy,29352793
1766582235284,BTCUSDT,87436.51,3e-05,buy,29352794
1766582460672,BTCUSDT,87241.28,0.0001,sell,29352795
1766582653568,BTCUSDT,87431.85,5e-05,buy,29352796
1766582778203,BTCUSDT,87300.0,0.00419,sell,29352797
1766582967014,BTCUSDT,87221.9,0.00171,sell,29352798
1766582967014,BTCUSDT,87221.88,0.06727,sell,29352799
1766583073126,BTCUSDT,87222.59,0.00068,sell,29352800
1766583177766,BTCUSDT,87223.06,0.00954,sell,29352801
1766583830412,BTCUSDT,87222.67,0.01258,buy,29352802
1766583846851,BTCUSDT,87060.84,0.17298,sell,29352803
1766584397984,BTCUSDT,87073.29,0.00013,sell,29352804
1766584443897,BTCUSDT,87412.34,0.00272,buy,29352805
1766584835312,BTCUSDT,87408.12,3e-05,buy,29352806
1766585045474,BTCUSDT,87201.3,9e-05,sell,29352807
1766585096281,BTCUSDT,87405.55,2e-05,buy,29352808
1766585120484,BTCUSDT,87405.44,0.00114,buy,29352809
1766585406976,BTCUSDT,87404.75,0.00015,buy,29352810
1766585433142,BTCUSDT,87212.04,0.00032,sell,29352811
1766585447341,BTCUSDT,87444.22,0.00017,buy,29352812
1766585489344,BTCUSDT,87444.14,0.0002,buy,29352813
1766585495311,BTCUSDT,87444.14,0.00035,buy,29352814
1766585522972,BTCUSDT,87444.11,0.00034,buy,29352815
1766585540446,BTCUSDT,87444.07,0.00017,buy,29352816
1766585600446,BTCUSDT,87443.65,0.00012,buy,29352817
1766585630316,BTCUSDT,87444.3,6e-05,buy,29352818
1766586080386,BTCUSDT,87439.87,0.00114,buy,29352819
1766586557950,BTCUSDT,87209.37,0.00086,sell,29352820
1766586733375,BTCUSDT,87058.05,0.00229,sell,29352821
1766586861684,BTCUSDT,87354.42,0.00142,buy,29352822
1766586877782,BTCUSDT,87057.89,0.00194,sell,29352823
1766586894980,BTCUSDT,87251.2,0.00114,buy,29352824
1766586990101,BTCUSDT,86885.47,0.00757,sell,29352825
1766586990128,BTCUSDT,86884.15,0.00438,sell,29352826
1766586990748,BTCUSDT,86884.15,0.0062,sell,29352827
1766587062383,BTCUSDT,86748.15,0.00025,sell,29352828
1766587062411,BTCUSDT,86748.15,1e-05,sell,29352829
1766587062411,BTCUSDT,86747.16,2e-05,sell,29352830
1766587062411,BTCUSDT,86732.26,0.00404,sell,29352831
1766587062553,BTCUSDT,86732.26,0.00376,sell,29352832
1766587069434,BTCUSDT,86732.26,0.00148,sell,29352833
1766587069566,BTCUSDT,86732.26,0.00186,sell,29352834
1766587070572,BTCUSDT,86732.25,7e-05,sell,29352835
1766587070572,BTCUSDT,86725.35,0.0115,sell,29352836
1766587070844,BTCUSDT,86725.33,0.00123,sell,29352837
1766587070871,BTCUSDT,86691.84,0.00017,sell,29352838
1766587070871,BTCUSDT,86687.6,0.0002,sell,29352839
1766587070871,BTCUSDT,86635.84,0.00085,sell,29352840
1766587087792,BTCUSDT,86634.48,3e-05,sell,29352841
1766587088832,BTCUSDT,86611.29,7e-05,sell,29352842
1766587088832,BTCUSDT,86611.0,0.00034,sell,29352843
1766587088832,BTCUSDT,86610.0,0.0009,sell,29352844
1766587089027,BTCUSDT,86595.03,0.00064,sell,29352845
1766587089377,BTCUSDT,86595.03,0.00123,sell,29352846
1766587089858,BTCUSDT,86595.03,0.00089,sell,29352847
1766587089858,BTCUSDT,86594.92,0.00089,sell,29352848
1766587093289,BTCUSDT,86565.39,0.00031,sell,29352849
1766587094508,BTCUSDT,86550.25,0.00158,sell,29352850
1766587111605,BTCUSDT,86514.34,0.00514,sell,29352851
1766587112374,BTCUSDT,86500.0,0.00077,sell,29352852
1766587112374,BTCUSDT,86500.0,0.00138,sell,29352853
1766587113176,BTCUSDT,86500.0,0.00077,sell,29352854
1766587116126,BTCUSDT,86500.0,0.00713,sell,29352855
1766587116126,BTCUSDT,86499.44,0.00013,sell,29352856
1766587175918,BTCUSDT,86718.99,0.00112,buy,29352857
1766587178748,BTCUSDT,86718.89,0.00012,buy,29352858
1766587216622,BTCUSDT,86721.57,0.01135,buy,29352859
1766587219791,BTCUSDT,86721.57,0.01117,buy,29352860
1766587225446,BTCUSDT,86721.56,0.00552,buy,29352861
1766587226275,BTCUSDT,86721.56,1e-05,buy,29352862
1766587226275,BTCUSDT,86721.57,1e-05,buy,29352863
1766587248292,BTCUSDT,86882.78,0.01145,buy,29352864
1766587305345,BTCUSDT,87020.24,0.00142,buy,29352865
1766587309509,BTCUSDT,86694.42,0.00012,sell,29352866
1766587310387,BTCUSDT,87020.2,0.00036,buy,29352867
1766587370929,BTCUSDT,87020.73,0.00348,buy,29352868
1766587371271,BTCUSDT,87020.73,1e-05,buy,29352869
1766587371271,BTCUSDT,87020.74,0.00013,buy,29352870
1766587371383,BTCUSDT,87039.97,0.0104,buy,29352871
1766587372964,BTCUSDT,87113.49,0.00011,buy,29352872
1766587541467,BTCUSDT,87109.82,0.00036,buy,29352873
1766587591944,BTCUSDT,86829.5,0.02093,sell,29352874
1766587596879,BTCUSDT,86829.5,0.01168,sell,29352875
1766587887115,BTCUSDT,87125.7,0.01157,buy,29352876
1766587887115,BTCUSDT,87125.72,0.01073,buy,29352877
1766587939802,BTCUSDT,87258.19,0.00034,buy,29352878
1766587942890,BTCUSDT,86974.91,0.00011,sell,29352879
1766588006043,BTCUSDT,87256.14,0.00011,buy,29352880
1766588070040,BTCUSDT,86975.91,0.00011,sell,29352881
1766588133426,BTCUSDT,87249.01,0.00011,buy,29352882
1766588179398,BTCUSDT,87246.85,0.00011,buy,29352883
1766588197250,BTCUSDT,86976.91,0.00011,sell,29352884
1766588222334,BTCUSDT,86976.88,0.0227,sell,29352885
1766588260640,BTCUSDT,87131.84,0.00011,buy,29352886
1766588324890,BTCUSDT,86745.27,0.00011,sell,29352887
1766588388180,BTCUSDT,87128.88,0.00012,buy,29352888
1766588418710,BTCUSDT,86748.82,0.00056,sell,29352889
1766588446451,BTCUSDT,87128.01,0.00219,buy,29352890
1766588451780,BTCUSDT,86803.08,0.00012,sell,29352891
1766588453623,BTCUSDT,87127.97,0.00172,buy,29352892
1766588453623,BTCUSDT,87127.98,0.00078,buy,29352893
1766588540466,BTCUSDT,87127.09,0.00023,buy,29352894
1766588555356,BTCUSDT,87127.09,0.00017,buy,29352895
1766588561237,BTCUSDT,87127.09,0.01046,buy,29352896
1766588562820,BTCUSDT,87127.09,0.01115,buy,29352897
1766588564957,BTCUSDT,87127.09,1e-05,buy,29352898
1766588690415,BTCUSDT,87252.94,2e-05,buy,29352899
1766588703951,BTCUSDT,87252.21,0.1001,buy,29352900
1766588703951,BTCUSDT,87252.22,0.00171,buy,29352901
1766588703951,BTCUSDT,87252.23,0.76252,buy,29352902
1766588703951,BTCUSDT,87252.24,0.13255,buy,29352903
1766588703951,BTCUSDT,87252.32,0.18749,buy,29352904
1766588703951,BTCUSDT,87252.6,0.0109,buy,29352905
1766588703951,BTCUSDT,87253.21,0.00899,buy,29352906
1766588703951,BTCUSDT,87257.15,0.01918,buy,29352907
1766588855886,BTCUSDT,87162.81,0.00034,buy,29352908
1766588870413,BTCUSDT,87156.09,0.01717,buy,29352909
1766588879529,BTCUSDT,87155.65,0.00114,buy,29352910
1766588885307,BTCUSDT,87155.55,0.00407,buy,29352911
1766588885307,BTCUSDT,87155.56,0.00172,buy,29352912
1766588885307,BTCUSDT,87155.57,0.00566,buy,29352913
1766588900393,BTCUSDT,86917.01,0.00017,sell,29352914
1766588962890,BTCUSDT,86999.69,0.01215,sell,29352915
1766589040405,BTCUSDT,87153.83,2e-05,buy,29352916
1766589040405,BTCUSDT,87153.84,9e-05,buy,29352917
1766589077956,BTCUSDT,87050.69,0.01263,sell,29352918
1766589080414,BTCUSDT,87153.49,0.00011,buy,29352919
1766589114798,BTCUSDT,87153.28,0.00058,buy,29352920
1766589125308,BTCUSDT,87153.21,0.00057,buy,29352921
1766589662315,BTCUSDT,86882.56,0.02109,sell,29352922
1766589662315,BTCUSDT,86882.55,0.01185,sell,29352923
1766589662315,BTCUSDT,86882.54,0.01288,sell,29352924
1766589662315,BTCUSDT,86882.37,0.01072,sell,29352925
1766589670803,BTCUSDT,86752.68,0.00219,sell,29352926
1766589700478,BTCUSDT,86753.11,0.00135,sell,29352927
1766589700721,BTCUSDT,86753.11,0.00135,sell,29352928
1766589701006,BTCUSDT,86753.11,0.00038,sell,29352929
1766589987409,BTCUSDT,86576.84,9e-05,sell,29352930
1766590041374,BTCUSDT,86935.82,6e-05,buy,29352931
1766590534017,BTCUSDT,87159.54,0.00938,buy,29352932
1766590534017,BTCUSDT,87159.56,0.01225,buy,29352933
1766590534017,BTCUSDT,87159.59,0.02081,buy,29352934
1766590796862,BTCUSDT,86965.25,0.01666,sell,29352935
1766590917976,BTCUSDT,87163.65,0.00011,buy,29352936
1766590970540,BTCUSDT,87162.33,0.00114,buy,29352937
1766590982545,BTCUSDT,86886.64,0.00011,sell,29352938
1766591046696,BTCUSDT,87160.7,0.00012,buy,29352939
1766591075284,BTCUSDT,87163.39,0.00011,buy,29352940
1766591110676,BTCUSDT,86891.12,0.00012,sell,29352941
1766591173682,BTCUSDT,87162.93,0.00012,buy,29352942
1766591237186,BTCUSDT,86981.44,0.00012,sell,29352943
1766591300782,BTCUSDT,87161.99,0.00011,buy,29352944
1766591364606,BTCUSDT,86974.63,0.00011,sell,29352945
1766591428867,BTCUSDT,87159.3,0.00011,buy,29352946
1766591465320,BTCUSDT,87158.69,0.00114,buy,29352947
1766591493796,BTCUSDT,86841.34,0.00011,sell,29352948
1766591556776,BTCUSDT,87157.63,0.00011,buy,29352949
1766591556776,BTCUSDT,87157.64,1e-05,buy,29352950
1766591620497,BTCUSDT,86845.17,0.00012,sell,29352951
1766591685026,BTCUSDT,87156.35,0.00012,buy,29352952
1766591749676,BTCUSDT,86847.96,0.00012,sell,29352953
1766591812586,BTCUSDT,87155.26,0.00012,buy,29352954
1766591876025,BTCUSDT,86850.84,0.00011,sell,29352955
1766591939885,BTCUSDT,87154.42,0.00012,buy,29352956
1766591952743,BTCUSDT,87154.34,0.00013,buy,29352957
1766592003387,BTCUSDT,86854.09,0.00012,sell,29352958
1766592143957,BTCUSDT,87152.96,0.01033,buy,29352959
1766592145580,BTCUSDT,87152.96,1e-05,buy,29352960
1766592241210,BTCUSDT,87196.63,6e-05,buy,29352961
1766592258718,BTCUSDT,86953.24,0.00034,sell,29352962
1766592373413,BTCUSDT,87257.25,0.00086,buy,29352963
1766592395352,BTCUSDT,87257.14,0.00114,buy,29352964
1766592459182,BTCUSDT,87256.43,2e-05,buy,29352965
1766592590379,BTCUSDT,87255.22,0.00029,buy,29352966
1766592710299,BTCUSDT,87254.25,6e-05,buy,29352967
1766592864049,BTCUSDT,87253.13,0.00013,buy,29352968
1766592875278,BTCUSDT,87253.0,0.00011,buy,29352969
1766592897716,BTCUSDT,86971.87,0.00058,sell,29352970
1766592920469,BTCUSDT,87252.53,6e-05,buy,29352971
1766592935301,BTCUSDT,87252.4,6e-05,buy,29352972
1766593554879,BTCUSDT,86981.46,0.01253,sell,29352973
1766593554879,BTCUSDT,86981.42,0.02081,sell,29352974
1766593595313,BTCUSDT,87181.93,0.00011,buy,29352975
1766593739216,BTCUSDT,87179.05,0.00017,buy,29352976
1766594015306,BTCUSDT,87175.32,0.00023,buy,29352977
1766594016630,BTCUSDT,87175.32,0.00172,buy,29352978
1766594016630,BTCUSDT,87175.33,0.00359,buy,29352979
1766594016630,BTCUSDT,87175.34,0.01155,buy,29352980
1766594018365,BTCUSDT,87258.0,0.00019,buy,29352981
1766594018940,BTCUSDT,87258.0,1e-05,buy,29352982
1766594018940,BTCUSDT,87258.96,7e-05,buy,29352983
1766594018940,BTCUSDT,87263.0,2e-05,buy,29352984
1766594024220,BTCUSDT,87350.0,9e-05,buy,29352985
1766594025380,BTCUSDT,87350.0,1e-05,buy,29352986
1766594026031,BTCUSDT,87390.0,9e-05,buy,29352987
1766594026521,BTCUSDT,87390.0,1e-05,buy,29352988
1766594027071,BTCUSDT,87416.88,0.00038,buy,29352989
1766594027071,BTCUSDT,87420.0,0.0001,buy,29352990
1766594027071,BTCUSDT,87444.31,0.00065,buy,29352991
1766594027071,BTCUSDT,87450.0,0.0001,buy,29352992
1766594031044,BTCUSDT,87544.83,2e-05,buy,29352993
1766594031175,BTCUSDT,87544.83,1e-05,buy,29352994
1766594031175,BTCUSDT,87545.18,0.00013,buy,29352995
1766594104370,BTCUSDT,87416.86,0.00332,sell,29352996
1766594164209,BTCUSDT,87632.01,0.00334,buy,29352997
1766594224586,BTCUSDT,87398.44,0.00334,sell,29352998
1766594524668,BTCUSDT,87558.21,0.00334,buy,29352999
1766594584208,BTCUSDT,87292.89,0.00334,sell,29353000
1766595545314,BTCUSDT,87498.72,0.00023,buy,29353001
1766595770345,BTCUSDT,87494.56,0.00057,buy,29353002
1766595885089,BTCUSDT,87492.62,0.00057,buy,29353003
1766596070410,BTCUSDT,87490.88,0.00029,buy,29353004
1766596226972,BTCUSDT,87206.21,0.00014,sell,29353005
1766596233416,BTCUSDT,87206.27,0.00014,sell,29353006
1766596250412,BTCUSDT,87488.51,0.00011,buy,29353007
1766596505265,BTCUSDT,87485.55,0.00023,buy,29353008
1766597293121,BTCUSDT,87480.7,0.01129,buy,29353009
1766597408967,BTCUSDT,87480.64,0.01109,buy,29353010
1766597418563,BTCUSDT,87480.64,2e-05,buy,29353011
1766597667747,BTCUSDT,87639.64,0.0023,buy,29353012
1766598020422,BTCUSDT,87634.76,0.00034,buy,29353013
1766598280675,BTCUSDT,87590.63,0.00061,buy,29353014
1766598295821,BTCUSDT,87590.18,0.00533,buy,29353015
1766598295821,BTCUSDT,87590.19,0.00193,buy,29353016
1766598430018,BTCUSDT,87588.19,0.00057,buy,29353017
1766598464907,BTCUSDT,87587.89,0.00057,buy,29353018
1766598512251,BTCUSDT,87587.59,0.00057,buy,29353019
1766599028133,BTCUSDT,87304.49,0.01693,sell,29353020
1766599040814,BTCUSDT,87226.51,0.00091,sell,29353021
1766599061842,BTCUSDT,87517.06,4e-05,buy,29353022
1766599265316,BTCUSDT,87512.57,0.00023,buy,29353023
1766599295293,BTCUSDT,87512.1,0.00011,buy,29353024
1766599504001,BTCUSDT,87220.76,0.00323,sell,29353025
1766599550506,BTCUSDT,87494.78,0.00028,buy,29353026
1766599613513,BTCUSDT,87493.71,3e-05,buy,29353027
1766599645511,BTCUSDT,87493.45,0.00029,buy,29353028
1766599662048,BTCUSDT,87224.99,7e-05,sell,29353029
1766599667051,BTCUSDT,87493.26,0.00057,buy,29353030
1766599700385,BTCUSDT,87492.93,3e-05,buy,29353031
1766599709208,BTCUSDT,87300.0,0.03121,buy,29353032
1766599709210,BTCUSDT,87300.0,2e-05,buy,29353033
1766599715311,BTCUSDT,87492.75,5e-05,buy,29353034
1766599894531,BTCUSDT,87230.2,0.01834,sell,29353035
1766599940409,BTCUSDT,87489.14,0.00114,buy,29353036
1766600015358,BTCUSDT,87487.54,0.00011,buy,29353037
1766600075310,BTCUSDT,87486.22,2e-05,buy,29353038
1766600120373,BTCUSDT,87485.58,6e-05,buy,29353039
1766600283995,BTCUSDT,87484.94,0.00313,buy,29353040
1766600330409,BTCUSDT,87484.76,0.00114,buy,29353041
1766600748890,BTCUSDT,87484.76,0.04648,sell,29353042
1766601009574,BTCUSDT,87484.65,0.0465,sell,29353043
1766601858817,BTCUSDT,87576.94,8e-05,buy,29353044
1766601890445,BTCUSDT,87576.56,0.00131,buy,29353045
1766601890445,BTCUSDT,87576.57,0.00211,buy,29353046
1766601904322,BTCUSDT,87576.45,0.00016,buy,29353047
1766602072463,BTCUSDT,87326.91,8e-05,sell,29353048
1766602337572,BTCUSDT,87572.99,4e-05,buy,29353049
1766602364820,BTCUSDT,87572.81,0.00019,buy,29353050
1766602391654,BTCUSDT,87572.64,0.00018,buy,29353051
1766602436841,BTCUSDT,87572.34,0.00016,buy,29353052
1766602467341,BTCUSDT,87572.13,0.00016,buy,29353053
1766602775309,BTCUSDT,87570.31,0.00171,buy,29353054
1766602775309,BTCUSDT,87570.32,0.00399,buy,29353055
1766602816645,BTCUSDT,87569.95,0.00016,buy,29353056
1766602844141,BTCUSDT,87569.61,0.00016,buy,29353057
1766602933141,BTCUSDT,87568.81,0.00016,buy,29353058
1766602940504,BTCUSDT,87568.74,0.00017,buy,29353059
1766602970483,BTCUSDT,87568.48,6e-05,buy,29353060
1766602996546,BTCUSDT,87568.32,0.00016,buy,29353061
1766603018538,BTCUSDT,87568.27,0.00017,buy,29353062
1766603044151,BTCUSDT,87568.18,0.00017,buy,29353063
1766603213125,BTCUSDT,87567.04,0.00011,buy,29353064
1766603299496,BTCUSDT,87566.88,0.00011,buy,29353065
1766603373090,BTCUSDT,87566.48,0.0057,buy,29353066
1766603511850,BTCUSDT,87448.01,2e-05,sell,29353067
1766603511850,BTCUSDT,87448.0,0.00569,sell,29353068
1766603522579,BTCUSDT,87448.0,0.0043,sell,29353069
1766603555296,BTCUSDT,87563.9,0.00023,buy,29353070
1766603591262,BTCUSDT,87448.0,1e-05,sell,29353071
1766603591262,BTCUSDT,87409.23,0.00777,sell,29353072
1766603690166,BTCUSDT,87561.01,0.00034,buy,29353073
1766603758835,BTCUSDT,87559.54,0.00216,buy,29353074
1766604251817,BTCUSDT,87325.02,0.00049,sell,29353075
1766604603669,BTCUSDT,87547.62,0.00171,buy,29353076
1766604603669,BTCUSDT,87547.63,0.00116,buy,29353077
1766604620385,BTCUSDT,87547.52,0.02279,buy,29353078
1766604772965,BTCUSDT,87546.87,0.00047,buy,29353079
1766604920414,BTCUSDT,87545.99,0.00023,buy,29353080
1766604941571,BTCUSDT,87337.08,0.00109,sell,29353081
1766605001428,BTCUSDT,87545.54,0.00171,buy,29353082
1766605001428,BTCUSDT,87545.55,0.00482,buy,29353083
1766605045746,BTCUSDT,87545.32,0.00219,buy,29353084
1766605060998,BTCUSDT,87545.24,0.00114,buy,29353085
1766605545075,BTCUSDT,87543.13,0.00011,buy,29353086
1766605545230,BTCUSDT,87349.78,0.00011,sell,29353087
1766605777175,BTCUSDT,87554.96,0.00169,buy,29353088
1766605828614,BTCUSDT,87554.99,0.01024,buy,29353089
1766605828614,BTCUSDT,87555.0,0.00139,buy,29353090
1766605829627,BTCUSDT,87555.0,0.00989,buy,29353091
1766605875542,BTCUSDT,87569.57,0.00084,buy,29353092
1766606078151,BTCUSDT,87569.3,0.00285,buy,29353093
1766606357602,BTCUSDT,87569.59,0.0057,buy,29353094
1766606363982,BTCUSDT,87569.59,0.0146,buy,29353095
1766606363982,BTCUSDT,87569.6,0.00409,buy,29353096
1766606435305,BTCUSDT,87569.61,6e-05,buy,29353097
1766606435305,BTCUSDT,87581.35,0.00028,buy,29353098
1766606675617,BTCUSDT,87643.95,2e-05,buy,29353099
1766606870382,BTCUSDT,87642.42,0.00142,buy,29353100
1766606975276,BTCUSDT,87642.21,5e-05,buy,29353101
1766607042704,BTCUSDT,87642.21,0.00011,buy,29353102
1766607050454,BTCUSDT,87642.21,0.00057,buy,29353103
1766607050487,BTCUSDT,87642.21,8e-05,buy,29353104
1766607080346,BTCUSDT,87642.21,3e-05,buy,29353105
1766607110369,BTCUSDT,87642.21,0.00114,buy,29353106
1766607142568,BTCUSDT,87642.19,0.00083,buy,29353107
1766607152732,BTCUSDT,87645.63,0.00102,buy,29353108
1766607152732,BTCUSDT,87645.64,7e-05,buy,29353109
1766607159118,BTCUSDT,87418.93,9e-05,sell,29353110
1766607215309,BTCUSDT,87705.24,6e-05,buy,29353111
1766607290382,BTCUSDT,87704.57,0.00284,buy,29353112
1766607335286,BTCUSDT,87704.16,0.00023,buy,29353113
1766607455316,BTCUSDT,87705.21,0.01138,buy,29353114
1766607702556,BTCUSDT,87705.1,0.08988,buy,29353115
1766607702556,BTCUSDT,87705.2,0.02415,buy,29353116
1766607796767,BTCUSDT,87705.13,0.0009,buy,29353117
1766607830420,BTCUSDT,87705.13,0.00284,buy,29353118
1766607848823,BTCUSDT,87705.1,0.06733,buy,29353119
1766607848823,BTCUSDT,87705.2,0.04669,buy,29353120
1766607968812,BTCUSDT,87705.19,0.04922,buy,29353121
1766607968812,BTCUSDT,87705.2,0.0555,buy,29353122
1766607968812,BTCUSDT,87705.24,0.00233,buy,29353123
1766607968812,BTCUSDT,87705.28,0.00123,buy,29353124
1766607968812,BTCUSDT,87728.49,0.00574,buy,29353125
1766608268441,BTCUSDT,87477.67,0.00088,sell,29353126
1766608325288,BTCUSDT,87726.6,2e-05,buy,29353127
1766608370488,BTCUSDT,87726.46,0.00028,buy,29353128
1766608467527,BTCUSDT,87650.01,0.02089,sell,29353129
1766608468533,BTCUSDT,87650.0,0.09495,sell,29353130
1766608469540,BTCUSDT,87650.0,0.00014,sell,29353131
1766608472548,BTCUSDT,87650.0,0.03164,sell,29353132
1766608473554,BTCUSDT,87650.0,5e-05,sell,29353133
1766608491414,BTCUSDT,87650.0,0.00085,sell,29353134
1766608535976,BTCUSDT,87650.0,0.00016,sell,29353135
1766608700411,BTCUSDT,87725.18,0.0017,buy,29353136
1766608700411,BTCUSDT,87725.34,0.00399,buy,29353137
1766608815494,BTCUSDT,87650.02,0.0017,sell,29353138
1766608815494,BTCUSDT,87650.01,0.01181,sell,29353139
1766608815494,BTCUSDT,87650.0,0.23034,sell,29353140
1766609056932,BTCUSDT,87725.33,0.0017,buy,29353141
1766609056932,BTCUSDT,87728.48,0.00242,buy,29353142
1766609056932,BTCUSDT,87728.5,0.00146,buy,29353143
1766609056932,BTCUSDT,87777.73,0.13564,buy,29353144
1766609056932,BTCUSDT,87777.74,0.01143,buy,29353145
1766609056932,BTCUSDT,87777.76,0.08938,buy,29353146
1766609086081,BTCUSDT,87650.03,0.00114,sell,29353147
1766609336323,BTCUSDT,87650.03,0.0012,sell,29353148
1766609340190,BTCUSDT,87650.02,0.00048,sell,29353149
1766609451073,BTCUSDT,87650.02,0.002,sell,29353150
1766609589687,BTCUSDT,87650.02,0.00023,sell,29353151
1766609600261,BTCUSDT,87650.02,0.00046,sell,29353152
1766609719782,BTCUSDT,87650.02,0.01021,sell,29353153
1766609719957,BTCUSDT,87650.02,0.00784,sell,29353154
1766609720384,BTCUSDT,87650.02,1e-05,sell,29353155
1766609720384,BTCUSDT,87650.01,0.02339,sell,29353156
1766609720384,BTCUSDT,87650.0,0.03452,sell,29353157
1766609720646,BTCUSDT,87650.0,0.03246,sell,29353158
1766609720865,BTCUSDT,87650.0,0.03247,sell,29353159
1766609721089,BTCUSDT,87650.0,0.01273,sell,29353160
1766609721316,BTCUSDT,87650.0,0.0284,sell,29353161
1766609721533,BTCUSDT,87650.0,0.00952,sell,29353162
1766609781160,BTCUSDT,87650.0,0.00016,sell,29353163
1766610006931,BTCUSDT,87650.0,0.0005,sell,29353164
1766610275316,BTCUSDT,87758.81,0.00013,buy,29353165
1766610351069,BTCUSDT,87758.71,0.00034,buy,29353166
1766610365394,BTCUSDT,87758.71,0.00114,buy,29353167
1766610380466,BTCUSDT,87758.71,0.00022,buy,29353168
1766610380466,BTCUSDT,87758.73,0.00012,buy,29353169
1766610395352,BTCUSDT,87758.69,6e-05,buy,29353170
1766610404966,BTCUSDT,87758.69,5e-05,buy,29353171
1766610481066,BTCUSDT,87651.91,7e-05,sell,29353172
1766610500477,BTCUSDT,87758.69,0.00085,buy,29353173
1766610506064,BTCUSDT,87758.69,0.00023,buy,29353174
1766610545305,BTCUSDT,87758.63,0.00034,buy,29353175
1766610590399,BTCUSDT,87758.14,0.00057,buy,29353176
1766610759944,BTCUSDT,87754.96,0.00011,buy,29353177
1766610799371,BTCUSDT,87650.01,5e-05,sell,29353178
1766610905285,BTCUSDT,87754.15,0.00034,buy,29353179
1766610920474,BTCUSDT,87754.09,0.00028,buy,29353180
1766611014409,BTCUSDT,87753.53,0.00262,buy,29353181
1766611970545,BTCUSDT,87661.68,0.00171,sell,29353182
1766611970545,BTCUSDT,87661.67,0.05527,sell,29353183
1766612342898,BTCUSDT,87777.77,0.0001,buy,29353184
1766612342962,BTCUSDT,87777.77,1e-05,buy,29353185
1766612342962,BTCUSDT,87778.84,2e-05,buy,29353186
1766612343119,BTCUSDT,87785.68,6e-05,buy,29353187
1766612485750,BTCUSDT,87785.68,1e-05,buy,29353188
1766612485750,BTCUSDT,87812.5,0.00028,buy,29353189
1766612491353,BTCUSDT,87677.02,0.00026,sell,29353190
1766612645385,BTCUSDT,87812.5,2e-05,buy,29353191
1766612645385,BTCUSDT,87898.46,0.00014,buy,29353192
1766612645385,BTCUSDT,87898.47,0.00098,buy,29353193
1766612658020,BTCUSDT,87785.74,0.0001,sell,29353194
1766612675354,BTCUSDT,87898.22,0.00028,buy,29353195
1766612702491,BTCUSDT,87785.68,0.00055,sell,29353196
1766612702491,BTCUSDT,87761.26,0.00036,sell,29353197
1766612805869,BTCUSDT,87691.54,0.00012,sell,29353198
1766612997792,BTCUSDT,87692.22,0.00032,sell,29353199
1766612998213,BTCUSDT,87890.33,0.00032,buy,29353200
1766613300665,BTCUSDT,87883.01,0.00022,buy,29353201
1766613379468,BTCUSDT,87881.18,0.00015,buy,29353202
1766613604978,BTCUSDT,87651.21,0.00055,sell,29353203
1766613656551,BTCUSDT,87875.07,0.00057,buy,29353204
1766613740417,BTCUSDT,87873.62,0.00023,buy,29353205
1766613905265,BTCUSDT,87870.14,2e-05,buy,29353206
1766613920470,BTCUSDT,87869.89,0.00017,buy,29353207
1766614085369,BTCUSDT,87866.55,0.00023,buy,29353208
1766614104706,BTCUSDT,87866.22,2e-05,buy,29353209
1766614192547,BTCUSDT,87866.04,0.00169,buy,29353210
1766614192740,BTCUSDT,87870.71,0.0052,buy,29353211
1766614231483,BTCUSDT,87899.73,0.00103,buy,29353212
1766614505306,BTCUSDT,87899.89,0.0017,buy,29353213
1766614505306,BTCUSDT,87899.9,0.0002,buy,29353214
1766614505306,BTCUSDT,87899.92,0.00156,buy,29353215
1766614505306,BTCUSDT,87910.85,0.00088,buy,29353216
1766614505306,BTCUSDT,87931.9,0.00134,buy,29353217
1766614507282,BTCUSDT,87690.5,0.00033,sell,29353218
1766615367622,BTCUSDT,87706.72,0.98409,sell,29353219
1766615404819,BTCUSDT,87921.99,0.01676,buy,29353220
1766615405724,BTCUSDT,87921.98,0.00029,buy,29353221
1766615405945,BTCUSDT,87921.98,0.00051,buy,29353222
1766615417742,BTCUSDT,87921.7,0.00019,buy,29353223
1766615432407,BTCUSDT,87921.32,6e-05,buy,29353224
1766615733753,BTCUSDT,87931.94,0.00011,buy,29353225
1766615831508,BTCUSDT,87931.94,0.00054,buy,29353226
1766615846880,BTCUSDT,87952.88,0.00038,buy,29353227
1766615896691,BTCUSDT,87933.06,0.0003,sell,29353228
1766615896740,BTCUSDT,88000.0,0.00459,buy,29353229
1766615896740,BTCUSDT,88011.37,0.00023,buy,29353230
1766615896740,BTCUSDT,88072.74,0.00015,buy,29353231
1766615896740,BTCUSDT,88072.79,0.00013,buy,29353232
1766615896740,BTCUSDT,88137.63,0.01535,buy,29353233
1766616311497,BTCUSDT,87927.98,0.0002,sell,29353234
1766616335280,BTCUSDT,88126.82,0.00113,buy,29353235
1766616641005,BTCUSDT,87932.69,0.0317,sell,29353236
1766616710289,BTCUSDT,88117.44,0.00028,buy,29353237
1766616914309,BTCUSDT,88110.18,0.0309,buy,29353238
1766617295350,BTCUSDT,88096.32,0.00057,buy,29353239
1766617385342,BTCUSDT,88093.19,0.00028,buy,29353240
1766617415363,BTCUSDT,88092.17,0.00057,buy,29353241
1766617524548,BTCUSDT,88084.2,0.00011,buy,29353242
1766617529146,BTCUSDT,88083.99,6e-05,buy,29353243
1766617550408,BTCUSDT,88083.23,0.00113,buy,29353244
1766617550457,BTCUSDT,88083.23,6e-05,buy,29353245
1766617550475,BTCUSDT,88083.23,0.00011,buy,29353246
1766617565371,BTCUSDT,88082.7,6e-05,buy,29353247
1766617880409,BTCUSDT,88052.08,0.00015,buy,29353248
1766617880409,BTCUSDT,88052.09,8e-05,buy,29353249
1766617880471,BTCUSDT,88052.09,4e-05,buy,29353250
1766618015273,BTCUSDT,88047.14,0.00028,buy,29353251
1766618090368,BTCUSDT,88044.22,0.00011,buy,29353252
1766618883035,BTCUSDT,87650.01,0.00036,sell,29353253
1766618884840,BTCUSDT,87650.01,9e-05,sell,29353254
1766618888920,BTCUSDT,87650.01,3e-05,sell,29353255
1766618891583,BTCUSDT,87650.01,0.00216,sell,29353256
1766618966485,BTCUSDT,87650.01,3e-05,sell,29353257
1766619063960,BTCUSDT,87858.07,0.00215,buy,29353258
1766619327788,BTCUSDT,87849.65,6e-05,buy,29353259
1766619569903,BTCUSDT,87654.92,0.00023,sell,29353260
1766619800413,BTCUSDT,87835.24,0.00028,buy,29353261
1766620079655,BTCUSDT,87826.28,0.00113,buy,29353262
1766620865882,BTCUSDT,87652.01,0.00214,sell,29353263
1766620893717,BTCUSDT,87652.01,0.00321,sell,29353264
1766620893720,BTCUSDT,87652.0,0.11172,sell,29353265
1766620893723,BTCUSDT,87652.0,0.05449,sell,29353266
1766620893943,BTCUSDT,87652.0,0.00129,sell,29353267
1766621111333,BTCUSDT,87807.46,0.00039,buy,29353268
1766621162958,BTCUSDT,87806.29,0.0024,buy,29353269
1766621564207,BTCUSDT,87652.01,0.00333,sell,29353270
1766621564207,BTCUSDT,87652.0,0.00667,sell,29353271
1766621566745,BTCUSDT,87652.0,0.01695,sell,29353272
1766621567204,BTCUSDT,87652.0,0.01038,sell,29353273
1766621568367,BTCUSDT,87652.0,0.01042,sell,29353274
1766621568367,BTCUSDT,87650.0,0.01635,sell,29353275
1766621615310,BTCUSDT,87867.5,0.00023,buy,29353276
1766621660467,BTCUSDT,87854.94,0.00011,buy,29353277
1766621907868,BTCUSDT,87846.09,0.07962,buy,29353278
1766622198016,BTCUSDT,87837.21,0.0001,buy,29353279
1766622567012,BTCUSDT,87650.0,0.0004,sell,29353280
1766622653742,BTCUSDT,87820.21,4e-05,buy,29353281
1766622664702,BTCUSDT,87650.0,0.00018,sell,29353282
1766622684153,BTCUSDT,87818.78,0.00019,buy,29353283
1766622688569,BTCUSDT,87818.57,0.00154,buy,29353284
1766622830766,BTCUSDT,87813.25,0.00795,buy,29353285
1766622891749,BTCUSDT,87811.17,0.00015,buy,29353286
1766622949847,BTCUSDT,87808.97,0.00014,buy,29353287
1766622995288,BTCUSDT,87807.23,2e-05,buy,29353288
1766623053220,BTCUSDT,87650.0,0.00353,sell,29353289
1766623063114,BTCUSDT,87650.0,0.68013,sell,29353290
1766623064546,BTCUSDT,87650.0,0.0034,sell,29353291
1766623064558,BTCUSDT,87650.0,2e-05,sell,29353292
1766623065229,BTCUSDT,87650.0,0.02206,sell,29353293
1766623071069,BTCUSDT,87650.0,0.00013,sell,29353294
1766623087688,BTCUSDT,87650.0,0.01983,sell,29353295
1766623130785,BTCUSDT,87650.0,0.00052,sell,29353296
1766623131988,BTCUSDT,87650.0,0.18458,sell,29353297
1766623133171,BTCUSDT,87650.0,0.01846,sell,29353298
1766623133773,BTCUSDT,87650.0,0.17774,sell,29353299
1766623135071,BTCUSDT,87650.0,0.02455,sell,29353300
1766623135866,BTCUSDT,87650.0,0.0336,sell,29353301
1766623136240,BTCUSDT,87650.0,0.00245,sell,29353302
1766623137381,BTCUSDT,87650.0,0.00025,sell,29353303
1766623139077,BTCUSDT,87650.0,2e-05,sell,29353304
1766623143342,BTCUSDT,87650.0,0.10832,sell,29353305
1766623144583,BTCUSDT,87650.0,0.02459,sell,29353306
1766623152124,BTCUSDT,87650.0,0.00117,sell,29353307
1766623152349,BTCUSDT,87650.0,0.03288,sell,29353308
1766623152574,BTCUSDT,87650.0,0.02612,sell,29353309
1766623188927,BTCUSDT,87795.68,0.00014,buy,29353310
1766623314288,BTCUSDT,87791.41,3e-05,buy,29353311
1766623329424,BTCUSDT,87790.99,0.00013,buy,29353312
1766623406154,BTCUSDT,87788.12,0.00116,buy,29353313
1766623433565,BTCUSDT,87787.28,6e-05,buy,29353314
1766623515772,BTCUSDT,87784.34,0.00019,buy,29353315
1766623535519,BTCUSDT,87783.66,0.00049,buy,29353316
1766623618714,BTCUSDT,87780.91,0.00012,buy,29353317
1766623733246,BTCUSDT,87776.78,9e-05,buy,29353318
1766623764405,BTCUSDT,87775.6,0.0008,buy,29353319
1766623811649,BTCUSDT,87773.83,0.00028,buy,29353320
1766623870133,BTCUSDT,87771.7,0.00039,buy,29353321
1766623960618,BTCUSDT,87768.26,0.00068,buy,29353322
1766623981527,BTCUSDT,87767.56,0.00229,buy,29353323
1766624006237,BTCUSDT,87766.53,0.00036,buy,29353324
1766624107146,BTCUSDT,87762.55,0.00039,buy,29353325
1766624124188,BTCUSDT,87762.06,0.00022,buy,29353326
1766624128753,BTCUSDT,87761.93,0.00019,buy,29353327
1766624181316,BTCUSDT,87650.0,0.00711,sell,29353328
1766624247525,BTCUSDT,87650.0,0.00063,sell,29353329
1766624252273,BTCUSDT,87757.71,0.00043,buy,29353330
1766624253125,BTCUSDT,87650.0,0.02367,sell,29353331
1766624253726,BTCUSDT,87650.0,0.04,sell,29353332
1766624254327,BTCUSDT,87650.0,0.90774,sell,29353333
1766624258267,BTCUSDT,87650.0,0.0001,sell,29353334
1766624258824,BTCUSDT,87650.0,0.2139,sell,29353335
1766624271844,BTCUSDT,87757.02,0.00117,buy,29353336
1766624275500,BTCUSDT,87756.98,0.00011,buy,29353337
1766624281390,BTCUSDT,87650.0,5e-05,sell,29353338
1766624296306,BTCUSDT,87756.45,0.0001,buy,29353339
1766624297835,BTCUSDT,87650.0,0.02668,sell,29353340
1766624323609,BTCUSDT,87755.66,0.00015,buy,29353341
1766624351110,BTCUSDT,87754.74,0.00022,buy,29353342
1766624367471,BTCUSDT,87754.21,0.00142,buy,29353343
1766624395497,BTCUSDT,87753.24,0.00021,buy,29353344
1766624410010,BTCUSDT,87752.88,0.00023,buy,29353345
1766624446629,BTCUSDT,87751.74,0.00061,buy,29353346
1766624465293,BTCUSDT,87751.18,0.00019,buy,29353347
1766624495839,BTCUSDT,87750.24,0.00221,buy,29353348
1766624499571,BTCUSDT,87750.12,0.00055,buy,29353349
1766624540442,BTCUSDT,87749.17,0.00035,buy,29353350
1766624540502,BTCUSDT,87749.17,0.00017,buy,29353351
1766624616147,BTCUSDT,87747.13,0.00017,buy,29353352
1766624642448,BTCUSDT,87746.61,4e-05,buy,29353353
1766624645388,BTCUSDT,87746.56,0.00011,buy,29353354
1766624645418,BTCUSDT,87746.56,6e-05,buy,29353355
1766624660476,BTCUSDT,87746.12,0.00028,buy,29353356
1766624705319,BTCUSDT,87744.75,0.00028,buy,29353357
1766624810494,BTCUSDT,87741.85,0.00028,buy,29353358
1766624985713,BTCUSDT,87650.0,0.00036,sell,29353359
1766624985713,BTCUSDT,87603.9,0.00048,sell,29353360
1766625031283,BTCUSDT,87604.48,5e-05,sell,29353361
1766625039813,BTCUSDT,87738.41,0.00012,buy,29353362
1766625125380,BTCUSDT,87738.35,0.00179,buy,29353363
1766625125380,BTCUSDT,87738.38,0.01234,buy,29353364
1766625125380,BTCUSDT,87738.42,0.00862,buy,29353365
1766625131156,BTCUSDT,87738.41,0.00169,buy,29353366
1766625140446,BTCUSDT,87738.41,1e-05,buy,29353367
1766625140446,BTCUSDT,87738.43,0.00019,buy,29353368
1766625140446,BTCUSDT,87739.54,8e-05,buy,29353369
1766625170409,BTCUSDT,87739.53,0.00011,buy,29353370
1766625215301,BTCUSDT,87739.53,5e-05,buy,29353371
1766625230384,BTCUSDT,87739.53,0.00011,buy,29353372
1766625275364,BTCUSDT,87739.53,6e-05,buy,29353373
1766626215974,BTCUSDT,87857.48,0.00112,buy,29353374
1766626490371,BTCUSDT,87849.37,2e-05,buy,29353375
1766626498208,BTCUSDT,87625.88,0.00021,sell,29353376
1766626580598,BTCUSDT,87846.48,0.00011,buy,29353377
1766626715362,BTCUSDT,87841.99,0.00011,buy,29353378
1766626775312,BTCUSDT,87840.23,0.00057,buy,29353379
1766626880375,BTCUSDT,87836.91,0.00023,buy,29353380
1766627011812,BTCUSDT,87833.93,0.00034,buy,29353381
1766627615296,BTCUSDT,87832.06,0.0034,buy,29353382
1766628115185,BTCUSDT,87820.11,0.00014,buy,29353383
1766628201985,BTCUSDT,87609.21,6e-05,sell,29353384
1766628320469,BTCUSDT,87813.56,0.00057,buy,29353385
1766628335310,BTCUSDT,87813.09,0.00023,buy,29353386
1766628515315,BTCUSDT,87807.22,0.00011,buy,29353387
1766628575362,BTCUSDT,87805.18,0.00011,buy,29353388
1766628710468,BTCUSDT,87801.06,0.00057,buy,29353389
1766628860415,BTCUSDT,87800.86,0.00011,buy,29353390
1766628905370,BTCUSDT,87800.84,0.00011,buy,29353391
1766629051264,BTCUSDT,87621.73,0.00056,sell,29353392
1766629370404,BTCUSDT,87799.49,0.00114,buy,29353393
1766629580394,BTCUSDT,87798.5,0.0017,buy,29353394
1766629580394,BTCUSDT,87798.51,0.02264,buy,29353395
1766629580394,BTCUSDT,87798.69,0.01337,buy,29353396
1766629580394,BTCUSDT,87798.74,0.01531,buy,29353397
1766629580394,BTCUSDT,87799.65,0.01215,buy,29353398
1766629580394,BTCUSDT,87800.6,0.04,buy,29353399
1766629580394,BTCUSDT,87855.72,0.00679,buy,29353400
1766629805393,BTCUSDT,87852.9,0.00114,buy,29353401
1766630546198,BTCUSDT,87847.37,0.00093,buy,29353402
1766630702458,BTCUSDT,87954.77,0.00069,buy,29353403
1766631635354,BTCUSDT,88072.88,0.00017,buy,29353404
1766631677774,BTCUSDT,88071.68,2e-05,buy,29353405
1766631800400,BTCUSDT,88068.34,8e-05,buy,29353406
1766631890413,BTCUSDT,88066.15,0.00028,buy,29353407
1766631935344,BTCUSDT,88065.17,0.00011,buy,29353408
1766632025377,BTCUSDT,88063.01,0.00113,buy,29353409
1766632509782,BTCUSDT,88049.59,0.00201,buy,29353410
1766633203107,BTCUSDT,88030.4,0.00056,buy,29353411
1766633497486,BTCUSDT,88021.55,0.00034,buy,29353412
1766633570419,BTCUSDT,88019.46,0.00113,buy,29353413
1766634192268,BTCUSDT,88003.92,0.00014,buy,29353414
1766634416169,BTCUSDT,87998.36,0.00048,buy,29353415
1766634485305,BTCUSDT,87996.75,0.00034,buy,29353416
1766634497682,BTCUSDT,87996.44,0.00109,buy,29353417
1766634742246,BTCUSDT,87991.37,0.00048,buy,29353418
1766635370357,BTCUSDT,87979.65,0.00034,buy,29353419
1766635370416,BTCUSDT,87979.65,0.00017,buy,29353420
1766635400415,BTCUSDT,87979.01,0.00045,buy,29353421
1766635400415,BTCUSDT,87979.02,0.00012,buy,29353422
1766635400514,BTCUSDT,87979.02,0.00057,buy,29353423
1766635445402,BTCUSDT,87978.04,2e-05,buy,29353424
1766635490312,BTCUSDT,87977.0,2e-05,buy,29353425
1766635580649,BTCUSDT,87975.11,6e-05,buy,29353426
1766635655306,BTCUSDT,87973.84,0.00057,buy,29353427
1766635715285,BTCUSDT,87972.87,0.00057,buy,29353428
1766635948813,BTCUSDT,87968.19,6e-05,buy,29353429
1766636015274,BTCUSDT,87966.82,0.00011,buy,29353430
1766636037895,BTCUSDT,87966.29,0.00011,buy,29353431
1766636045370,BTCUSDT,87966.18,0.00113,buy,29353432
1766636090409,BTCUSDT,87965.28,2e-05,buy,29353433
1766636254674,BTCUSDT,87962.19,0.00021,buy,29353434
1766636667271,BTCUSDT,87953.05,0.0733,buy,29353435
1766636667271,BTCUSDT,87953.06,0.0017,buy,29353436
1766636667271,BTCUSDT,87953.08,0.03878,buy,29353437
1766636709504,BTCUSDT,87952.85,0.04346,buy,29353438
1766636709504,BTCUSDT,87952.86,0.07031,buy,29353439
1766636749590,BTCUSDT,87952.77,0.0467,buy,29353440
1766636749590,BTCUSDT,87952.78,0.06706,buy,29353441
1766636921000,BTCUSDT,87692.1,7e-05,sell,29353442
1766636930416,BTCUSDT,87957.07,0.00044,buy,29353443
1766636930416,BTCUSDT,87957.08,0.00042,buy,29353444
1766637015429,BTCUSDT,87694.65,0.00095,sell,29353445
1766637037884,BTCUSDT,87956.02,0.00011,buy,29353446
1766637199161,BTCUSDT,87952.97,2e-05,buy,29353447
1766637843139,BTCUSDT,87940.71,0.00252,buy,29353448
1766637843139,BTCUSDT,87940.72,0.00027,buy,29353449
1766637988566,BTCUSDT,87939.54,0.01069,buy,29353450
1766638160523,BTCUSDT,87938.09,0.00011,buy,29353451
1766638665073,BTCUSDT,87935.65,0.00027,buy,29353452
1766638835362,BTCUSDT,87934.42,6e-05,buy,29353453
1766638925384,BTCUSDT,87933.89,3e-05,buy,29353454
1766638925412,BTCUSDT,87933.89,0.00017,buy,29353455
1766639090351,BTCUSDT,87932.72,0.00113,buy,29353456
1766639098098,BTCUSDT,87676.31,0.0002,sell,29353457
1766639237949,BTCUSDT,87931.46,0.00107,buy,29353458
1766639361242,BTCUSDT,87930.49,0.00048,buy,29353459
1766639465291,BTCUSDT,87929.7,6e-05,buy,29353460
1766639555387,BTCUSDT,87929.0,0.00023,buy,29353461
1766639579871,BTCUSDT,87684.61,0.00102,sell,29353462
1766639984073,BTCUSDT,87685.88,0.00052,sell,29353463
1766640162699,BTCUSDT,87688.49,0.01578,sell,29353464
1766640162926,BTCUSDT,87688.49,2e-05,sell,29353465
1766640163154,BTCUSDT,87688.49,2e-05,sell,29353466
1766640163379,BTCUSDT,87688.49,2e-05,sell,29353467
1766640163606,BTCUSDT,87688.51,2e-05,sell,29353468
1766640163833,BTCUSDT,87688.51,2e-05,sell,29353469
1766640164066,BTCUSDT,87688.52,2e-05,sell,29353470
1766640164289,BTCUSDT,87688.53,0.03156,sell,29353471
1766640440383,BTCUSDT,87838.06,0.00114,buy,29353472
1766640788505,BTCUSDT,87835.57,4e-05,buy,29353473
1766641055318,BTCUSDT,87834.4,0.00568,buy,29353474
1766641224369,BTCUSDT,87706.41,3e-05,sell,29353475
1766641550382,BTCUSDT,87831.49,0.00024,buy,29353476
1766641685342,BTCUSDT,87830.86,0.02151,buy,29353477
1766641685342,BTCUSDT,87830.87,0.0017,buy,29353478
1766641685342,BTCUSDT,87831.01,0.00292,buy,29353479
1766642510399,BTCUSDT,87827.63,0.00341,buy,29353480
1766642825379,BTCUSDT,87706.38,0.00158,sell,29353481
1766643017746,BTCUSDT,87707.45,0.01073,sell,29353482
1766643017839,BTCUSDT,87707.44,0.05084,sell,29353483
1766643025510,BTCUSDT,87707.43,0.01079,sell,29353484
1766643025633,BTCUSDT,87696.2,0.01799,sell,29353485
1766643130163,BTCUSDT,87824.33,6e-05,buy,29353486
1766643137417,BTCUSDT,87696.48,0.01173,sell,29353487
1766643137642,BTCUSDT,87696.47,0.02348,sell,29353488
1766643200357,BTCUSDT,87823.75,3e-05,buy,29353489
1766643215299,BTCUSDT,87823.62,0.00011,buy,29353490
1766643698134,BTCUSDT,87819.89,0.00256,buy,29353491
1766643809574,BTCUSDT,87819.05,5e-05,buy,29353492
1766643859208,BTCUSDT,87697.02,0.00171,sell,29353493
1766643859208,BTCUSDT,87697.01,0.00112,sell,29353494
1766645678907,BTCUSDT,87948.39,0.00057,buy,29353495
1766645764515,BTCUSDT,87947.73,0.00332,buy,29353496
1766645795359,BTCUSDT,87947.51,0.00057,buy,29353497
1766645824274,BTCUSDT,87739.41,0.0017,sell,29353498
1766645824274,BTCUSDT,87739.4,0.00162,sell,29353499
1766646064823,BTCUSDT,87745.51,0.00029,sell,29353500
1766646065369,BTCUSDT,87945.75,0.00011,buy,29353501
1766646170420,BTCUSDT,87944.97,6e-05,buy,29353502
1766646611052,BTCUSDT,87756.66,0.00048,sell,29353503
1766646695319,BTCUSDT,87938.09,0.00011,buy,29353504
1766646755349,BTCUSDT,87937.8,0.00011,buy,29353505
1766647850521,BTCUSDT,87925.98,6e-05,buy,29353506
1766648244462,BTCUSDT,87919.31,0.00034,buy,29353507
1766648307103,BTCUSDT,87783.23,6e-05,sell,29353508
1766648307103,BTCUSDT,87783.18,1e-05,sell,29353509
1766649374290,BTCUSDT,87901.51,0.0017,buy,29353510
1766649374290,BTCUSDT,87901.55,0.00201,buy,29353511
1766649740387,BTCUSDT,87935.48,0.00023,buy,29353512
1766649808997,BTCUSDT,87764.71,0.00013,sell,29353513
1766649950472,BTCUSDT,87934.08,0.00023,buy,29353514
1766649965539,BTCUSDT,87933.98,6e-05,buy,29353515
1766650021945,BTCUSDT,87769.28,0.00023,sell,29353516
1766650085369,BTCUSDT,87937.55,6e-05,buy,29353517
1766650109215,BTCUSDT,87937.55,0.00022,buy,29353518
1766650537330,BTCUSDT,87779.08,6e-05,sell,29353519
1766650544232,BTCUSDT,87779.08,0.0044,sell,29353520
1766650544282,BTCUSDT,87687.04,0.0165,sell,29353521
1766650730438,BTCUSDT,87687.0,0.00114,sell,29353522
1766650959005,BTCUSDT,87634.45,0.00113,sell,29353523
1766650960741,BTCUSDT,87634.45,1e-05,sell,29353524
1766650967847,BTCUSDT,87545.19,0.00232,sell,29353525
1766650968022,BTCUSDT,87545.19,2e-05,sell,29353526
1766650968040,BTCUSDT,87545.18,0.00013,sell,29353527
1766651028892,BTCUSDT,87444.31,0.00065,sell,29353528
1766651436157,BTCUSDT,87628.0,0.00083,sell,29353529
1766651735319,BTCUSDT,87623.28,2e-05,buy,29353530
1766652882918,BTCUSDT,87619.32,0.00171,buy,29353531
1766652882918,BTCUSDT,87619.33,0.0017,buy,29353532
1766653355407,BTCUSDT,87707.55,0.00023,buy,29353533
1766653547605,BTCUSDT,87478.72,0.00034,sell,29353534
1766654749042,BTCUSDT,87463.08,0.00112,sell,29353535
1766656139868,BTCUSDT,87461.78,4e-05,sell,29353536
1766657069941,BTCUSDT,87642.37,0.00069,buy,29353537
1766657093804,BTCUSDT,87417.94,0.0002,sell,29353538
1766657098953,BTCUSDT,87418.05,0.00068,sell,29353539
1766657150363,BTCUSDT,87640.43,0.00057,buy,29353540
1766657240817,BTCUSDT,87638.25,6e-05,buy,29353541
1766657414217,BTCUSDT,87634.65,0.00011,buy,29353542
1766657427719,BTCUSDT,87634.46,0.00011,buy,29353543
1766657450485,BTCUSDT,87634.02,0.00114,buy,29353544
1766657521688,BTCUSDT,87632.62,0.00313,buy,29353545
1766658935788,BTCUSDT,87416.88,0.00038,sell,29353546
1766658937391,BTCUSDT,87398.87,0.00013,sell,29353547
1766658937595,BTCUSDT,87398.87,2e-05,sell,29353548
1766658937816,BTCUSDT,87370.0,0.0001,sell,29353549
1766658942750,BTCUSDT,87346.14,0.00033,sell,29353550
1766659173810,BTCUSDT,87304.49,0.00115,sell,29353551
1766659173810,BTCUSDT,87304.37,0.00165,sell,29353552
1766659565342,BTCUSDT,87500.39,2e-05,buy,29353553
1766659605602,BTCUSDT,87279.26,0.0003,sell,29353554
1766659730514,BTCUSDT,87498.36,0.00033,buy,29353555
1766660288641,BTCUSDT,87297.5,8e-05,sell,29353556
1766660450482,BTCUSDT,87493.88,0.00057,buy,29353557
1766660885413,BTCUSDT,87628.88,6e-05,buy,29353558
1766660889436,BTCUSDT,87324.62,0.00022,sell,29353559
1766661077304,BTCUSDT,87335.1,0.00115,sell,29353560
1766661290389,BTCUSDT,87621.04,8e-05,buy,29353561
1766661652268,BTCUSDT,87353.11,3e-05,sell,29353562
1766662115340,BTCUSDT,87612.9,0.00057,buy,29353563
1766662160482,BTCUSDT,87612.63,0.00057,buy,29353564
1766662205911,BTCUSDT,87612.26,0.00171,buy,29353565
1766662205911,BTCUSDT,87612.27,0.00162,buy,29353566
1766663314647,BTCUSDT,87413.69,2e-05,sell,29353567
1766663825368,BTCUSDT,87604.08,0.00017,buy,29353568
1766663825368,BTCUSDT,87604.09,5e-05,buy,29353569
1766664080506,BTCUSDT,87602.54,2e-05,buy,29353570
1766664140438,BTCUSDT,87602.26,0.00028,buy,29353571
1766664275307,BTCUSDT,87601.55,0.00011,buy,29353572
1766664350445,BTCUSDT,87601.53,0.00028,buy,29353573
1766664605345,BTCUSDT,87601.07,6e-05,buy,29353574
1766664605377,BTCUSDT,87601.07,6e-05,buy,29353575
1766664680773,BTCUSDT,87600.41,0.0004,buy,29353576
1766664785395,BTCUSDT,87599.52,6e-05,buy,29353577
1766664845418,BTCUSDT,87598.94,0.00028,buy,29353578
1766664882813,BTCUSDT,87598.53,5e-05,buy,29353579
1766665029007,BTCUSDT,87453.84,2e-05,sell,29353580
1766665210295,BTCUSDT,87595.43,0.0001,buy,29353581
1766665748413,BTCUSDT,87730.21,0.00022,buy,29353582
1766666549289,BTCUSDT,87710.04,3e-05,buy,29353583
1766667342801,BTCUSDT,87476.36,6e-05,sell,29353584
1766667342801,BTCUSDT,87476.35,0.00016,sell,29353585
1766667757777,BTCUSDT,87682.23,5e-05,buy,29353586
1766667830392,BTCUSDT,87680.9,3e-05,buy,29353587
1766667830446,BTCUSDT,87680.9,0.00011,buy,29353588
1766667991049,BTCUSDT,87482.3,0.00171,sell,29353589
1766667991057,BTCUSDT,87482.29,0.06723,sell,29353590
1766667991110,BTCUSDT,87482.29,0.02746,sell,29353591
1766668025394,BTCUSDT,87618.5,0.00085,buy,29353592
1766668099400,BTCUSDT,87618.06,0.00011,buy,29353593
1766668206311,BTCUSDT,87617.32,2e-05,buy,29353594
1766668250473,BTCUSDT,87617.31,0.00114,buy,29353595
1766668400440,BTCUSDT,87616.23,0.00011,buy,29353596
1766668462649,BTCUSDT,87615.51,0.00273,buy,29353597
1766669255357,BTCUSDT,87575.37,0.00028,buy,29353598
1766669693020,BTCUSDT,87568.3,0.00114,buy,29353599
1766670123302,BTCUSDT,87561.77,0.00171,buy,29353600
1766670123302,BTCUSDT,87561.79,0.00176,buy,29353601
1766670205467,BTCUSDT,87561.48,0.00354,buy,29353602
1766670205581,BTCUSDT,87561.48,0.00367,buy,29353603
1766670205657,BTCUSDT,87561.48,0.00338,buy,29353604
1766670205657,BTCUSDT,87561.49,0.00012,buy,29353605
1766670205690,BTCUSDT,87561.49,0.00283,buy,29353606
1766670206115,BTCUSDT,87561.49,0.00436,buy,29353607
1766670206124,BTCUSDT,87561.49,0.00239,buy,29353608
1766670207439,BTCUSDT,87561.49,0.00421,buy,29353609
1766670207449,BTCUSDT,87561.49,0.00067,buy,29353610
1766670548649,BTCUSDT,87384.91,0.00457,sell,29353611
1766670591819,BTCUSDT,87385.98,0.00457,sell,29353612
1766670608469,BTCUSDT,87386.71,0.00458,sell,29353613
1766670707957,BTCUSDT,87391.23,0.00458,sell,29353614
1766670720672,BTCUSDT,87391.97,0.00458,sell,29353615
1766670735444,BTCUSDT,87392.69,0.00458,sell,29353616
1766670755381,BTCUSDT,87689.76,6e-05,buy,29353617
1766670800114,BTCUSDT,87395.67,0.00458,sell,29353618
1766670815889,BTCUSDT,87396.45,0.00458,sell,29353619
1766670918583,BTCUSDT,87401.04,0.00034,sell,29353620
1766671235377,BTCUSDT,87685.58,3e-05,buy,29353621
1766671416397,BTCUSDT,87422.72,3e-05,sell,29353622
1766671459199,BTCUSDT,87683.02,0.00034,buy,29353623
1766671494888,BTCUSDT,87682.62,2e-05,buy,29353624
1766671550350,BTCUSDT,87682.06,0.00035,buy,29353625
1766671670411,BTCUSDT,87680.94,0.00017,buy,29353626
1766671820468,BTCUSDT,87679.9,0.00057,buy,29353627
1766671895347,BTCUSDT,87679.41,6e-05,buy,29353628
1766671910473,BTCUSDT,87679.41,0.00017,buy,29353629
1766671924565,BTCUSDT,87722.69,0.00015,buy,29353630
1766671924565,BTCUSDT,87783.91,0.00019,buy,29353631
1766671955349,BTCUSDT,87783.64,0.00085,buy,29353632
1766671955407,BTCUSDT,87783.64,0.00096,buy,29353633
1766671955407,BTCUSDT,87783.65,0.00075,buy,29353634
1766672000770,BTCUSDT,87783.11,0.00012,buy,29353635
1766672030412,BTCUSDT,87699.89,6e-05,buy,29353636
1766672045623,BTCUSDT,87699.81,0.00114,buy,29353637
1766672075348,BTCUSDT,87699.66,0.00071,buy,29353638
1766672075348,BTCUSDT,87699.67,0.00712,buy,29353639
1766672075348,BTCUSDT,87700.0,0.00066,buy,29353640
1766672075348,BTCUSDT,87713.92,8e-05,buy,29353641
1766672075348,BTCUSDT,87783.91,0.01988,buy,29353642
1766672092567,BTCUSDT,87783.63,0.00016,buy,29353643
1766672375313,BTCUSDT,87779.41,0.00028,buy,29353644
1766672473337,BTCUSDT,87776.94,0.00052,buy,29353645
1766673048968,BTCUSDT,87497.41,0.00019,sell,29353646
1766673110739,BTCUSDT,87756.27,0.0011,buy,29353647
1766673470361,BTCUSDT,87752.1,6e-05,buy,29353648
1766674168463,BTCUSDT,87736.09,0.00317,buy,29353649
1766674895383,BTCUSDT,87750.77,0.00057,buy,29353650
1766674925315,BTCUSDT,87750.63,0.00057,buy,29353651
1766674940414,BTCUSDT,87750.6,0.00017,buy,29353652
1766674940446,BTCUSDT,87750.6,0.00023,buy,29353653
1766674984302,BTCUSDT,87578.59,0.00029,sell,29353654
1766675000385,BTCUSDT,87783.99,0.00098,buy,29353655
1766675000385,BTCUSDT,87784.0,0.00015,buy,29353656
1766675000385,BTCUSDT,87820.64,5e-05,buy,29353657
1766675000385,BTCUSDT,87876.87,0.02157,buy,29353658
1766675281405,BTCUSDT,87871.65,0.00114,buy,29353659
1766675439910,BTCUSDT,87869.88,0.00011,buy,29353660
1766675450418,BTCUSDT,87869.66,0.00057,buy,29353661
1766675495321,BTCUSDT,87868.73,0.00011,buy,29353662
1766675525586,BTCUSDT,87868.16,0.00057,buy,29353663
1766676158571,BTCUSDT,87861.99,0.00105,buy,29353664
1766676356991,BTCUSDT,87877.4,0.01027,buy,29353665
1766676356991,BTCUSDT,87878.09,0.00986,buy,29353666
1766676356991,BTCUSDT,87878.1,0.00025,buy,29353667
1766676357723,BTCUSDT,87931.67,0.0027,buy,29353668
1766676357723,BTCUSDT,87931.69,0.0073,buy,29353669
1766676358883,BTCUSDT,87931.94,0.00065,buy,29353670
1766676361403,BTCUSDT,87952.87,0.00351,buy,29353671
1766676361403,BTCUSDT,87952.88,0.00038,buy,29353672
1766676370757,BTCUSDT,87991.37,0.00206,buy,29353673
1766676406500,BTCUSDT,88072.61,0.00029,buy,29353674
1766676406500,BTCUSDT,88072.62,0.00019,buy,29353675
1766676406500,BTCUSDT,88072.74,0.00952,buy,29353676
1766676406688,BTCUSDT,88072.74,0.00774,buy,29353677
1766676406688,BTCUSDT,88072.79,0.00013,buy,29353678
1766676680476,BTCUSDT,88219.89,0.00045,buy,29353679
1766676786687,BTCUSDT,88217.61,3e-05,buy,29353680
1766676786687,BTCUSDT,88217.62,0.0017,buy,29353681
1766676786687,BTCUSDT,88220.28,0.01455,buy,29353682
1766676786687,BTCUSDT,88220.29,0.00441,buy,29353683
1766676786687,BTCUSDT,88222.75,0.01249,buy,29353684
1766676787595,BTCUSDT,88222.73,0.0017,buy,29353685
1766676796865,BTCUSDT,88222.72,0.0017,buy,29353686
1766676796865,BTCUSDT,88222.73,1e-05,buy,29353687
1766676921641,BTCUSDT,88176.88,0.00132,buy,29353688
1766677042714,BTCUSDT,88154.18,0.00023,buy,29353689
1766677055313,BTCUSDT,88153.97,0.00113,buy,29353690
1766677225583,BTCUSDT,88152.22,2e-05,buy,29353691
1766677225583,BTCUSDT,88152.23,5e-05,buy,29353692
1766677239097,BTCUSDT,88222.69,7e-05,buy,29353693
1766677262646,BTCUSDT,88222.53,0.00013,buy,29353694
1766677424252,BTCUSDT,88222.53,0.00125,buy,29353695
1766677424252,BTCUSDT,88222.86,0.00026,buy,29353696
1766677426015,BTCUSDT,88250.0,0.0002,buy,29353697
1766677427234,BTCUSDT,88286.25,0.00097,buy,29353698
1766677427234,BTCUSDT,88286.26,0.00031,buy,29353699
1766677427389,BTCUSDT,88312.39,7e-05,buy,29353700
1766677427389,BTCUSDT,88322.0,0.00234,buy,29353701
1766677427389,BTCUSDT,88322.0,0.00766,buy,29353702
1766677427465,BTCUSDT,88323.46,1e-05,buy,29353703
1766677427524,BTCUSDT,88333.0,2e-05,buy,29353704
1766677427750,BTCUSDT,88350.0,0.00036,buy,29353705
1766677427799,BTCUSDT,88332.99,0.02612,buy,29353706
1766677446228,BTCUSDT,88422.29,0.00065,buy,29353707
1766677454543,BTCUSDT,88449.13,0.00131,buy,29353708
1766677454543,BTCUSDT,88449.14,0.00011,buy,29353709
1766677454547,BTCUSDT,88455.17,3e-05,buy,29353710
1766677457881,BTCUSDT,88470.44,0.00036,buy,29353711
1766677458335,BTCUSDT,88470.43,0.00036,buy,29353712
1766677458335,BTCUSDT,88470.45,9e-05,buy,29353713
1766677483881,BTCUSDT,88492.17,0.00038,buy,29353714
1766677490071,BTCUSDT,88548.25,0.00697,buy,29353715
1766677490071,BTCUSDT,88548.26,0.00088,buy,29353716
1766677490071,BTCUSDT,88557.58,0.00037,buy,29353717
1766677490071,BTCUSDT,88567.44,0.00156,buy,29353718
1766677490071,BTCUSDT,88591.98,0.00282,buy,29353719
1766677490071,BTCUSDT,88591.99,0.00723,buy,29353720
1766677492321,BTCUSDT,88591.94,0.00017,buy,29353721
1766677613533,BTCUSDT,88589.18,9e-05,buy,29353722
1766677655273,BTCUSDT,88588.7,0.00056,buy,29353723
1766677752245,BTCUSDT,88412.04,0.00816,sell,29353724
1766677757938,BTCUSDT,88412.04,0.00326,sell,29353725
1766677759682,BTCUSDT,88412.04,0.00131,sell,29353726
1766677764727,BTCUSDT,88412.04,0.00052,sell,29353727
1766677769729,BTCUSDT,88412.04,0.00021,sell,29353728
1766677770180,BTCUSDT,88412.04,0.00086,sell,29353729
1766677770380,BTCUSDT,88412.04,0.00669,sell,29353730
1766677770604,BTCUSDT,88411.25,9e-05,sell,29353731
1766677940414,BTCUSDT,88582.73,0.00169,buy,29353732
1766677940414,BTCUSDT,88582.74,0.00056,buy,29353733
1766678127798,BTCUSDT,88389.53,0.00493,sell,29353734
1766678131618,BTCUSDT,88389.53,0.00197,sell,29353735
1766678134593,BTCUSDT,88389.53,0.00021,sell,29353736
1766678134679,BTCUSDT,88389.53,0.00438,sell,29353737
1766678134903,BTCUSDT,88389.51,0.003,sell,29353738
1766678139853,BTCUSDT,88300.83,0.00109,sell,29353739
1766678222015,BTCUSDT,88301.87,0.00022,sell,29353740
1766678555287,BTCUSDT,88503.5,0.00113,buy,29353741
1766678637945,BTCUSDT,88305.77,0.00604,sell,29353742
1766678640563,BTCUSDT,88305.77,0.00242,sell,29353743
1766678646093,BTCUSDT,88305.77,0.00097,sell,29353744
1766678649182,BTCUSDT,88305.78,0.00038,sell,29353745
1766678649973,BTCUSDT,88305.78,0.00038,sell,29353746
1766678736374,BTCUSDT,88273.67,0.00078,sell,29353747
1766678860760,BTCUSDT,88492.08,2e-05,buy,29353748
1766678933490,BTCUSDT,88254.57,0.00096,sell,29353749
1766678990465,BTCUSDT,88471.45,0.00028,buy,29353750
1766679266613,BTCUSDT,88452.18,0.00012,buy,29353751
1766679290665,BTCUSDT,88176.79,0.00601,sell,29353752
1766679320646,BTCUSDT,88451.49,6e-05,buy,29353753
1766679335360,BTCUSDT,88451.35,6e-05,buy,29353754
1766679342562,BTCUSDT,88178.3,0.00024,sell,29353755
1766679407588,BTCUSDT,88451.21,2e-05,buy,29353756
1766679426317,BTCUSDT,88451.21,3e-05,buy,29353757
1766679427488,BTCUSDT,88451.21,5e-05,buy,29353758
1766679705879,BTCUSDT,88450.65,0.00021,buy,29353759
1766679705879,BTCUSDT,88450.66,0.00058,buy,29353760
1766679710367,BTCUSDT,88450.63,0.00016,buy,29353761
1766679710367,BTCUSDT,88450.64,0.00238,buy,29353762
1766679710367,BTCUSDT,88450.65,0.0031,buy,29353763
1766679890471,BTCUSDT,88450.57,0.00012,buy,29353764
1766679890471,BTCUSDT,88450.58,0.00045,buy,29353765
1766679902961,BTCUSDT,88450.58,0.01026,buy,29353766
1766680073853,BTCUSDT,88578.05,9e-05,buy,29353767
1766680073853,BTCUSDT,88578.06,0.0224,buy,29353768
1766680160439,BTCUSDT,88575.97,0.00113,buy,29353769
1766680265768,BTCUSDT,88574.7,9e-05,buy,29353770
1766680615917,BTCUSDT,88277.04,0.00021,sell,29353771
1766680620805,BTCUSDT,88277.04,6e-05,sell,29353772
1766680632453,BTCUSDT,88277.04,0.00289,sell,29353773
1766680632918,BTCUSDT,88277.04,0.00377,sell,29353774
1766680632939,BTCUSDT,88277.04,0.00279,sell,29353775
1766680633828,BTCUSDT,88277.04,0.00228,sell,29353776
1766680633828,BTCUSDT,88277.01,0.0004,sell,29353777
1766680633834,BTCUSDT,88277.01,0.00059,sell,29353778
1766680633915,BTCUSDT,88277.01,0.00263,sell,29353779
1766680633941,BTCUSDT,88277.01,0.00279,sell,29353780
1766681120763,BTCUSDT,88524.79,0.00212,buy,29353781
1766681153053,BTCUSDT,88523.54,0.00225,buy,29353782
1766681336906,BTCUSDT,88250.98,0.00113,sell,29353783
1766681336906,BTCUSDT,88235.01,0.00076,sell,29353784
1766681457448,BTCUSDT,88414.28,3e-05,buy,29353785
1766681486348,BTCUSDT,88176.5,0.00052,sell,29353786
1766681486932,BTCUSDT,88176.5,0.0006,sell,29353787
1766681486932,BTCUSDT,88135.88,0.00248,sell,29353788
1766681486932,BTCUSDT,88135.88,0.00086,sell,29353789
1766681487285,BTCUSDT,88135.88,0.00172,sell,29353790
1766681642850,BTCUSDT,88286.24,0.0014,buy,29353791
1766682170514,BTCUSDT,88269.31,0.00057,buy,29353792
1766682200494,BTCUSDT,88268.92,0.00028,buy,29353793
1766682222814,BTCUSDT,88010.33,0.00053,sell,29353794
1766682242278,BTCUSDT,88000.08,0.0001,sell,29353795
1766682247676,BTCUSDT,88000.15,0.03422,sell,29353796
1766682285182,BTCUSDT,88266.09,0.00057,buy,29353797
1766682365408,BTCUSDT,88263.57,0.00113,buy,29353798
1766682470309,BTCUSDT,88261.74,0.00028,buy,29353799
1766682545273,BTCUSDT,88261.41,0.00012,buy,29353800
1766682545273,BTCUSDT,88261.42,8e-05,buy,29353801
1766682665275,BTCUSDT,88260.65,0.00011,buy,29353802
1766682815350,BTCUSDT,88258.61,6e-05,buy,29353803
1766682905381,BTCUSDT,88255.96,0.00023,buy,29353804
1766683040593,BTCUSDT,88252.24,0.00011,buy,29353805
1766683048014,BTCUSDT,88252.07,0.00012,buy,29353806
1766683700447,BTCUSDT,88099.99,0.00039,buy,29353807
1766683700447,BTCUSDT,88100.0,0.00193,buy,29353808
1766683758269,BTCUSDT,88020.0,0.00226,sell,29353809
1766684004017,BTCUSDT,88001.8,3e-05,sell,29353810
1766684365467,BTCUSDT,88004.65,0.00057,sell,29353811
1766684715765,BTCUSDT,88007.43,0.00016,sell,29353812
1766684756508,BTCUSDT,88007.76,0.02925,sell,29353813
1766684814926,BTCUSDT,88240.45,0.00289,buy,29353814
1766684922283,BTCUSDT,88239.04,5e-05,buy,29353815
1766685097046,BTCUSDT,88014.13,4e-05,sell,29353816
1766685290351,BTCUSDT,88019.95,2e-05,sell,29353817
1766685485315,BTCUSDT,88237.11,6e-05,buy,29353818
1766685530361,BTCUSDT,88236.98,0.01696,buy,29353819
1766685665341,BTCUSDT,88236.11,0.00023,buy,29353820
1766685695413,BTCUSDT,88236.11,0.00011,buy,29353821
1766685715883,BTCUSDT,88236.11,2e-05,buy,29353822
1766685725473,BTCUSDT,88236.11,0.00023,buy,29353823
1766685725515,BTCUSDT,88236.11,0.00066,buy,29353824
1766685725515,BTCUSDT,88236.92,0.00047,buy,29353825
1766685848701,BTCUSDT,88279.96,9e-05,buy,29353826
1766685848701,BTCUSDT,88279.97,0.00019,buy,29353827
1766685870381,BTCUSDT,88279.94,7e-05,buy,29353828
1766685870381,BTCUSDT,88279.95,1e-05,buy,29353829
1766685886227,BTCUSDT,88035.52,8e-05,sell,29353830
1766685936738,BTCUSDT,88280.0,0.0002,buy,29353831
1766685936738,BTCUSDT,88316.11,5e-05,buy,29353832
1766685936738,BTCUSDT,88369.17,0.00038,buy,29353833
1766685936738,BTCUSDT,88369.18,0.00957,buy,29353834
1766685936738,BTCUSDT,88369.19,0.00064,buy,29353835
1766685937188,BTCUSDT,88369.18,0.00015,buy,29353836
1766685937233,BTCUSDT,88411.26,0.00018,sell,29353837
1766685937242,BTCUSDT,88411.26,0.0008,sell,29353838
1766685937247,BTCUSDT,88411.26,0.00975,sell,29353839
1766686045239,BTCUSDT,88467.84,0.00028,buy,29353840
1766686068046,BTCUSDT,88466.84,0.00056,buy,29353841
1766686070472,BTCUSDT,88466.73,6e-05,buy,29353842
1766686100316,BTCUSDT,88465.46,3e-05,buy,29353843
1766686115312,BTCUSDT,88464.71,5e-05,buy,29353844
1766686235342,BTCUSDT,88459.27,0.00028,buy,29353845
1766686415307,BTCUSDT,88451.91,0.00011,buy,29353846
1766686445445,BTCUSDT,88451.3,0.00023,buy,29353847
1766686520473,BTCUSDT,88449.32,6e-05,buy,29353848
1766686846875,BTCUSDT,88300.4,4e-05,sell,29353849
1766686909292,BTCUSDT,88300.39,0.0019,sell,29353850
1766686938755,BTCUSDT,88300.39,0.00034,sell,29353851
1766687159950,BTCUSDT,88422.75,0.00113,buy,29353852
1766687435718,BTCUSDT,88300.39,0.00014,sell,29353853
1766687467918,BTCUSDT,88300.39,0.00028,sell,29353854
1766687561566,BTCUSDT,88346.88,0.00016,sell,29353855
1766687561575,BTCUSDT,88346.88,0.00249,sell,29353856
1766687561575,BTCUSDT,88224.76,0.00014,sell,29353857
1766687569038,BTCUSDT,88405.33,0.00227,buy,29353858
1766687634095,BTCUSDT,88403.54,0.0477,buy,29353859
1766687890154,BTCUSDT,88186.48,0.00017,sell,29353860
1766688094808,BTCUSDT,88386.82,0.00044,buy,29353861
1766688364628,BTCUSDT,88190.88,0.00333,sell,29353862
1766688601342,BTCUSDT,88385.42,0.0002,buy,29353863
1766688908076,BTCUSDT,88384.52,0.0001,buy,29353864
1766688928961,BTCUSDT,88384.12,0.0001,buy,29353865
1766688942519,BTCUSDT,88383.91,0.0001,buy,29353866
1766689184063,BTCUSDT,88203.04,0.00057,sell,29353867
1766689250387,BTCUSDT,88379.76,0.00113,buy,29353868
1766689340344,BTCUSDT,88378.46,0.00017,buy,29353869
1766689546775,BTCUSDT,88193.39,0.00011,sell,29353870
1766689646905,BTCUSDT,88193.7,5e-05,sell,29353871
1766689790393,BTCUSDT,88367.18,0.00028,buy,29353872
1766689819939,BTCUSDT,88365.94,0.00033,buy,29353873
1766690075307,BTCUSDT,88357.33,0.00028,buy,29353874
1766690092146,BTCUSDT,88356.74,0.00034,buy,29353875
1766690296479,BTCUSDT,88039.43,0.00058,sell,29353876
1766690296583,BTCUSDT,88135.07,0.00014,buy,29353877
1766692185773,BTCUSDT,88070.18,0.01543,sell,29353878
1766692390696,BTCUSDT,88267.24,0.00169,buy,29353879
1766692390696,BTCUSDT,88267.25,0.00096,buy,29353880
1766692760422,BTCUSDT,88267.16,0.00011,buy,29353881
1766692822500,BTCUSDT,88098.87,0.00212,sell,29353882
1766692835418,BTCUSDT,88267.1,0.00034,buy,29353883
1766692910397,BTCUSDT,88267.1,0.00057,buy,29353884
1766692925368,BTCUSDT,88267.1,0.00028,buy,29353885
1766693075607,BTCUSDT,88263.87,2e-05,buy,29353886
1766693159277,BTCUSDT,88260.73,0.0001,buy,29353887
1766693373887,BTCUSDT,88256.25,0.0001,buy,29353888
1766693375309,BTCUSDT,88256.23,5e-05,buy,29353889
1766693441912,BTCUSDT,88254.92,0.00011,buy,29353890
1766693450414,BTCUSDT,88254.75,8e-05,buy,29353891
1766693465312,BTCUSDT,88254.38,0.00057,buy,29353892
1766693495322,BTCUSDT,88253.61,3e-05,buy,29353893
1766693495349,BTCUSDT,88253.61,0.00011,buy,29353894
1766693615370,BTCUSDT,88251.38,6e-05,buy,29353895
1766693625792,BTCUSDT,88251.35,0.04889,buy,29353896
1766693625792,BTCUSDT,88251.36,0.00169,buy,29353897
1766693625792,BTCUSDT,88251.42,0.00343,buy,29353898
1766693625792,BTCUSDT,88251.48,0.00983,buy,29353899
1766693625792,BTCUSDT,88251.52,0.0357,buy,29353900
1766693720145,BTCUSDT,88249.92,0.00035,buy,29353901
1766693720145,BTCUSDT,88249.93,0.00057,buy,29353902
1766693728935,BTCUSDT,88249.77,0.00026,buy,29353903
1766693728935,BTCUSDT,88249.78,0.00185,buy,29353904
1766693751846,BTCUSDT,88249.6,0.0002,buy,29353905
1766693751846,BTCUSDT,88249.61,0.00037,buy,29353906
1766693858013,BTCUSDT,88249.42,0.01709,buy,29353907
1766693938935,BTCUSDT,88105.04,0.00045,sell,29353908
1766693975305,BTCUSDT,88246.56,2e-05,buy,29353909
1766694295812,BTCUSDT,88233.04,3e-05,buy,29353910
1766694295812,BTCUSDT,88233.05,8e-05,buy,29353911
1766694351210,BTCUSDT,88000.02,0.00055,sell,29353912
1766694363515,BTCUSDT,88000.0,9e-05,sell,29353913
1766694365299,BTCUSDT,88066.36,2e-05,buy,29353914
1766694365299,BTCUSDT,88230.72,4e-05,buy,29353915
1766694365522,BTCUSDT,88000.0,2e-05,sell,29353916
1766694372849,BTCUSDT,87953.0,0.00014,sell,29353917
1766694373451,BTCUSDT,87953.0,9e-05,sell,29353918
1766694373967,BTCUSDT,87953.0,0.0001,sell,29353919
1766694374506,BTCUSDT,87953.0,0.0115,sell,29353920
1766694374506,BTCUSDT,87952.88,0.00038,sell,29353921
1766694374506,BTCUSDT,87931.95,0.00225,sell,29353922
1766694374506,BTCUSDT,87931.94,0.00065,sell,29353923
1766694492406,BTCUSDT,87846.17,0.00111,sell,29353924
1766694508932,BTCUSDT,87846.33,0.00348,sell,29353925
1766694508932,BTCUSDT,87846.3,0.00652,sell,29353926
1766694510565,BTCUSDT,87846.3,0.00508,sell,29353927
1766694510565,BTCUSDT,87830.0,0.00025,sell,29353928
1766694511601,BTCUSDT,87812.5,0.0003,sell,29353929
1766694512453,BTCUSDT,87785.69,0.00858,sell,29353930
1766694513972,BTCUSDT,87785.69,0.01258,sell,29353931
1766694515433,BTCUSDT,87785.69,0.02502,sell,29353932
1766694515881,BTCUSDT,87785.69,0.01682,sell,29353933
1766694517138,BTCUSDT,87785.68,7e-05,sell,29353934
1766694788141,BTCUSDT,87608.98,0.00226,sell,29353935
1766694858870,BTCUSDT,87610.54,0.00033,sell,29353936
1766695082806,BTCUSDT,87620.79,0.00228,sell,29353937
1766695141243,BTCUSDT,87623.62,0.00097,sell,29353938
1766695179763,BTCUSDT,87932.91,8e-05,buy,29353939
1766695179763,BTCUSDT,87932.92,8e-05,buy,29353940
1766695351047,BTCUSDT,87632.64,0.00227,sell,29353941
1766695835304,BTCUSDT,87930.67,6e-05,buy,29353942
1766695835304,BTCUSDT,87930.68,0.0017,buy,29353943
1766695835304,BTCUSDT,87930.7,0.00391,buy,29353944
1766695835380,BTCUSDT,87930.7,0.00113,buy,29353945
1766695910465,BTCUSDT,87930.7,0.00071,sell,29353946
1766695939899,BTCUSDT,88027.92,0.00034,buy,29353947
1766696459920,BTCUSDT,88019.32,0.00485,buy,29353948
1766696525409,BTCUSDT,88018.17,0.00113,buy,29353949
1766696600414,BTCUSDT,88016.89,0.00113,buy,29353950
1766696615409,BTCUSDT,88016.78,0.00017,buy,29353951
1766696694376,BTCUSDT,88015.28,6e-05,buy,29353952
1766696750968,BTCUSDT,88014.96,3e-05,buy,29353953
1766696750968,BTCUSDT,88014.98,0.00031,buy,29353954
1766696795352,BTCUSDT,88013.91,3e-05,buy,29353955
1766696795352,BTCUSDT,88013.92,3e-05,buy,29353956
1766696905163,BTCUSDT,88010.57,0.00023,buy,29353957
1766696945317,BTCUSDT,88009.58,0.00034,buy,29353958
1766696990415,BTCUSDT,88009.52,0.00057,buy,29353959
1766697119609,BTCUSDT,88144.03,0.00047,buy,29353960
1766697125374,BTCUSDT,88143.91,6e-05,buy,29353961
1766697305276,BTCUSDT,88138.32,0.00034,buy,29353962
1766697320411,BTCUSDT,88137.88,0.00028,buy,29353963
1766697485340,BTCUSDT,88132.51,0.00113,buy,29353964
1766697495796,BTCUSDT,88132.15,0.00228,buy,29353965
1766697579668,BTCUSDT,87727.36,0.00013,sell,29353966
1766698580466,BTCUSDT,88103.94,0.00028,buy,29353967
1766699022612,BTCUSDT,87793.2,0.00045,sell,29353968
1766699105304,BTCUSDT,88097.08,0.0001,buy,29353969
1766699420476,BTCUSDT,88091.53,2e-05,buy,29353970
1766699428823,BTCUSDT,87806.31,0.00031,sell,29353971
1766699429456,BTCUSDT,88091.18,0.00031,buy,29353972
1766699502851,BTCUSDT,88089.15,0.00027,buy,29353973
1766699631576,BTCUSDT,88085.93,9e-05,buy,29353974
1766700058186,BTCUSDT,88073.56,0.00057,buy,29353975
1766700106063,BTCUSDT,87816.91,0.00025,sell,29353976
1766700275298,BTCUSDT,88069.59,0.00113,buy,29353977
1766700305286,BTCUSDT,88069.07,2e-05,buy,29353978
1766700342563,BTCUSDT,88067.95,2e-05,buy,29353979
1766700355013,BTCUSDT,87807.06,0.0067,sell,29353980
1766700503778,BTCUSDT,88058.47,2e-05,buy,29353981
1766700680312,BTCUSDT,88047.69,0.00057,buy,29353982
1766700692201,BTCUSDT,88047.05,0.00135,buy,29353983
1766700839904,BTCUSDT,88038.41,0.00018,buy,29353984
1766700923367,BTCUSDT,88034.15,0.00057,buy,29353985
1766701121876,BTCUSDT,88023.23,6e-05,buy,29353986
1766701520476,BTCUSDT,88002.35,0.00028,buy,29353987
1766701827821,BTCUSDT,87991.42,0.00211,buy,29353988
1766701957494,BTCUSDT,87737.15,0.0001,sell,29353989
1766701984994,BTCUSDT,87987.77,0.00244,buy,29353990
1766702170244,BTCUSDT,87985.44,0.00833,buy,29353991
1766702266802,BTCUSDT,87984.92,0.00134,buy,29353992
1766702719608,BTCUSDT,87940.76,7e-05,buy,29353993
1766702760984,BTCUSDT,87546.39,0.00021,sell,29353994
1766702816460,BTCUSDT,87839.44,0.00011,buy,29353995
1766702828275,BTCUSDT,87548.04,0.00051,sell,29353996
1766702839440,BTCUSDT,87545.18,0.00013,sell,29353997
1766702839440,BTCUSDT,87544.83,3e-05,sell,29353998
1766702850975,BTCUSDT,87520.01,0.00044,sell,29353999
1766702855082,BTCUSDT,87520.0,0.00011,sell,29354000
1766702855739,BTCUSDT,87520.0,0.00014,sell,29354001
1766702859316,BTCUSDT,87444.31,0.00064,sell,29354002
1766702859796,BTCUSDT,87444.31,1e-05,sell,29354003
1766702859796,BTCUSDT,87416.88,0.00038,sell,29354004
1766702859796,BTCUSDT,87361.63,0.00184,sell,29354005
1766702860035,BTCUSDT,87361.64,0.00019,sell,29354006
1766702861766,BTCUSDT,87361.69,0.00222,sell,29354007
1766702861982,BTCUSDT,87361.69,0.00211,sell,29354008
1766703143103,BTCUSDT,87361.69,3e-05,sell,29354009
1766703543684,BTCUSDT,87662.87,0.01911,buy,29354010
1766703543684,BTCUSDT,87662.88,0.02138,buy,29354011
1766703695276,BTCUSDT,87694.39,0.00057,buy,29354012
1766703785276,BTCUSDT,87691.11,0.00028,buy,29354013
1766703875344,BTCUSDT,87690.6,0.00114,buy,29354014
1766703905344,BTCUSDT,87690.57,0.00023,buy,29354015
1766703924909,BTCUSDT,87690.57,6e-05,buy,29354016
1766703935299,BTCUSDT,87690.57,6e-05,buy,29354017
1766703965317,BTCUSDT,87690.52,0.00114,buy,29354018
1766704280411,BTCUSDT,87695.62,4e-05,buy,29354019
1766704280752,BTCUSDT,87695.62,0.01034,buy,29354020
1766704280752,BTCUSDT,87695.64,0.00171,buy,29354021
1766704289942,BTCUSDT,87695.64,0.03829,buy,29354022
1766704355304,BTCUSDT,87784.25,0.0017,buy,29354023
1766704355304,BTCUSDT,87784.26,0.00114,buy,29354024
1766704380260,BTCUSDT,87480.81,0.00011,sell,29354025
1766704445441,BTCUSDT,87783.88,0.00011,buy,29354026
1766704490379,BTCUSDT,87783.62,0.00011,buy,29354027
1766704504358,BTCUSDT,87720.06,0.0002,sell,29354028
1766704511324,BTCUSDT,87783.48,0.0017,buy,29354029
1766704511324,BTCUSDT,87783.49,0.00398,buy,29354030
1766704512959,BTCUSDT,87685.26,0.00011,sell,29354031
1766704584479,BTCUSDT,87782.89,0.00011,buy,29354032
1766704631094,BTCUSDT,87782.54,0.00568,buy,29354033
1766704873947,BTCUSDT,87779.06,0.00012,buy,29354034
1766704880411,BTCUSDT,87778.78,6e-05,buy,29354035
1766704922534,BTCUSDT,87591.19,0.00967,sell,29354036
1766704936483,BTCUSDT,87591.19,1e-05,sell,29354037
1766704936483,BTCUSDT,87591.18,0.01206,sell,29354038
1766704936483,BTCUSDT,87555.7,0.09501,sell,29354039
1766705315283,BTCUSDT,87510.58,0.01178,sell,29354040
1766705336861,BTCUSDT,87758.82,0.00111,buy,29354041
1766705383811,BTCUSDT,87756.88,5e-05,buy,29354042
1766705405080,BTCUSDT,87500.02,0.01101,sell,29354043
1766705405080,BTCUSDT,87500.0,0.0015,sell,29354044
1766705405348,BTCUSDT,87755.69,0.00114,buy,29354045
1766705406479,BTCUSDT,87470.0,0.00114,sell,29354046
1766705408925,BTCUSDT,87464.6,0.00114,sell,29354047
1766705416502,BTCUSDT,87387.57,0.04707,sell,29354048
1766705416822,BTCUSDT,87754.88,0.02331,buy,29354049
1766705418326,BTCUSDT,87387.43,0.00273,sell,29354050
1766705419322,BTCUSDT,87383.18,0.0046,sell,29354051
1766705431700,BTCUSDT,87361.68,0.04173,sell,29354052
1766705431700,BTCUSDT,87361.64,0.03852,sell,29354053
1766705435779,BTCUSDT,87361.64,0.00351,sell,29354054
1766705595685,BTCUSDT,87275.0,0.00029,sell,29354055
1766705596694,BTCUSDT,87275.0,1e-05,sell,29354056
1766705598213,BTCUSDT,87263.0,2e-05,sell,29354057
1766705599480,BTCUSDT,87258.96,6e-05,sell,29354058
1766705628124,BTCUSDT,87258.96,1e-05,sell,29354059
1766705633159,BTCUSDT,87222.79,0.00089,sell,29354060
1766705642979,BTCUSDT,87207.52,0.00158,sell,29354061
1766705653479,BTCUSDT,87206.62,0.00115,sell,29354062
1766705760381,BTCUSDT,87180.1,0.01453,sell,29354063
1766705761460,BTCUSDT,87180.1,2e-05,sell,29354064
1766705763179,BTCUSDT,87180.1,0.00362,sell,29354065
1766705793127,BTCUSDT,87180.1,0.00092,sell,29354066
1766705797137,BTCUSDT,87180.1,0.00023,sell,29354067
1766705817774,BTCUSDT,87180.1,4e-05,sell,29354068
1766705855680,BTCUSDT,87180.1,7e-05,sell,29354069
1766705857271,BTCUSDT,87180.1,0.00037,sell,29354070
1766705857594,BTCUSDT,87180.1,0.00057,sell,29354071
1766705859996,BTCUSDT,87180.1,0.0002,sell,29354072
1766705860536,BTCUSDT,87180.1,0.00666,sell,29354073
1766705960395,BTCUSDT,87320.82,0.00114,buy,29354074
1766706018913,BTCUSDT,87318.65,0.00042,buy,29354075
1766706018913,BTCUSDT,87318.66,0.00084,buy,29354076
1766706150093,BTCUSDT,87027.95,0.00014,sell,29354077
1766706152375,BTCUSDT,87028.1,0.00011,sell,29354078
1766706186551,BTCUSDT,87028.86,0.0001,sell,29354079
1766706217759,BTCUSDT,87316.58,0.00011,buy,29354080
1766706285799,BTCUSDT,87020.76,0.00011,sell,29354081
1766706352079,BTCUSDT,87250.03,0.00011,buy,29354082
1766706418059,BTCUSDT,87020.76,0.00011,sell,29354083
1766706484370,BTCUSDT,87244.78,0.00011,buy,29354084
1766706522384,BTCUSDT,87022.5,0.00226,sell,29354085
1766706586007,BTCUSDT,87023.55,9e-05,sell,29354086
1766706713845,BTCUSDT,87241.24,0.01697,buy,29354087
1766706713845,BTCUSDT,87241.25,0.00927,buy,29354088
1766706747750,BTCUSDT,87028.44,0.00011,sell,29354089
1766706752718,BTCUSDT,87462.12,0.00017,buy,29354090
1766706815551,BTCUSDT,87460.82,0.00011,buy,29354091
1766707221200,BTCUSDT,87080.44,0.00098,sell,29354092
1766707511976,BTCUSDT,87093.22,0.0004,sell,29354093
1766707512788,BTCUSDT,87437.3,0.00039,buy,29354094
1766707583275,BTCUSDT,87434.82,8e-05,buy,29354095
1766707595780,BTCUSDT,87434.59,0.00057,buy,29354096
1766707625305,BTCUSDT,87434.01,0.00057,buy,29354097
1766707764683,BTCUSDT,87430.23,0.00057,buy,29354098
1766707802785,BTCUSDT,87103.47,0.01965,sell,29354099
1766707802888,BTCUSDT,87103.47,0.00103,sell,29354100
1766708000868,BTCUSDT,87248.85,0.00013,buy,29354101
1766708011152,BTCUSDT,87248.63,0.00011,buy,29354102
1766708048562,BTCUSDT,87248.33,0.00029,buy,29354103
1766708060389,BTCUSDT,87248.26,0.00011,buy,29354104
1766708090363,BTCUSDT,87248.04,0.00011,buy,29354105
1766708090411,BTCUSDT,87248.04,6e-05,buy,29354106
1766708160722,BTCUSDT,87247.08,0.00016,buy,29354107
1766708381147,BTCUSDT,87030.41,0.00031,sell,29354108
1766708482477,BTCUSDT,87238.53,0.00018,buy,29354109
1766708522475,BTCUSDT,87100.1,0.00036,sell,29354110
1766708545462,BTCUSDT,87237.1,0.00118,buy,29354111
1766708676416,BTCUSDT,87033.62,0.00171,sell,29354112
1766708752541,BTCUSDT,87035.83,0.0007,sell,29354113
1766708795233,BTCUSDT,87037.63,0.00012,sell,29354114
1766708911866,BTCUSDT,87041.1,0.00573,sell,29354115
1766708911996,BTCUSDT,87020.74,0.00013,sell,29354116
1766708911996,BTCUSDT,87000.01,0.00014,sell,29354117
1766709020414,BTCUSDT,87213.06,0.00057,buy,29354118
1766709121451,BTCUSDT,87002.5,0.03778,sell,29354119
1766709121570,BTCUSDT,87212.41,0.02989,buy,29354120
1766709121570,BTCUSDT,87212.42,0.00181,buy,29354121
1766709121570,BTCUSDT,87212.5,0.01101,buy,29354122
1766709121570,BTCUSDT,87212.59,0.00025,buy,29354123
1766709236826,BTCUSDT,87341.4,6e-05,buy,29354124
1766709437085,BTCUSDT,87319.19,0.00042,buy,29354125
1766709466808,BTCUSDT,87318.63,0.00045,buy,29354126
1766709518984,BTCUSDT,87316.8,0.00034,buy,29354127
1766709559618,BTCUSDT,87315.75,0.00021,buy,29354128
1766709596921,BTCUSDT,87314.54,6e-05,buy,29354129
1766709596921,BTCUSDT,87314.55,0.00174,buy,29354130
1766709720148,BTCUSDT,87309.53,0.00071,buy,29354131
1766709732591,BTCUSDT,87309.11,0.00071,buy,29354132
1766709754742,BTCUSDT,87308.17,0.00071,buy,29354133
1766709764219,BTCUSDT,87292.18,0.00072,buy,29354134
1766709766428,BTCUSDT,87292.07,0.00094,buy,29354135
1766709774749,BTCUSDT,87264.35,0.00072,buy,29354136
1766709785170,BTCUSDT,87263.63,0.00071,buy,29354137
1766709793653,BTCUSDT,87017.77,0.00018,sell,29354138
1766709793739,BTCUSDT,87017.77,0.00714,sell,29354139
1766709793987,BTCUSDT,87000.0,0.00458,sell,29354140
1766709799046,BTCUSDT,87262.83,0.00071,buy,29354141
1766709808317,BTCUSDT,87181.08,0.00071,buy,29354142
1766709820774,BTCUSDT,87180.38,3e-05,buy,29354143
1766709825714,BTCUSDT,87180.26,0.00071,buy,29354144
1766709836979,BTCUSDT,87179.84,0.00071,buy,29354145
1766709845787,BTCUSDT,87179.57,0.00015,buy,29354146
1766709931864,BTCUSDT,87176.24,4e-05,buy,29354147
1766709951902,BTCUSDT,87175.52,0.00015,buy,29354148
1766710066114,BTCUSDT,87171.79,8e-05,buy,29354149
1766710116915,BTCUSDT,87169.58,0.00019,buy,29354150
1766710187543,BTCUSDT,87167.6,8e-05,buy,29354151
1766710194282,BTCUSDT,87167.4,0.00035,buy,29354152
1766710249870,BTCUSDT,87165.88,0.00017,buy,29354153
1766710286838,BTCUSDT,87165.78,0.00018,buy,29354154
1766710385013,BTCUSDT,87296.47,0.00081,buy,29354155
1766710430497,BTCUSDT,87294.66,0.00011,buy,29354156
1766710466847,BTCUSDT,87293.47,0.00012,buy,29354157
1766710547764,BTCUSDT,87290.39,0.00037,buy,29354158
1766710565379,BTCUSDT,87289.51,0.00051,buy,29354159
1766710646015,BTCUSDT,87286.41,0.00169,buy,29354160
1766710661290,BTCUSDT,87285.86,0.00018,buy,29354161
1766710663021,BTCUSDT,87285.72,0.00032,buy,29354162
1766710699539,BTCUSDT,86968.67,0.00017,sell,29354163
1766710818442,BTCUSDT,87280.72,0.0007,buy,29354164
1766710849571,BTCUSDT,87280.17,4e-05,buy,29354165
1766710859591,BTCUSDT,87279.98,0.00152,buy,29354166
1766710862548,BTCUSDT,86974.19,0.00133,sell,29354167
1766710865392,BTCUSDT,87279.91,0.00019,buy,29354168
1766710892964,BTCUSDT,87279.82,0.00011,buy,29354169
1766710940416,BTCUSDT,87279.51,0.00017,buy,29354170
1766710940416,BTCUSDT,87279.51,0.00035,buy,29354171
1766710947601,BTCUSDT,87279.5,0.00022,buy,29354172
1766711009854,BTCUSDT,87279.5,0.00024,buy,29354173
1766711015988,BTCUSDT,87279.5,0.00017,buy,29354174
1766711028245,BTCUSDT,87279.5,0.00021,buy,29354175
1766711045353,BTCUSDT,87279.5,6e-05,buy,29354176
1766711045410,BTCUSDT,87279.5,0.00011,buy,29354177
1766711046429,BTCUSDT,87279.5,0.0007,buy,29354178
1766711102736,BTCUSDT,87279.6,0.00116,buy,29354179
1766711116572,BTCUSDT,87279.6,0.00055,buy,29354180
1766711174221,BTCUSDT,87345.71,0.00121,buy,29354181
1766711176822,BTCUSDT,87345.71,0.0004,buy,29354182
1766711192293,BTCUSDT,87345.65,0.00065,buy,29354183
1766711280720,BTCUSDT,87345.4,9e-05,buy,29354184
1766711291801,BTCUSDT,87345.35,0.00019,buy,29354185
1766711381455,BTCUSDT,87344.73,0.00109,buy,29354186
1766711383633,BTCUSDT,87344.73,9e-05,buy,29354187
1766711421203,BTCUSDT,87344.51,0.00017,buy,29354188
1766711510411,BTCUSDT,87345.97,0.0012,buy,29354189
1766711612690,BTCUSDT,87345.84,0.00022,buy,29354190
1766711615343,BTCUSDT,87345.83,5e-05,buy,29354191
1766711675351,BTCUSDT,87345.54,6e-05,buy,29354192
1766711745365,BTCUSDT,87154.09,5e-05,sell,29354193
1766711745365,BTCUSDT,87154.08,6e-05,sell,29354194
1766712196767,BTCUSDT,87345.79,0.00011,buy,29354195
1766712755408,BTCUSDT,87346.0,0.00539,buy,29354196
1766712755408,BTCUSDT,87464.85,0.00032,buy,29354197
1766713034043,BTCUSDT,87461.61,2e-05,buy,29354198
1766713227483,BTCUSDT,87200.96,0.00011,sell,29354199
1766713697196,BTCUSDT,87457.45,0.00104,buy,29354200
1766713697196,BTCUSDT,87457.68,0.00157,buy,29354201
1766713697313,BTCUSDT,87457.68,0.00347,buy,29354202
1766713697351,BTCUSDT,87457.68,0.0023,buy,29354203
1766714256850,BTCUSDT,87464.99,5e-05,buy,29354204
1766714435346,BTCUSDT,87464.9,0.00074,buy,29354205
1766714512194,BTCUSDT,87464.95,0.00014,buy,29354206
1766714525410,BTCUSDT,87464.95,0.00057,buy,29354207
1766714579939,BTCUSDT,87465.0,0.00025,buy,29354208
1766714735342,BTCUSDT,87528.76,6e-05,buy,29354209
1766714735342,BTCUSDT,87528.77,0.00017,buy,29354210
1766714840441,BTCUSDT,87529.0,0.00025,buy,29354211
1766714840441,BTCUSDT,87536.17,3e-05,buy,29354212
1766714840485,BTCUSDT,87545.15,0.00023,buy,29354213
1766714915350,BTCUSDT,87545.11,4e-05,buy,29354214
1766714915350,BTCUSDT,87545.12,7e-05,buy,29354215
1766714975313,BTCUSDT,87545.18,0.00011,buy,29354216
1766714988838,BTCUSDT,87545.18,2e-05,buy,29354217
1766715020519,BTCUSDT,87642.61,0.00028,buy,29354218
1766715050437,BTCUSDT,87642.27,0.00171,buy,29354219
1766715165266,BTCUSDT,87641.36,0.00275,buy,29354220
1766715165434,BTCUSDT,87641.36,0.00304,buy,29354221
1766715166882,BTCUSDT,87641.36,0.01066,buy,29354222
1766715166882,BTCUSDT,87641.4,0.01613,buy,29354223
1766715167143,BTCUSDT,87643.05,0.00243,buy,29354224
1766715167171,BTCUSDT,87643.05,0.00438,buy,29354225
1766715167532,BTCUSDT,87643.05,0.0025,buy,29354226
1766715167555,BTCUSDT,87643.05,0.00079,buy,29354227
1766715231272,BTCUSDT,87774.59,0.00034,buy,29354228
1766715232278,BTCUSDT,87775.0,0.0002,buy,29354229
1766715233285,BTCUSDT,87778.84,2e-05,buy,29354230
1766715234308,BTCUSDT,87785.68,6e-05,buy,29354231
1766715238830,BTCUSDT,87785.68,1e-05,buy,29354232
1766715239837,BTCUSDT,87812.49,0.00105,buy,29354233
1766715240368,BTCUSDT,87537.84,0.00056,sell,29354234
1766715244279,BTCUSDT,87812.5,0.00029,buy,29354235
1766715245286,BTCUSDT,87812.5,1e-05,buy,29354236
1766715256171,BTCUSDT,87891.18,0.00036,buy,29354237
1766715256171,BTCUSDT,87891.19,0.00392,buy,29354238
1766715260410,BTCUSDT,87891.23,5e-05,buy,29354239
1766715260410,BTCUSDT,87931.94,6e-05,buy,29354240
1766715264056,BTCUSDT,87604.87,0.00019,buy,29354241
1766715277279,BTCUSDT,87931.94,0.00059,buy,29354242
1766715280582,BTCUSDT,87952.88,0.00038,buy,29354243
1766715281153,BTCUSDT,87981.0,0.00025,buy,29354244
1766715281173,BTCUSDT,88000.0,0.00459,buy,29354245
1766715291261,BTCUSDT,88072.78,0.03169,buy,29354246
1766715291501,BTCUSDT,88072.79,0.00013,buy,29354247
1766715302479,BTCUSDT,88219.65,0.00847,buy,29354248
1766715305314,BTCUSDT,88312.38,0.00011,buy,29354249
1766715309305,BTCUSDT,88312.38,6e-05,buy,29354250
1766715309305,BTCUSDT,88312.39,7e-05,buy,29354251
1766715312130,BTCUSDT,88350.0,0.0003,buy,29354252
1766715313986,BTCUSDT,88422.28,0.00137,buy,29354253
1766715313986,BTCUSDT,88422.29,0.00065,buy,29354254
1766715313986,BTCUSDT,88435.06,0.00857,buy,29354255
1766715314419,BTCUSDT,88449.14,0.00011,buy,29354256
1766715314419,BTCUSDT,88452.0,0.02747,buy,29354257
1766715335405,BTCUSDT,88455.17,3e-05,buy,29354258
1766715335405,BTCUSDT,88482.23,0.00054,buy,29354259
1766715361036,BTCUSDT,88482.04,0.00018,buy,29354260
1766715362444,BTCUSDT,88492.17,0.00038,buy,29354261
1766715363813,BTCUSDT,88500.0,0.0015,buy,29354262
1766715422710,BTCUSDT,88548.13,0.00069,buy,29354263
1766715423656,BTCUSDT,88548.25,0.00582,buy,29354264
1766715423656,BTCUSDT,88548.26,0.00088,buy,29354265
1766715423717,BTCUSDT,88567.44,0.00156,buy,29354266
1766715535276,BTCUSDT,88603.4,3e-05,buy,29354267
1766715558854,BTCUSDT,88603.57,0.00012,buy,29354268
1766715609571,BTCUSDT,88664.38,0.00025,buy,29354269
1766715610127,BTCUSDT,88664.38,1e-05,buy,29354270
1766715610641,BTCUSDT,88685.23,0.00123,buy,29354271
1766715610641,BTCUSDT,88686.0,0.00025,buy,29354272
1766715611648,BTCUSDT,88710.6,0.00152,buy,29354273
1766715612655,BTCUSDT,88729.6,0.0003,buy,29354274
1766715616765,BTCUSDT,88829.83,0.00084,buy,29354275
1766715616765,BTCUSDT,88839.1,7e-05,buy,29354276
1766715616765,BTCUSDT,88887.5,0.0003,buy,29354277
1766715616765,BTCUSDT,88896.99,0.00011,buy,29354278
1766715616765,BTCUSDT,88897.0,0.0577,buy,29354279
1766715616788,BTCUSDT,88897.0,0.0517,buy,29354280
1766715617570,BTCUSDT,88897.0,0.05843,buy,29354281
1766715617605,BTCUSDT,88897.0,0.03252,buy,29354282
1766715617605,BTCUSDT,88900.57,0.00011,buy,29354283
1766715617605,BTCUSDT,88902.65,0.00031,buy,29354284
1766715619780,BTCUSDT,88912.34,5e-05,buy,29354285
1766715619780,BTCUSDT,88915.38,0.00064,buy,29354286
1766715627070,BTCUSDT,89000.0,0.00454,buy,29354287
1766715683351,BTCUSDT,88733.24,0.00028,sell,29354288
1766715687165,BTCUSDT,89034.76,0.00038,buy,29354289
1766715904036,BTCUSDT,89108.11,0.00011,buy,29354290
1766715904616,BTCUSDT,88745.32,0.00325,sell,29354291
1766715905701,BTCUSDT,89108.11,0.00014,buy,29354292
1766715906166,BTCUSDT,89108.11,1e-05,buy,29354293
1766715906166,BTCUSDT,89123.45,0.01639,buy,29354294
1766715906219,BTCUSDT,89127.85,0.00071,buy,29354295
1766715906999,BTCUSDT,89137.55,0.00012,buy,29354296
1766715908923,BTCUSDT,89168.43,0.00258,buy,29354297
1766715908923,BTCUSDT,89168.44,0.00052,buy,29354298
1766715910151,BTCUSDT,89175.17,0.00029,buy,29354299
1766715910165,BTCUSDT,89180.0,0.00098,buy,29354300
1766715910165,BTCUSDT,89190.29,0.00088,buy,29354301
1766715910761,BTCUSDT,88874.41,0.0025,sell,29354302
1766715911718,BTCUSDT,88874.43,0.00386,sell,29354303
1766715921966,BTCUSDT,89218.09,0.0477,buy,29354304
1766715924127,BTCUSDT,89240.04,0.00156,buy,29354305
1766715970322,BTCUSDT,88888.88,0.0001,sell,29354306
1766716037241,BTCUSDT,88892.53,0.00125,sell,29354307
1766716317233,BTCUSDT,89262.55,0.00285,buy,29354308
1766716317233,BTCUSDT,89262.56,0.00038,buy,29354309
1766716329717,BTCUSDT,89337.52,0.00189,buy,29354310
1766716330380,BTCUSDT,89346.25,0.0013,buy,29354311
1766716331145,BTCUSDT,89354.31,0.00011,buy,29354312
1766716331446,BTCUSDT,89365.52,3e-05,buy,29354313
1766716331446,BTCUSDT,89365.82,7e-05,buy,29354314
1766716365901,BTCUSDT,89410.9,0.01677,buy,29354315
1766716386093,BTCUSDT,89066.9,0.0001,sell,29354316
1766716506382,BTCUSDT,89071.33,0.0345,sell,29354317
1766716506747,BTCUSDT,89400.73,0.03386,buy,29354318
1766716535362,BTCUSDT,89400.48,2e-05,buy,29354319
1766716732933,BTCUSDT,89166.25,0.00711,sell,29354320
1766716732933,BTCUSDT,89166.24,0.00788,sell,29354321
1766716732933,BTCUSDT,89166.16,0.0082,sell,29354322
1766716771844,BTCUSDT,89023.11,0.00114,sell,29354323
1766716793330,BTCUSDT,89023.61,0.00224,sell,29354324
1766716809624,BTCUSDT,89024.18,0.03095,sell,29354325
1766716813882,BTCUSDT,89123.45,2e-05,buy,29354326
1766716827108,BTCUSDT,89199.8,0.00167,buy,29354327
1766716972620,BTCUSDT,89200.0,2e-05,buy,29354328
1766717106373,BTCUSDT,89234.56,2e-05,buy,29354329
1766717146150,BTCUSDT,89299.98,0.00895,buy,29354330
1766717495370,BTCUSDT,89293.89,0.00112,buy,29354331
1766717802059,BTCUSDT,89067.57,0.00128,sell,29354332
1766717840409,BTCUSDT,89299.71,0.00224,buy,29354333
1766717940773,BTCUSDT,89298.16,7e-05,buy,29354334
1766717975342,BTCUSDT,89297.73,0.00028,buy,29354335
1766718074888,BTCUSDT,89297.15,2e-05,buy,29354336
1766718110951,BTCUSDT,89297.1,4e-05,buy,29354337
1766718200515,BTCUSDT,89296.85,8e-05,buy,29354338
1766718290413,BTCUSDT,89293.9,0.00028,buy,29354339
1766718320407,BTCUSDT,89292.76,0.00011,buy,29354340
1766718395358,BTCUSDT,89291.69,0.00028,buy,29354341
1766718410467,BTCUSDT,89291.33,0.00112,buy,29354342
1766718545397,BTCUSDT,89288.85,0.00112,buy,29354343
1766718665384,BTCUSDT,89287.88,0.00559,buy,29354344
1766718665416,BTCUSDT,89287.88,0.00056,buy,29354345
1766718681833,BTCUSDT,89287.79,0.00011,buy,29354346
1766718767793,BTCUSDT,89287.6,0.00013,buy,29354347
1766718770476,BTCUSDT,89287.6,0.00112,buy,29354348
1766718834940,BTCUSDT,89081.49,0.02175,sell,29354349
1766718835168,BTCUSDT,89081.41,0.02082,sell,29354350
1766718943991,BTCUSDT,88979.23,0.00013,sell,29354351
1766718976751,BTCUSDT,88945.07,0.00224,sell,29354352
1766719105915,BTCUSDT,88900.59,0.00386,sell,29354353
1766719106142,BTCUSDT,88900.57,0.00011,sell,29354354
1766719114098,BTCUSDT,88900.0,0.0026,sell,29354355
1766719141479,BTCUSDT,88870.0,0.00014,sell,29354356
1766719158802,BTCUSDT,88870.0,1e-05,sell,29354357
1766719158802,BTCUSDT,88839.1,7e-05,sell,29354358
1766719158802,BTCUSDT,88813.35,0.00026,sell,29354359
1766719158860,BTCUSDT,88813.35,0.00224,sell,29354360
1766720179686,BTCUSDT,88976.48,6e-05,buy,29354361
1766720239759,BTCUSDT,88974.47,0.00033,buy,29354362
1766720258673,BTCUSDT,88973.74,0.00028,buy,29354363
1766720404345,BTCUSDT,88967.68,7e-05,buy,29354364
1766720570470,BTCUSDT,88960.29,0.00026,buy,29354365
1766720735315,BTCUSDT,88952.89,0.00029,buy,29354366
1766721005197,BTCUSDT,88950.01,6e-05,buy,29354367
1766721245371,BTCUSDT,88946.76,0.00011,buy,29354368
1766721276512,BTCUSDT,88945.9,0.13016,buy,29354369
1766721276512,BTCUSDT,88945.91,0.02933,buy,29354370
1766721276512,BTCUSDT,88945.92,0.12947,buy,29354371
1766721276512,BTCUSDT,88945.94,0.00168,buy,29354372
1766721276512,BTCUSDT,88946.72,0.00493,buy,29354373
1766721276512,BTCUSDT,88946.73,0.01126,buy,29354374
1766721276522,BTCUSDT,88946.76,0.00061,sell,29354375
1766721276522,BTCUSDT,88946.76,0.05792,sell,29354376
1766721276523,BTCUSDT,88946.76,0.00232,sell,29354377
1766721276523,BTCUSDT,88946.76,0.03508,sell,29354378
1766721276543,BTCUSDT,88946.76,0.08786,sell,29354379
1766721276649,BTCUSDT,88946.76,0.03486,sell,29354380
1766721276656,BTCUSDT,88946.76,0.00126,sell,29354381
1766721276872,BTCUSDT,88946.76,0.01273,sell,29354382
1766721277063,BTCUSDT,88946.76,0.0042,sell,29354383
1766721277063,BTCUSDT,88946.76,0.01158,sell,29354384
